"evaluation_tier","record_identifier","source_file","assertion_id","domain","official_source_locator","official_expected_value","expected_mapped_meaning","baseline_import_status","stored_database_value","api_observation","classification","eligible_for_semantic_denominator","rationale"
"detailed_fidelity","CNW 417","dcm-catalogue-data/cnw/data-cnw/712a43e2-d3d6-463a-88fa-0b7e88e4dbf8.xml","417-01","work_identity","count(//mei:work); (//mei:work)[1]/mei:identifier[1]","{""identifier"":{""type"":""CNW"",""value"":""417""},""work_count"":1}","Represent the official work as one stored work and retain its direct CNW identifier.","success with warning; ImportLog=success; warnings=no_movements,no_source_references,no_performance_information,no_external_references","{""catalogue_identifiers"":[{""type"":""CNW"",""value"":""417""}],""title"":""Duet"",""work_id"":21}","{""database_equality"":true,""detail_http_status"":200,""exposed"":{""catalogue_identifiers"":[{""type"":""CNW"",""value"":""417""}],""id"":21,""source_identifier"":""work_d1e191187"",""title"":""Duet""},""index_present"":true}","preserved","true","One work row remains and the asserted CNW identifier type/value is stored. The API detail exposes the same database identifier inventory. Limited API equality with the canonical database does not by itself establish official-source fidelity or usability."
"detailed_fidelity","CNW 417","dcm-catalogue-data/cnw/data-cnw/712a43e2-d3d6-463a-88fa-0b7e88e4dbf8.xml","417-02","responsibility","(//mei:work)[1]/mei:contributor//mei:persName","[{""name"":""Carl Nielsen"",""role"":""composer""}]","Retain the asserted contributor identities together with their catalogue roles.","success with warning; ImportLog=success; warnings=no_movements,no_source_references,no_performance_information,no_external_references","{""composer_name"":""Niels Bo Foltmann"",""other_contributor_rows"":[]}","{""database_equality"":true,""detail_http_status"":200,""exposed"":{""composer"":{""id"":1,""name"":""Niels Bo Foltmann""},""contributor_roles"":[]},""index_present"":true}","incorrect","true","The stored composer is Niels Bo Foltmann, not the asserted Carl Nielsen contributor; additional asserted roles and people are absent. The API repeats this contradictory composer value, so the compound responsibility meaning is incorrect rather than merely incomplete. Limited API equality with the canonical database does not by itself establish official-source fidelity or usability."
"detailed_fidelity","CNW 417","dcm-catalogue-data/cnw/data-cnw/712a43e2-d3d6-463a-88fa-0b7e88e4dbf8.xml","417-03","catalogue_identifier","(//mei:work)[1]/mei:identifier","[{""type"":""CNW"",""value"":""417""}]","Retain the asserted identifier types and values without conflating types; preserve source order where the assertion requires it.","success with warning; ImportLog=success; warnings=no_movements,no_source_references,no_performance_information,no_external_references","{""catalogue_number"":""417"",""ordering_basis"":""database primary-key ascending; importer creates rows sequentially, but no explicit source-position column exists"",""rows"":[{""database_id"":67,""type"":""CNW"",""value"":""417""}]}","{""database_equality"":true,""detail_http_status"":200,""exposed"":{""catalogue_identifiers"":[{""type"":""CNW"",""value"":""417""}],""catalogue_number"":""417""},""index_present"":true}","preserved","true","The asserted identifier types and values are all present in the database and API detail. No material identifier meaning in this assertion is lost. Limited API equality with the canonical database does not by itself establish official-source fidelity or usability."
"detailed_fidelity","CNW 417","dcm-catalogue-data/cnw/data-cnw/712a43e2-d3d6-463a-88fa-0b7e88e4dbf8.xml","417-04","title","(//mei:work)[1]/mei:title","{""count"":4,""titles"":[{""language"":""da"",""text"":""Duet"",""type"":""""},{""language"":""en"",""text"":""Duet"",""type"":""""},{""language"":""da"",""text"":""for to damestemmer med klaverledsagelse"",""type"":""subordinate""},{""language"":""en"",""text"":""for two women's voices with piano accompaniment"",""type"":""subordinate""}]}","Retain the asserted title texts, types, languages, count, and selected display-title meaning.","success with warning; ImportLog=success; warnings=no_movements,no_source_references,no_performance_information,no_external_references","{""alternate_title_rows"":[],""stored_title"":""Duet"",""title_language_or_type_fields"":[]}","{""database_equality"":true,""detail_http_status"":200,""exposed"":{""alternate_titles"":[],""title"":""Duet"",""title_language_or_type_fields"":[]},""index_present"":true}","omitted","true","The selected Danish title is retained, but the other asserted titles and their language/type distinctions are not stored or exposed. Because the retained title does not contradict the source, the compound assertion is omitted. Limited API equality with the canonical database does not by itself establish official-source fidelity or usability."
"detailed_fidelity","CNW 417","dcm-catalogue-data/cnw/data-cnw/712a43e2-d3d6-463a-88fa-0b7e88e4dbf8.xml","417-05","title","(//mei:work)[1]/mei:title","{""languages"":[""da"",""en"",""da"",""en""],""subordinate_count"":2}","Retain the asserted title texts, types, languages, count, and selected display-title meaning.","success with warning; ImportLog=success; warnings=no_movements,no_source_references,no_performance_information,no_external_references","{""alternate_title_rows"":[],""stored_title"":""Duet"",""title_language_or_type_fields"":[]}","{""database_equality"":true,""detail_http_status"":200,""exposed"":{""alternate_titles"":[],""title"":""Duet"",""title_language_or_type_fields"":[]},""index_present"":true}","omitted","true","Title-language and title-type metadata are not represented in the database or API. Any retained display title does not preserve the asserted multilingual/type structure, so the missing non-contradictory information is omitted. Limited API equality with the canonical database does not by itself establish official-source fidelity or usability."
"detailed_fidelity","CNW 417","dcm-catalogue-data/cnw/data-cnw/712a43e2-d3d6-463a-88fa-0b7e88e4dbf8.xml","417-06","composition_date","(//mei:work)[1]/mei:creation/mei:date","{""creation_text"":""1889-02-04"",""date"":{""id"":""idm52"",""isodate"":""1889-02-04"",""text"":""1889-02-04""}}","Retain the asserted date text, exact value or bounds, precision, and uncertainty rather than only an undifferentiated year.","success with warning; ImportLog=success; warnings=no_movements,no_source_references,no_performance_information,no_external_references","{""composition_date"":""1889-02-04"",""composition_year"":1889,""structured_bounds_or_uncertainty_fields"":[]}","{""database_equality"":true,""detail_http_status"":200,""exposed"":{""composition_date"":""1889-02-04"",""composition_year"":1889},""index_present"":true}","transformed as intended","true","The exact official date text is retained as composition_date and a defensible integer year is derived. The API exposes the same normalized pair, retaining the complete asserted date meaning through the model transformation. Limited API equality with the canonical database does not by itself establish official-source fidelity or usability."
"detailed_fidelity","CNW 417","dcm-catalogue-data/cnw/data-cnw/712a43e2-d3d6-463a-88fa-0b7e88e4dbf8.xml","417-07","component_structure","count((//mei:work)[1]//mei:expression); count((//mei:work)[1]//mei:componentList)","{""component_lists"":0,""expressions"":1}","Represent the asserted expression/component hierarchy and representative component values without assuming every expression is a musical movement.","success with warning; ImportLog=success; warnings=no_movements,no_source_references,no_performance_information,no_external_references","{""expression_or_component_rows"":[],""movement_count"":0,""movement_rows"":[]}","{""database_equality"":true,""detail_http_status"":200,""exposed"":{""expression_or_component_fields"":[],""movements"":[]},""index_present"":true}","omitted","true","The importer does not map MEI expression/component structures to the baseline model; zero movement rows do not represent the asserted hierarchy or values. The source structure is therefore omitted, and no claim is made that each expression is a musical movement. Limited API equality with the canonical database does not by itself establish official-source fidelity or usability."
"detailed_fidelity","CNW 417","dcm-catalogue-data/cnw/data-cnw/712a43e2-d3d6-463a-88fa-0b7e88e4dbf8.xml","417-08","instrumentation","count((//mei:work)[1]//mei:perfRes[normalize-space()])","{""populated_resources"":2}","Retain the asserted performance-resource count plus representative names, codes, counts, grouping, and solo attributes.","success with warning; ImportLog=success; warnings=no_movements,no_source_references,no_performance_information,no_external_references","{""codedval_or_solo_fields"":[],""instrumentation_count"":2,""rows"":[{""name"":""2 voices"",""section"":""perfResList""},{""name"":""1 pf."",""section"":""perfResList""}]}","{""database_equality"":true,""detail_http_status"":200,""exposed"":{""instrumentation"":[""1 pf."",""2 voices""],""instrumentation_sections_or_attributes"":[]},""index_present"":true}","preserved","true","Two populated source resources become two instrumentation rows, so the asserted resource count is retained. API instrumentation names agree with the canonical database state. Limited API equality with the canonical database does not by itself establish official-source fidelity or usability."
"detailed_fidelity","CNW 417","dcm-catalogue-data/cnw/data-cnw/712a43e2-d3d6-463a-88fa-0b7e88e4dbf8.xml","417-09","instrumentation","(//mei:work)[1]//mei:perfRes[normalize-space()][normalize-space(.)='voices']","{""codedval"":""vu"",""count"":""2"",""name"":""voices"",""solo"":""false""}","Retain the asserted performance-resource count plus representative names, codes, counts, grouping, and solo attributes.","success with warning; ImportLog=success; warnings=no_movements,no_source_references,no_performance_information,no_external_references","{""codedval_or_solo_fields"":[],""instrumentation_count"":2,""rows"":[{""name"":""2 voices"",""section"":""perfResList""},{""name"":""1 pf."",""section"":""perfResList""}]}","{""database_equality"":true,""detail_http_status"":200,""exposed"":{""instrumentation"":[""1 pf."",""2 voices""],""instrumentation_sections_or_attributes"":[]},""index_present"":true}","omitted","true","The resource name and count are combined into an instrumentation name, but codedval and solo attributes are absent. Because material non-contradictory parts of the compound assertion are missing, it is omitted. Limited API equality with the canonical database does not by itself establish official-source fidelity or usability."
"detailed_fidelity","CNW 417","dcm-catalogue-data/cnw/data-cnw/712a43e2-d3d6-463a-88fa-0b7e88e4dbf8.xml","417-10","instrumentation","(//mei:work)[1]//mei:perfRes[normalize-space()][normalize-space(.)='pf.']","{""codedval"":""ka"",""count"":""1"",""name"":""pf."",""solo"":""false""}","Retain the asserted performance-resource count plus representative names, codes, counts, grouping, and solo attributes.","success with warning; ImportLog=success; warnings=no_movements,no_source_references,no_performance_information,no_external_references","{""codedval_or_solo_fields"":[],""instrumentation_count"":2,""rows"":[{""name"":""2 voices"",""section"":""perfResList""},{""name"":""1 pf."",""section"":""perfResList""}]}","{""database_equality"":true,""detail_http_status"":200,""exposed"":{""instrumentation"":[""1 pf."",""2 voices""],""instrumentation_sections_or_attributes"":[]},""index_present"":true}","omitted","true","The resource name and count are combined into an instrumentation name, but codedval and solo attributes are absent. Because material non-contradictory parts of the compound assertion are missing, it is omitted. Limited API equality with the canonical database does not by itself establish official-source fidelity or usability."
"detailed_fidelity","CNW 417","dcm-catalogue-data/cnw/data-cnw/712a43e2-d3d6-463a-88fa-0b7e88e4dbf8.xml","417-11","source_description","count(//mei:manifestation); count(//mei:manifestation//mei:item)","{""held_items"":0,""manifestations"":0}","Represent the asserted manifestations, held items, repositories, locations, and hand information in the intended source-reference domain.","success with warning; ImportLog=success; warnings=no_movements,no_source_references,no_performance_information,no_external_references","{""rows"":[],""source_reference_count"":0}","{""database_equality"":true,""detail_http_status"":200,""exposed"":{""sources"":[]},""index_present"":true}","preserved","true","The official source has no manifestations or held items and the intended source-reference domain is empty in both database and API, preserving the asserted absence. Limited API equality with the canonical database does not by itself establish official-source fidelity or usability."
"detailed_fidelity","CNW 417","dcm-catalogue-data/cnw/data-cnw/712a43e2-d3d6-463a-88fa-0b7e88e4dbf8.xml","417-12","performance_and_relation_absence","count((//mei:work)[1]//mei:event); count((//mei:work)[1]//mei:relation[@target] | (//mei:work)[1]//mei:ref[@target] | (//mei:work)[1]//mei:ptr[@target])","{""events"":0,""relation_ref_ptr_targets"":0}","Preserve the asserted absence of performance events and target-bearing relation/ref/ptr structures.","success with warning; ImportLog=success; warnings=no_movements,no_source_references,no_performance_information,no_external_references","{""external_reference_count"":0,""performance_count"":0}","{""database_equality"":true,""detail_http_status"":200,""exposed"":{""external_reference_count"":0,""performance_count"":0},""index_present"":true}","preserved","true","Both asserted absences are retained: the database has zero performance rows and zero external-reference rows, and the API exposes the same empty arrays. Limited API equality with the canonical database does not by itself establish official-source fidelity or usability."
"detailed_fidelity","CNW 277","dcm-catalogue-data/cnw/data-cnw/cnw0277.xml","277-01","work_identity","count(//mei:work); (//mei:work)[1]/mei:identifier[1]","{""identifier"":{""type"":""CNW"",""value"":""277""},""work_count"":1}","Represent the official work as one stored work and retain its direct CNW identifier.","success with warning; ImportLog=success; warnings=no_movements,no_source_references,no_performance_information","{""catalogue_identifiers"":[{""type"":""CNW"",""value"":""277""},{""type"":""CNU"",""value"":""III/5, 215""},{""type"":""CNS"",""value"":""226""},{""type"":""FS"",""value"":""3q""}],""title"":""Se! Luften er stille"",""work_id"":308}","{""database_equality"":true,""detail_http_status"":200,""exposed"":{""catalogue_identifiers"":[{""type"":""CNW"",""value"":""277""},{""type"":""CNU"",""value"":""III/5, 215""},{""type"":""CNS"",""value"":""226""},{""type"":""FS"",""value"":""3q""}],""id"":308,""source_identifier"":""work_d1e191187"",""title"":""Se! Luften er stille""},""index_present"":true}","preserved","true","One work row remains and the asserted CNW identifier type/value is stored. The API detail exposes the same database identifier inventory. Limited API equality with the canonical database does not by itself establish official-source fidelity or usability."
"detailed_fidelity","CNW 277","dcm-catalogue-data/cnw/data-cnw/cnw0277.xml","277-02","responsibility","(//mei:work)[1]/mei:contributor//mei:persName","[{""name"":""Carl Nielsen"",""role"":""composer""},{""name"":""Jeremiah Joseph Callanan"",""role"":""author""},{""name"":""Caralis [Christian Preetzmann]"",""role"":""translator""}]","Retain the asserted contributor identities together with their catalogue roles.","success with warning; ImportLog=success; warnings=no_movements,no_source_references,no_performance_information","{""composer_name"":""Niels Bo Foltmann"",""other_contributor_rows"":[]}","{""database_equality"":true,""detail_http_status"":200,""exposed"":{""composer"":{""id"":1,""name"":""Niels Bo Foltmann""},""contributor_roles"":[]},""index_present"":true}","incorrect","true","The stored composer is Niels Bo Foltmann, not the asserted Carl Nielsen contributor; additional asserted roles and people are absent. The API repeats this contradictory composer value, so the compound responsibility meaning is incorrect rather than merely incomplete. Limited API equality with the canonical database does not by itself establish official-source fidelity or usability."
"detailed_fidelity","CNW 277","dcm-catalogue-data/cnw/data-cnw/cnw0277.xml","277-03","catalogue_identifier","(//mei:work)[1]/mei:identifier","[{""type"":""CNW"",""value"":""277""},{""type"":""CNU"",""value"":""III/5, 215""},{""type"":""CNS"",""value"":""226""},{""type"":""FS"",""value"":""3q""}]","Retain the asserted identifier types and values without conflating types; preserve source order where the assertion requires it.","success with warning; ImportLog=success; warnings=no_movements,no_source_references,no_performance_information","{""catalogue_number"":""277"",""ordering_basis"":""database primary-key ascending; importer creates rows sequentially, but no explicit source-position column exists"",""rows"":[{""database_id"":1211,""type"":""CNW"",""value"":""277""},{""database_id"":1212,""type"":""CNU"",""value"":""III/5, 215""},{""database_id"":1213,""type"":""CNS"",""value"":""226""},{""database_id"":1214,""type"":""FS"",""value"":""3q""}]}","{""database_equality"":true,""detail_http_status"":200,""exposed"":{""catalogue_identifiers"":[{""type"":""CNW"",""value"":""277""},{""type"":""CNU"",""value"":""III/5, 215""},{""type"":""CNS"",""value"":""226""},{""type"":""FS"",""value"":""3q""}],""catalogue_number"":""277""},""index_present"":true}","preserved","true","The asserted identifier types and values are all present in the database and API detail. No material identifier meaning in this assertion is lost. Limited API equality with the canonical database does not by itself establish official-source fidelity or usability."
"detailed_fidelity","CNW 277","dcm-catalogue-data/cnw/data-cnw/cnw0277.xml","277-04","title","(//mei:work)[1]/mei:title","{""count"":5,""titles"":[{""language"":""da"",""text"":""Serenade"",""type"":""""},{""language"":""en"",""text"":""Serenade"",""type"":""""},{""language"":""da"",""text"":""See! Luften er stille"",""type"":""alternative""},{""language"":""en"",""text"":""The blue waves are sleeping"",""type"":""alternative""},{""language"":""da"",""text"":""Se! Luften er stille"",""type"":""uniform""}]}","Retain the asserted title texts, types, languages, count, and selected display-title meaning.","success with warning; ImportLog=success; warnings=no_movements,no_source_references,no_performance_information","{""alternate_title_rows"":[],""stored_title"":""Se! Luften er stille"",""title_language_or_type_fields"":[]}","{""database_equality"":true,""detail_http_status"":200,""exposed"":{""alternate_titles"":[],""title"":""Se! Luften er stille"",""title_language_or_type_fields"":[]},""index_present"":true}","incorrect","true","The database selects the uniform title 'Se! Luften er stille' instead of the asserted first untyped title 'Serenade', and retains no other title rows. This materially contradicts the asserted selected-title meaning, so the compound assertion is incorrect. Limited API equality with the canonical database does not by itself establish official-source fidelity or usability."
"detailed_fidelity","CNW 277","dcm-catalogue-data/cnw/data-cnw/cnw0277.xml","277-05","title","(//mei:work)[1]/mei:title","{""languages"":[""da"",""en"",""da"",""en"",""da""],""types"":["""","""",""alternative"",""alternative"",""uniform""]}","Retain the asserted title texts, types, languages, count, and selected display-title meaning.","success with warning; ImportLog=success; warnings=no_movements,no_source_references,no_performance_information","{""alternate_title_rows"":[],""stored_title"":""Se! Luften er stille"",""title_language_or_type_fields"":[]}","{""database_equality"":true,""detail_http_status"":200,""exposed"":{""alternate_titles"":[],""title"":""Se! Luften er stille"",""title_language_or_type_fields"":[]},""index_present"":true}","omitted","true","Title-language and title-type metadata are not represented in the database or API. Any retained display title does not preserve the asserted multilingual/type structure, so the missing non-contradictory information is omitted. Limited API equality with the canonical database does not by itself establish official-source fidelity or usability."
"detailed_fidelity","CNW 277","dcm-catalogue-data/cnw/data-cnw/cnw0277.xml","277-06","composition_date","(//mei:work)[1]/mei:creation/mei:date","{""creation_text"":""Between c. 1886 and 1888"",""date"":{""id"":""idm105"",""notafter"":""1888"",""notbefore"":""1886"",""text"":""Between c. 1886 and 1888""}}","Retain the asserted date text, exact value or bounds, precision, and uncertainty rather than only an undifferentiated year.","success with warning; ImportLog=success; warnings=no_movements,no_source_references,no_performance_information","{""composition_date"":""Between c. 1886 and 1888"",""composition_year"":1886,""structured_bounds_or_uncertainty_fields"":[]}","{""database_equality"":true,""detail_http_status"":200,""exposed"":{""composition_date"":""Between c. 1886 and 1888"",""composition_year"":1886},""index_present"":true}","transformed as intended","true","The complete uncertain/ranged date wording remains in composition_date and the lower bound is normalized to composition_year. Structured notbefore/notafter fields are absent, but the stored date text retains the full asserted bounds and uncertainty, so this is a defensible transformation rather than a loss of meaning. Limited API equality with the canonical database does not by itself establish official-source fidelity or usability."
"detailed_fidelity","CNW 277","dcm-catalogue-data/cnw/data-cnw/cnw0277.xml","277-07","component_structure","count((//mei:work)[1]//mei:expression); count((//mei:work)[1]//mei:componentList)","{""component_lists"":0,""expressions"":1}","Represent the asserted expression/component hierarchy and representative component values without assuming every expression is a musical movement.","success with warning; ImportLog=success; warnings=no_movements,no_source_references,no_performance_information","{""expression_or_component_rows"":[],""movement_count"":0,""movement_rows"":[]}","{""database_equality"":true,""detail_http_status"":200,""exposed"":{""expression_or_component_fields"":[],""movements"":[]},""index_present"":true}","omitted","true","The importer does not map MEI expression/component structures to the baseline model; zero movement rows do not represent the asserted hierarchy or values. The source structure is therefore omitted, and no claim is made that each expression is a musical movement. Limited API equality with the canonical database does not by itself establish official-source fidelity or usability."
"detailed_fidelity","CNW 277","dcm-catalogue-data/cnw/data-cnw/cnw0277.xml","277-08","instrumentation","(//mei:work)[1]//mei:perfRes[normalize-space()]","[{""codedval"":""vn"",""count"":""1"",""name"":""voice"",""solo"":""false""},{""codedval"":""ka"",""count"":""1"",""name"":""pf."",""solo"":""false""}]","Retain the asserted performance-resource count plus representative names, codes, counts, grouping, and solo attributes.","success with warning; ImportLog=success; warnings=no_movements,no_source_references,no_performance_information","{""codedval_or_solo_fields"":[],""instrumentation_count"":2,""rows"":[{""name"":""1 voice"",""section"":""perfResList""},{""name"":""1 pf."",""section"":""perfResList""}]}","{""database_equality"":true,""detail_http_status"":200,""exposed"":{""instrumentation"":[""1 pf."",""1 voice""],""instrumentation_sections_or_attributes"":[]},""index_present"":true}","omitted","true","The resource name and count are combined into an instrumentation name, but codedval and solo attributes are absent. Because material non-contradictory parts of the compound assertion are missing, it is omitted. Limited API equality with the canonical database does not by itself establish official-source fidelity or usability."
"detailed_fidelity","CNW 277","dcm-catalogue-data/cnw/data-cnw/cnw0277.xml","277-09","source_description","count(//mei:manifestation); count(//mei:manifestation//mei:item)","{""held_items"":1,""manifestations"":2}","Represent the asserted manifestations, held items, repositories, locations, and hand information in the intended source-reference domain.","success with warning; ImportLog=success; warnings=no_movements,no_source_references,no_performance_information","{""rows"":[],""source_reference_count"":0}","{""database_equality"":true,""detail_http_status"":200,""exposed"":{""sources"":[]},""index_present"":true}","omitted","true","The official manifestation/item information has no stored source-reference representation; the database and API source arrays are empty. The asserted information is missing without a contradictory replacement, so it is omitted. Limited API equality with the canonical database does not by itself establish official-source fidelity or usability."
"detailed_fidelity","CNW 277","dcm-catalogue-data/cnw/data-cnw/cnw0277.xml","277-10","source_description","//mei:manifestation[1]/mei:titleStmt/mei:title[1]; //mei:manifestation[1]//mei:item[1]//mei:repository[1]","{""item_identifier"":""A"",""location"":""CNS 226 (in CNS 250a)"",""manifestation_title"":""Score, autograph, fair copy"",""repository"":""DK-Kk""}","Represent the asserted manifestations, held items, repositories, locations, and hand information in the intended source-reference domain.","success with warning; ImportLog=success; warnings=no_movements,no_source_references,no_performance_information","{""rows"":[],""source_reference_count"":0}","{""database_equality"":true,""detail_http_status"":200,""exposed"":{""sources"":[]},""index_present"":true}","omitted","true","The official manifestation/item information has no stored source-reference representation; the database and API source arrays are empty. The asserted information is missing without a contradictory replacement, so it is omitted. Limited API equality with the canonical database does not by itself establish official-source fidelity or usability."
"detailed_fidelity","CNW 277","dcm-catalogue-data/cnw/data-cnw/cnw0277.xml","277-11","performance_event","(//mei:work)[1]//mei:event[1]","{""event_count"":1,""first_event"":{""corporations"":[],""date"":"""",""description"":"""",""element_text"":"""",""people"":[],""place"":"""",""venue"":""""}}","Represent the asserted catalogue event count and representative date, place, venue, people, corporations, and roles in the performance domain.","success with warning; ImportLog=success; warnings=no_movements,no_source_references,no_performance_information","{""performance_count"":0,""rows"":[]}","{""database_equality"":true,""detail_http_status"":200,""exposed"":{""performances"":[]},""index_present"":true}","omitted","true","The official event structure is not represented: the canonical database has zero performance rows and the API performance array is empty. The asserted event information is omitted rather than contradicted. Limited API equality with the canonical database does not by itself establish official-source fidelity or usability."
"detailed_fidelity","CNW 277","dcm-catalogue-data/cnw/data-cnw/cnw0277.xml","277-12","relation_target","(//mei:work)[1]//mei:relation[@target] | (//mei:work)[1]//mei:ref[@target] | (//mei:work)[1]//mei:ptr[@target]","{""absolute_count"":1,""count"":7,""internal_count"":6,""targets"":[{""element"":""ref"",""label"":""CNW 276"",""relation"":"""",""target"":""document.xq?doc=cnw0276.xml""},{""element"":""ref"",""label"":""CNW 278"",""relation"":"""",""target"":""document.xq?doc=cnw0278.xml""},{""element"":""ref"",""label"":""CNW 279"",""relation"":"""",""target"":""document.xq?doc=cnw0279.xml""},{""element"":""ref"",""label"":""CNW 355"",""relation"":"""",""target"":""document.xq?doc=46c22e1e-500d-40f9-ba0c-2022e6ca974d.xml""},{""element"":""ref"",""label"":""CNW 356"",""relation"":"""",""target"":""document.xq?doc=cnw0358.xml""},{""element"":""ptr"",""label"":""Carl Nielsen Edition (Editorial Texts)"",""relation"":"""",""target"":""/dcm/assets/cnu/pdf/CNU_III_07_songs_4.pdf""},{""element"":""relation"",""label"":""Carl Nielsen Edition"",""relation"":""hasReproduction"",""target"":""http://www.kb.dk/export/sites/kb_dk/da/nb/dcm/cnu/pdf/CNU_III_05_songs_2.pdf#page=94""}]}","Retain asserted targets and relation categories while distinguishing internal/relative graph targets from external URLs.","success with warning; ImportLog=success; warnings=no_movements,no_source_references,no_performance_information","{""external_reference_count"":7,""mechanical_target_categories"":{""absolute_http_url"":1,""relative_target"":5,""root_relative_target"":1},""rows"":[{""label"":""276"",""target"":""document.xq?doc=cnw0276.xml""},{""label"":""278"",""target"":""document.xq?doc=cnw0278.xml""},{""label"":""279"",""target"":""document.xq?doc=cnw0279.xml""},{""label"":""355"",""target"":""document.xq?doc=46c22e1e-500d-40f9-ba0c-2022e6ca974d.xml""},{""label"":""356"",""target"":""document.xq?doc=cnw0358.xml""},{""label"":""External reference"",""target"":""/dcm/assets/cnu/pdf/CNU_III_07_songs_4.pdf""},{""label"":""hasReproduction"",""target"":""http://www.kb.dk/export/sites/kb_dk/da/nb/dcm/cnu/pdf/CNU_III_05_songs_2.pdf#page=94""}],""stored_domain"":""ExternalReference""}","{""database_equality"":true,""detail_http_status"":200,""exposed"":{""external_reference_count"":7,""external_references"":[{""label"":""276"",""url"":""document.xq?doc=cnw0276.xml""},{""label"":""278"",""url"":""document.xq?doc=cnw0278.xml""},{""label"":""279"",""url"":""document.xq?doc=cnw0279.xml""},{""label"":""355"",""url"":""document.xq?doc=46c22e1e-500d-40f9-ba0c-2022e6ca974d.xml""},{""label"":""356"",""url"":""document.xq?doc=cnw0358.xml""},{""label"":""External reference"",""url"":""/dcm/assets/cnu/pdf/CNU_III_07_songs_4.pdf""},{""label"":""hasReproduction"",""url"":""http://www.kb.dk/export/sites/kb_dk/da/nb/dcm/cnu/pdf/CNU_III_05_songs_2.pdf#page=94""}],""relation_or_target_category_fields"":[]},""index_present"":true}","incorrect","true","The target strings and count are retained, but internal/relative targets are stored and exposed as ExternalReference rows. That is a material category mislabelling, so the compound assertion is incorrect despite retained target values. Limited API equality with the canonical database does not by itself establish official-source fidelity or usability."
"detailed_fidelity","CNW 63","dcm-catalogue-data/cnw/data-cnw/cnw0063.xml","63-01","work_identity","count(//mei:work); (//mei:work)[1]/mei:identifier[@label='CNW']","{""cnw"":[{""type"":""CNW"",""value"":""63""}],""work_count"":1}","Represent the official work as one stored work and retain its direct CNW identifier.","success with warning; ImportLog=success; warnings=no_movements,no_source_references,no_performance_information","{""catalogue_identifiers"":[{""type"":""Opus"",""value"":""9""},{""type"":""CNW"",""value"":""63""},{""type"":""CNU"",""value"":""II/11""},{""type"":""CNS"",""value"":""24""},{""type"":""FS"",""value"":""20""}],""title"":""Sonate nr. 1 for violin og klaver, opus 9"",""work_id"":94}","{""database_equality"":true,""detail_http_status"":200,""exposed"":{""catalogue_identifiers"":[{""type"":""Opus"",""value"":""9""},{""type"":""CNW"",""value"":""63""},{""type"":""CNU"",""value"":""II/11""},{""type"":""CNS"",""value"":""24""},{""type"":""FS"",""value"":""20""}],""id"":94,""source_identifier"":""work_d1e948931"",""title"":""Sonate nr. 1 for violin og klaver, opus 9""},""index_present"":true}","preserved","true","One work row remains and the asserted CNW identifier type/value is stored. The API detail exposes the same database identifier inventory. Limited API equality with the canonical database does not by itself establish official-source fidelity or usability."
"detailed_fidelity","CNW 63","dcm-catalogue-data/cnw/data-cnw/cnw0063.xml","63-02","responsibility","(//mei:work)[1]/mei:contributor//mei:persName","[{""name"":""Carl Nielsen"",""role"":""composer""},{""name"":""Henri Marteau"",""role"":""dedicatee""}]","Retain the asserted contributor identities together with their catalogue roles.","success with warning; ImportLog=success; warnings=no_movements,no_source_references,no_performance_information","{""composer_name"":""Niels Bo Foltmann"",""other_contributor_rows"":[]}","{""database_equality"":true,""detail_http_status"":200,""exposed"":{""composer"":{""id"":1,""name"":""Niels Bo Foltmann""},""contributor_roles"":[]},""index_present"":true}","incorrect","true","The stored composer is Niels Bo Foltmann, not the asserted Carl Nielsen contributor; additional asserted roles and people are absent. The API repeats this contradictory composer value, so the compound responsibility meaning is incorrect rather than merely incomplete. Limited API equality with the canonical database does not by itself establish official-source fidelity or usability."
"detailed_fidelity","CNW 63","dcm-catalogue-data/cnw/data-cnw/cnw0063.xml","63-03","catalogue_identifier","(//mei:work)[1]/mei:identifier","[{""type"":""Opus"",""value"":""9""},{""type"":""CNW"",""value"":""63""},{""type"":""CNU"",""value"":""II/11""},{""type"":""CNS"",""value"":""24""},{""type"":""FS"",""value"":""20""}]","Retain the asserted identifier types and values without conflating types; preserve source order where the assertion requires it.","success with warning; ImportLog=success; warnings=no_movements,no_source_references,no_performance_information","{""catalogue_number"":""9"",""ordering_basis"":""database primary-key ascending; importer creates rows sequentially, but no explicit source-position column exists"",""rows"":[{""database_id"":353,""type"":""Opus"",""value"":""9""},{""database_id"":354,""type"":""CNW"",""value"":""63""},{""database_id"":355,""type"":""CNU"",""value"":""II/11""},{""database_id"":356,""type"":""CNS"",""value"":""24""},{""database_id"":357,""type"":""FS"",""value"":""20""}]}","{""database_equality"":true,""detail_http_status"":200,""exposed"":{""catalogue_identifiers"":[{""type"":""Opus"",""value"":""9""},{""type"":""CNW"",""value"":""63""},{""type"":""CNU"",""value"":""II/11""},{""type"":""CNS"",""value"":""24""},{""type"":""FS"",""value"":""20""}],""catalogue_number"":""9""},""index_present"":true}","preserved","true","All asserted identifier type/value pairs are stored in the same sequence when ordered by creation/primary-key ID. This classification is scoped to the typed identifier inventory: the separately measured untyped Work.catalogue_number contains the first source identifier (Opus 9 or 41), not the CNW value. The schema has no explicit source-position field and API association ordering is not guaranteed, but the evaluated database state retains the asserted typed sequence. Limited API equality with the canonical database does not by itself establish official-source fidelity or usability."
"detailed_fidelity","CNW 63","dcm-catalogue-data/cnw/data-cnw/cnw0063.xml","63-04","title","(//mei:work)[1]/mei:title","[{""language"":""da"",""text"":""Sonate nr. 1 for violin og klaver, opus 9"",""type"":""""},{""language"":""en"",""text"":""Sonata No. 1 for Violin and Piano, Opus 9"",""type"":""""}]","Retain the asserted title texts, types, languages, count, and selected display-title meaning.","success with warning; ImportLog=success; warnings=no_movements,no_source_references,no_performance_information","{""alternate_title_rows"":[],""stored_title"":""Sonate nr. 1 for violin og klaver, opus 9"",""title_language_or_type_fields"":[]}","{""database_equality"":true,""detail_http_status"":200,""exposed"":{""alternate_titles"":[],""title"":""Sonate nr. 1 for violin og klaver, opus 9"",""title_language_or_type_fields"":[]},""index_present"":true}","omitted","true","The selected Danish title is retained, but the other asserted titles and their language/type distinctions are not stored or exposed. Because the retained title does not contradict the source, the compound assertion is omitted. Limited API equality with the canonical database does not by itself establish official-source fidelity or usability."
"detailed_fidelity","CNW 63","dcm-catalogue-data/cnw/data-cnw/cnw0063.xml","63-05","composition_date","(//mei:work)[1]/mei:creation/mei:date","{""creation_text"":""1895"",""date"":{""id"":""date_N20582"",""isodate"":""1895"",""text"":""1895""}}","Retain the asserted date text, exact value or bounds, precision, and uncertainty rather than only an undifferentiated year.","success with warning; ImportLog=success; warnings=no_movements,no_source_references,no_performance_information","{""composition_date"":""1895"",""composition_year"":1895,""structured_bounds_or_uncertainty_fields"":[]}","{""database_equality"":true,""detail_http_status"":200,""exposed"":{""composition_date"":""1895"",""composition_year"":1895},""index_present"":true}","transformed as intended","true","The exact official date text is retained as composition_date and a defensible integer year is derived. The API exposes the same normalized pair, retaining the complete asserted date meaning through the model transformation. Limited API equality with the canonical database does not by itself establish official-source fidelity or usability."
"detailed_fidelity","CNW 63","dcm-catalogue-data/cnw/data-cnw/cnw0063.xml","63-06","component_structure","count((//mei:work)[1]//mei:expression); count((//mei:work)[1]/mei:expressionList/mei:expression); count((//mei:work)[1]//mei:componentList/mei:expression); count((//mei:work)[1]//mei:componentList)","{""component_expressions"":3,""component_lists"":1,""expressions"":4,""top_level"":1}","Represent the asserted expression/component hierarchy and representative component values without assuming every expression is a musical movement.","success with warning; ImportLog=success; warnings=no_movements,no_source_references,no_performance_information","{""expression_or_component_rows"":[],""movement_count"":0,""movement_rows"":[]}","{""database_equality"":true,""detail_http_status"":200,""exposed"":{""expression_or_component_fields"":[],""movements"":[]},""index_present"":true}","omitted","true","The importer does not map MEI expression/component structures to the baseline model; zero movement rows do not represent the asserted hierarchy or values. The source structure is therefore omitted, and no claim is made that each expression is a musical movement. Limited API equality with the canonical database does not by itself establish official-source fidelity or usability."
"detailed_fidelity","CNW 63","dcm-catalogue-data/cnw/data-cnw/cnw0063.xml","63-07","component_structure","(//mei:work)[1]//mei:componentList/mei:expression","[{""n"":""1"",""tempos"":[""Allegro glorioso""],""titles"":[{""language"":""da"",""text"":""""}]},{""n"":""2"",""tempos"":[""Andante""],""titles"":[{""language"":""da"",""text"":""""}]},{""n"":""3"",""tempos"":[""Allegro piacevole e giovanile""],""titles"":[{""language"":""da"",""text"":""""}]}]","Represent the asserted expression/component hierarchy and representative component values without assuming every expression is a musical movement.","success with warning; ImportLog=success; warnings=no_movements,no_source_references,no_performance_information","{""expression_or_component_rows"":[],""movement_count"":0,""movement_rows"":[]}","{""database_equality"":true,""detail_http_status"":200,""exposed"":{""expression_or_component_fields"":[],""movements"":[]},""index_present"":true}","omitted","true","The importer does not map MEI expression/component structures to the baseline model; zero movement rows do not represent the asserted hierarchy or values. The source structure is therefore omitted, and no claim is made that each expression is a musical movement. Limited API equality with the canonical database does not by itself establish official-source fidelity or usability."
"detailed_fidelity","CNW 63","dcm-catalogue-data/cnw/data-cnw/cnw0063.xml","63-08","instrumentation","(//mei:work)[1]//mei:perfRes[normalize-space()]","[{""codedval"":""sa"",""count"":""1"",""name"":""vl."",""solo"":""false""},{""codedval"":""ka"",""count"":""1"",""name"":""pf."",""solo"":""false""}]","Retain the asserted performance-resource count plus representative names, codes, counts, grouping, and solo attributes.","success with warning; ImportLog=success; warnings=no_movements,no_source_references,no_performance_information","{""codedval_or_solo_fields"":[],""instrumentation_count"":2,""rows"":[{""name"":""1 vl."",""section"":""perfResList""},{""name"":""1 pf."",""section"":""perfResList""}]}","{""database_equality"":true,""detail_http_status"":200,""exposed"":{""instrumentation"":[""1 pf."",""1 vl.""],""instrumentation_sections_or_attributes"":[]},""index_present"":true}","omitted","true","The resource name and count are combined into an instrumentation name, but codedval and solo attributes are absent. Because material non-contradictory parts of the compound assertion are missing, it is omitted. Limited API equality with the canonical database does not by itself establish official-source fidelity or usability."
"detailed_fidelity","CNW 63","dcm-catalogue-data/cnw/data-cnw/cnw0063.xml","63-09","source_description","count(//mei:manifestation); count(//mei:manifestation//mei:item)","{""held_items"":7,""manifestations"":6}","Represent the asserted manifestations, held items, repositories, locations, and hand information in the intended source-reference domain.","success with warning; ImportLog=success; warnings=no_movements,no_source_references,no_performance_information","{""rows"":[],""source_reference_count"":0}","{""database_equality"":true,""detail_http_status"":200,""exposed"":{""sources"":[]},""index_present"":true}","omitted","true","The official manifestation/item information has no stored source-reference representation; the database and API source arrays are empty. The asserted information is missing without a contradictory replacement, so it is omitted. Limited API equality with the canonical database does not by itself establish official-source fidelity or usability."
"detailed_fidelity","CNW 63","dcm-catalogue-data/cnw/data-cnw/cnw0063.xml","63-10","source_description","count(//mei:handList); //mei:manifestation[1]/mei:titleStmt/mei:title[1]; //mei:manifestation[1]//mei:item[1]","{""hand_lists"":1,""representative"":{""item_identifier"":""D"",""location"":""CNS 24c"",""manifestation_title"":""Score, sketch"",""repository"":""DK-Kk""}}","Represent the asserted manifestations, held items, repositories, locations, and hand information in the intended source-reference domain.","success with warning; ImportLog=success; warnings=no_movements,no_source_references,no_performance_information","{""rows"":[],""source_reference_count"":0}","{""database_equality"":true,""detail_http_status"":200,""exposed"":{""sources"":[]},""index_present"":true}","omitted","true","The official manifestation/item information has no stored source-reference representation; the database and API source arrays are empty. The asserted information is missing without a contradictory replacement, so it is omitted. Limited API equality with the canonical database does not by itself establish official-source fidelity or usability."
"detailed_fidelity","CNW 63","dcm-catalogue-data/cnw/data-cnw/cnw0063.xml","63-11","performance_event","count((//mei:work)[1]//mei:event); (//mei:work)[1]//mei:event[1]","{""event_count"":38,""first_event"":{""corporations"":[],""date"":""1896-01-15"",""description"":""First performance."",""element_text"":""1896-01-15 Koncertpalæet Copenhagen Anton Svendsen, violin Johanne Stockmarr, piano First performance. Reviews article journal Robert Henriques Dannebrog 1896-01-16 article journal Angul Hammerich Nationaltidende 1896-01-17"",""people"":[{""name"":""Anton Svendsen, violin"",""role"":""performer""},{""name"":""Johanne Stockmarr, piano"",""role"":""performer""}],""place"":""Copenhagen"",""venue"":""Koncertpalæet""}}","Represent the asserted catalogue event count and representative date, place, venue, people, corporations, and roles in the performance domain.","success with warning; ImportLog=success; warnings=no_movements,no_source_references,no_performance_information","{""performance_count"":0,""rows"":[]}","{""database_equality"":true,""detail_http_status"":200,""exposed"":{""performances"":[]},""index_present"":true}","omitted","true","The official event structure is not represented: the canonical database has zero performance rows and the API performance array is empty. The asserted event information is omitted rather than contradicted. Limited API equality with the canonical database does not by itself establish official-source fidelity or usability."
"detailed_fidelity","CNW 63","dcm-catalogue-data/cnw/data-cnw/cnw0063.xml","63-12","relation_target","(//mei:work)[1]//mei:relation[@target] | (//mei:work)[1]//mei:ref[@target] | (//mei:work)[1]//mei:ptr[@target]","{""absolute_count"":0,""count"":2,""targets"":[{""element"":""ref"",""label"":"""",""relation"":"""",""target"":""document.xq?doc=cnw0025.xml""},{""element"":""ptr"",""label"":""Carl Nielsen Edition"",""relation"":"""",""target"":""/dcm/assets/cnu/pdf/CNU_II_11_chamber_music_2.pdf""}]}","Retain asserted targets and relation categories while distinguishing internal/relative graph targets from external URLs.","success with warning; ImportLog=success; warnings=no_movements,no_source_references,no_performance_information","{""external_reference_count"":2,""mechanical_target_categories"":{""relative_target"":1,""root_relative_target"":1},""rows"":[{""label"":""first symphony (CNW 25)"",""target"":""document.xq?doc=cnw0025.xml""},{""label"":""External reference"",""target"":""/dcm/assets/cnu/pdf/CNU_II_11_chamber_music_2.pdf""}],""stored_domain"":""ExternalReference""}","{""database_equality"":true,""detail_http_status"":200,""exposed"":{""external_reference_count"":2,""external_references"":[{""label"":""first symphony (CNW 25)"",""url"":""document.xq?doc=cnw0025.xml""},{""label"":""External reference"",""url"":""/dcm/assets/cnu/pdf/CNU_II_11_chamber_music_2.pdf""}],""relation_or_target_category_fields"":[]},""index_present"":true}","incorrect","true","The target strings and count are retained, but internal/relative targets are stored and exposed as ExternalReference rows. That is a material category mislabelling, so the compound assertion is incorrect despite retained target values. Limited API equality with the canonical database does not by itself establish official-source fidelity or usability."
"detailed_fidelity","CNW 18","dcm-catalogue-data/cnw/data-cnw/cnw0018.xml","18-01","work_identity","count(//mei:work); (//mei:work)[1]/mei:identifier[@label='CNW']","{""cnw"":[{""type"":""CNW"",""value"":""18""}],""work_count"":1}","Represent the official work as one stored work and retain its direct CNW identifier.","success with warning; ImportLog=success; warnings=no_movements,no_source_references,no_performance_information","{""catalogue_identifiers"":[{""type"":""Opus"",""value"":""41""},{""type"":""CNW"",""value"":""18""},{""type"":""CNU"",""value"":""I/9; IV/1, Add. 35; III/4, 117–124""},{""type"":""CNS"",""value"":""345""},{""type"":""FS"",""value"":""94""}],""title"":""Musik til Helge Rodes skuespil \""Moderen\"", opus 41"",""work_id"":50}","{""database_equality"":true,""detail_http_status"":200,""exposed"":{""catalogue_identifiers"":[{""type"":""Opus"",""value"":""41""},{""type"":""CNW"",""value"":""18""},{""type"":""CNU"",""value"":""I/9; IV/1, Add. 35; III/4, 117–124""},{""type"":""CNS"",""value"":""345""},{""type"":""FS"",""value"":""94""}],""id"":50,""source_identifier"":""work_d1e34233348"",""title"":""Musik til Helge Rodes skuespil \""Moderen\"", opus 41""},""index_present"":true}","preserved","true","One work row remains and the asserted CNW identifier type/value is stored. The API detail exposes the same database identifier inventory. Limited API equality with the canonical database does not by itself establish official-source fidelity or usability."
"detailed_fidelity","CNW 18","dcm-catalogue-data/cnw/data-cnw/cnw0018.xml","18-02","responsibility","(//mei:work)[1]/mei:contributor//mei:persName","[{""name"":""Carl Nielsen"",""role"":""composer""},{""name"":""Helge Rode"",""role"":""author""}]","Retain the asserted contributor identities together with their catalogue roles.","success with warning; ImportLog=success; warnings=no_movements,no_source_references,no_performance_information","{""composer_name"":""Niels Bo Foltmann"",""other_contributor_rows"":[]}","{""database_equality"":true,""detail_http_status"":200,""exposed"":{""composer"":{""id"":1,""name"":""Niels Bo Foltmann""},""contributor_roles"":[]},""index_present"":true}","incorrect","true","The stored composer is Niels Bo Foltmann, not the asserted Carl Nielsen contributor; additional asserted roles and people are absent. The API repeats this contradictory composer value, so the compound responsibility meaning is incorrect rather than merely incomplete. Limited API equality with the canonical database does not by itself establish official-source fidelity or usability."
"detailed_fidelity","CNW 18","dcm-catalogue-data/cnw/data-cnw/cnw0018.xml","18-03","catalogue_identifier","(//mei:work)[1]/mei:identifier","[{""type"":""Opus"",""value"":""41""},{""type"":""CNW"",""value"":""18""},{""type"":""CNU"",""value"":""I/9; IV/1, Add. 35; III/4, 117–124""},{""type"":""CNS"",""value"":""345""},{""type"":""FS"",""value"":""94""}]","Retain the asserted identifier types and values without conflating types; preserve source order where the assertion requires it.","success with warning; ImportLog=success; warnings=no_movements,no_source_references,no_performance_information","{""catalogue_number"":""41"",""ordering_basis"":""database primary-key ascending; importer creates rows sequentially, but no explicit source-position column exists"",""rows"":[{""database_id"":168,""type"":""Opus"",""value"":""41""},{""database_id"":169,""type"":""CNW"",""value"":""18""},{""database_id"":170,""type"":""CNU"",""value"":""I/9; IV/1, Add. 35; III/4, 117–124""},{""database_id"":171,""type"":""CNS"",""value"":""345""},{""database_id"":172,""type"":""FS"",""value"":""94""}]}","{""database_equality"":true,""detail_http_status"":200,""exposed"":{""catalogue_identifiers"":[{""type"":""Opus"",""value"":""41""},{""type"":""CNW"",""value"":""18""},{""type"":""CNU"",""value"":""I/9; IV/1, Add. 35; III/4, 117–124""},{""type"":""CNS"",""value"":""345""},{""type"":""FS"",""value"":""94""}],""catalogue_number"":""41""},""index_present"":true}","preserved","true","All asserted identifier type/value pairs are stored in the same sequence when ordered by creation/primary-key ID. This classification is scoped to the typed identifier inventory: the separately measured untyped Work.catalogue_number contains the first source identifier (Opus 9 or 41), not the CNW value. The schema has no explicit source-position field and API association ordering is not guaranteed, but the evaluated database state retains the asserted typed sequence. Limited API equality with the canonical database does not by itself establish official-source fidelity or usability."
"detailed_fidelity","CNW 18","dcm-catalogue-data/cnw/data-cnw/cnw0018.xml","18-04","title","(//mei:work)[1]/mei:title","[{""language"":""da"",""text"":""Musik til Helge Rodes skuespil \""Moderen\"", opus 41"",""type"":""""},{""language"":""en"",""text"":""Music for Helge Rode's Play 'The Mother', Opus 41"",""type"":""""},{""language"":""da"",""text"":""Et eventyrspil i en prolog og syv billeder"",""type"":""subordinate""},{""language"":""en"",""text"":""A Play in a Prologue and Seven Scenes"",""type"":""subordinate""}]","Retain the asserted title texts, types, languages, count, and selected display-title meaning.","success with warning; ImportLog=success; warnings=no_movements,no_source_references,no_performance_information","{""alternate_title_rows"":[],""stored_title"":""Musik til Helge Rodes skuespil \""Moderen\"", opus 41"",""title_language_or_type_fields"":[]}","{""database_equality"":true,""detail_http_status"":200,""exposed"":{""alternate_titles"":[],""title"":""Musik til Helge Rodes skuespil \""Moderen\"", opus 41"",""title_language_or_type_fields"":[]},""index_present"":true}","omitted","true","The selected Danish title is retained, but the other asserted titles and their language/type distinctions are not stored or exposed. Because the retained title does not contradict the source, the compound assertion is omitted. Limited API equality with the canonical database does not by itself establish official-source fidelity or usability."
"detailed_fidelity","CNW 18","dcm-catalogue-data/cnw/data-cnw/cnw0018.xml","18-05","composition_date","(//mei:work)[1]/mei:creation/mei:date","{""creation_text"":""1920–21"",""date"":{""id"":""date_N20C3A"",""notafter"":""1921"",""notbefore"":""1920"",""text"":""1920–21""}}","Retain the asserted date text, exact value or bounds, precision, and uncertainty rather than only an undifferentiated year.","success with warning; ImportLog=success; warnings=no_movements,no_source_references,no_performance_information","{""composition_date"":""1920–21"",""composition_year"":1920,""structured_bounds_or_uncertainty_fields"":[]}","{""database_equality"":true,""detail_http_status"":200,""exposed"":{""composition_date"":""1920–21"",""composition_year"":1920},""index_present"":true}","transformed as intended","true","The complete uncertain/ranged date wording remains in composition_date and the lower bound is normalized to composition_year. Structured notbefore/notafter fields are absent, but the stored date text retains the full asserted bounds and uncertainty, so this is a defensible transformation rather than a loss of meaning. Limited API equality with the canonical database does not by itself establish official-source fidelity or usability."
"detailed_fidelity","CNW 18","dcm-catalogue-data/cnw/data-cnw/cnw0018.xml","18-06","component_structure","count((//mei:work)[1]//mei:expression); count((//mei:work)[1]/mei:expressionList/mei:expression); count((//mei:work)[1]//mei:componentList/mei:expression); count((//mei:work)[1]//mei:componentList)","{""component_expressions"":47,""component_lists"":10,""expressions"":49,""top_level"":2}","Represent the asserted expression/component hierarchy and representative component values without assuming every expression is a musical movement.","success with warning; ImportLog=success; warnings=no_movements,no_source_references,no_performance_information","{""expression_or_component_rows"":[],""movement_count"":0,""movement_rows"":[]}","{""database_equality"":true,""detail_http_status"":200,""exposed"":{""expression_or_component_fields"":[],""movements"":[]},""index_present"":true}","omitted","true","The importer does not map MEI expression/component structures to the baseline model; zero movement rows do not represent the asserted hierarchy or values. The source structure is therefore omitted, and no claim is made that each expression is a musical movement. Limited API equality with the canonical database does not by itself establish official-source fidelity or usability."
"detailed_fidelity","CNW 18","dcm-catalogue-data/cnw/data-cnw/cnw0018.xml","18-07","component_structure","(//mei:work)[1]//mei:componentList/mei:expression","{""first_component"":{""n"":"""",""tempos"":[""Tempo giusto""],""titles"":[{""language"":""da"",""text"":""Prolog""},{""language"":""en"",""text"":""Prologue""}]},""nested_march"":{""n"":""1"",""tempos"":[""Tempo giusto""],""titles"":[{""language"":""da"",""text"":""Marsch""},{""language"":""en"",""text"":""March""}]}}","Represent the asserted expression/component hierarchy and representative component values without assuming every expression is a musical movement.","success with warning; ImportLog=success; warnings=no_movements,no_source_references,no_performance_information","{""expression_or_component_rows"":[],""movement_count"":0,""movement_rows"":[]}","{""database_equality"":true,""detail_http_status"":200,""exposed"":{""expression_or_component_fields"":[],""movements"":[]},""index_present"":true}","omitted","true","The importer does not map MEI expression/component structures to the baseline model; zero movement rows do not represent the asserted hierarchy or values. The source structure is therefore omitted, and no claim is made that each expression is a musical movement. Limited API equality with the canonical database does not by itself establish official-source fidelity or usability."
"detailed_fidelity","CNW 18","dcm-catalogue-data/cnw/data-cnw/cnw0018.xml","18-08","instrumentation","(//mei:work)[1]//mei:perfRes[normalize-space()]","{""count"":31,""representatives"":[{""codedval"":""wa"",""count"":""3"",""name"":""fl."",""solo"":""false""},{""codedval"":""ba"",""count"":""4"",""name"":""cor."",""solo"":""false""}]}","Retain the asserted performance-resource count plus representative names, codes, counts, grouping, and solo attributes.","success with warning; ImportLog=success; warnings=no_movements,no_source_references,no_performance_information","{""codedval_or_solo_fields"":[],""instrumentation_count"":28,""rows"":[{""name"":""3 fl."",""section"":""perfResList""},{""name"":""2 ob."",""section"":""perfResList""},{""name"":""2 cl."",""section"":""perfResList""},{""name"":""2 fg."",""section"":""perfResList""},{""name"":""4 cor."",""section"":""perfResList""},{""omitted_middle_count"":18},{""name"":""1 A."",""section"":""perfResList""},{""name"":""1 T."",""section"":""perfResList""},{""name"":""1 B."",""section"":""perfResList""},{""name"":""1 Bar."",""section"":""perfResList""},{""name"":""1 voice"",""section"":""perfResList""}]}","{""database_equality"":true,""detail_http_status"":200,""exposed"":{""instrumentation"":[""1 A."",""1 B."",""1 Bar."",""1 S."",""1 T."",{""omitted_middle_count"":18},""2 ob."",""2 trb.t."",""3 fl."",""3 tr."",""4 cor.""],""instrumentation_sections_or_attributes"":[]},""index_present"":true}","omitted","true","Twenty-eight instrumentation rows represent only a subset of the 31 populated source resources; three resource occurrences and the codedval and solo attributes are absent. The surviving representative names and counts do not contradict the source. Under the frozen rule for missing non-contradictory information, the compound assertion is omitted. Limited API equality with the canonical database does not by itself establish official-source fidelity or usability."
"detailed_fidelity","CNW 18","dcm-catalogue-data/cnw/data-cnw/cnw0018.xml","18-09","source_description","count(//mei:manifestation); count(//mei:manifestation//mei:item)","{""held_items"":27,""manifestations"":33}","Represent the asserted manifestations, held items, repositories, locations, and hand information in the intended source-reference domain.","success with warning; ImportLog=success; warnings=no_movements,no_source_references,no_performance_information","{""rows"":[],""source_reference_count"":0}","{""database_equality"":true,""detail_http_status"":200,""exposed"":{""sources"":[]},""index_present"":true}","omitted","true","The official manifestation/item information has no stored source-reference representation; the database and API source arrays are empty. The asserted information is missing without a contradictory replacement, so it is omitted. Limited API equality with the canonical database does not by itself establish official-source fidelity or usability."
"detailed_fidelity","CNW 18","dcm-catalogue-data/cnw/data-cnw/cnw0018.xml","18-10","source_description","//mei:manifestation[1]/mei:titleStmt/mei:title[1]; //mei:manifestation[1]//mei:item[1]","{""item_identifier"":""Ie"",""location"":""CNS 345g"",""manifestation_title"":""Sketch (Nos. 20, 22)"",""repository"":""DK-Kk""}","Represent the asserted manifestations, held items, repositories, locations, and hand information in the intended source-reference domain.","success with warning; ImportLog=success; warnings=no_movements,no_source_references,no_performance_information","{""rows"":[],""source_reference_count"":0}","{""database_equality"":true,""detail_http_status"":200,""exposed"":{""sources"":[]},""index_present"":true}","omitted","true","The official manifestation/item information has no stored source-reference representation; the database and API source arrays are empty. The asserted information is missing without a contradictory replacement, so it is omitted. Limited API equality with the canonical database does not by itself establish official-source fidelity or usability."
"detailed_fidelity","CNW 18","dcm-catalogue-data/cnw/data-cnw/cnw0018.xml","18-11","performance_event","count((//mei:work)[1]//mei:event); (//mei:work)[1]//mei:event[1]","{""event_count"":92,""first_event"":{""corporations"":[],""date"":""1921-01-30"",""description"":""First performance."",""element_text"":""1921-01-30 The Royal Theatre (Det Kongelige Teater) Copenhagen Ebbe Hamerik Betty Hennings (the Mother) Svend Methling (the Scald) Johannes Poulsen (the Jester) First performance. Reviews article newspaper Nationaltidende 1921-01-31 article newspaper Politiken 1921-01-31 article journal Ekstrabladet 1921-01-31 article journal Theatret 1921 20 11 131 article newspaper Aalborg Stiftstidende 1921-01-31 article newspaper Folkets Avis 1921-01-31"",""people"":[{""name"":""Ebbe Hamerik"",""role"":""conductor""},{""name"":""Betty Hennings (the Mother)"",""role"":""performer""},{""name"":""Svend Methling (the Scald)"",""role"":""performer""},{""name"":""Johannes Poulsen (the Jester)"",""role"":""performer""}],""place"":""Copenhagen"",""venue"":""The Royal Theatre (Det Kongelige Teater)""}}","Represent the asserted catalogue event count and representative date, place, venue, people, corporations, and roles in the performance domain.","success with warning; ImportLog=success; warnings=no_movements,no_source_references,no_performance_information","{""performance_count"":0,""rows"":[]}","{""database_equality"":true,""detail_http_status"":200,""exposed"":{""performances"":[]},""index_present"":true}","omitted","true","The official event structure is not represented: the canonical database has zero performance rows and the API performance array is empty. The asserted event information is omitted rather than contradicted. Limited API equality with the canonical database does not by itself establish official-source fidelity or usability."
"detailed_fidelity","CNW 18","dcm-catalogue-data/cnw/data-cnw/cnw0018.xml","18-12","relation_target","(//mei:work)[1]//mei:relation[@target] | (//mei:work)[1]//mei:ref[@target] | (//mei:work)[1]//mei:ptr[@target]","{""absolute_count"":9,""count"":39,""internal_count"":30,""other_target_count"":37,""representative_targets"":[{""element"":""relation"",""label"":""Saga-Drøm"",""relation"":""isAdaptationOf"",""target"":""cnw0035.xml""},{""element"":""relation"",""label"":""Carl Nielsen Edition"",""relation"":""hasReproduction"",""target"":""http://www.kb.dk/export/sites/kb_dk/da/nb/dcm/cnu/pdf/CNU_I_09_incidental_music_2.pdf""}]}","Retain asserted targets and relation categories while distinguishing internal/relative graph targets from external URLs.","success with warning; ImportLog=success; warnings=no_movements,no_source_references,no_performance_information","{""external_reference_count"":22,""mechanical_target_categories"":{""absolute_http_url"":9,""relative_target"":12,""root_relative_target"":1},""rows"":[{""label"":""fifth symphony (CNW 29)"",""target"":""document.xq?doc=cnw0029.xml""},{""label"":""External reference"",""target"":""http://hdl.handle.net/109.3.1/uuid:3731125b-ccd9-444c-89af-93ecfdce9a9f""},{""label"":""External reference"",""target"":""http://hdl.handle.net/109.3.1/uuid:0e91610d-abdf-4add-bd3d-fddfe99e3afd""},{""label"":""External reference"",""target"":""http://hdl.handle.net/109.3.1/uuid:453898e8-21b9-4ef7-8566-42822e5303dc""},{""label"":""External reference"",""target"":""http://hdl.handle.net/109.3.1/uuid:6e638df3-693e-4b0e-8352-48a9d9c078ff""},{""omitted_middle_count"":12},{""label"":""hasReproduction"",""target"":""http://www.kb.dk/export/sites/kb_dk/da/nb/dcm/cnu/pdf/CNU_I_09_incidental_music_2.pdf""},{""label"":""hasReproduction"",""target"":""http://www.kb.dk/export/sites/kb_dk/da/nb/dcm/cnu/pdf/CNU_IV_01_juvenilia_et_addenda.pdf""},{""label"":""hasReproduction"",""target"":""http://www.kb.dk/export/sites/kb_dk/da/nb/dcm/cnu/pdf/CNU_III_04_songs_1.pdf#page=212""},{""label"":""hasReproduction"",""target"":""/dcm/assets/cnu/pdf/CNU_III_07_songs_4.pdf""},{""label"":""hasArrangement"",""target"":""appendix.xq#CNW_18""}],""stored_domain"":""ExternalReference""}","{""database_equality"":true,""detail_http_status"":200,""exposed"":{""external_reference_count"":22,""external_references"":[{""label"":""fifth symphony (CNW 29)"",""url"":""document.xq?doc=cnw0029.xml""},{""label"":""External reference"",""url"":""http://hdl.handle.net/109.3.1/uuid:3731125b-ccd9-444c-89af-93ecfdce9a9f""},{""label"":""External reference"",""url"":""http://hdl.handle.net/109.3.1/uuid:0e91610d-abdf-4add-bd3d-fddfe99e3afd""},{""label"":""External reference"",""url"":""http://hdl.handle.net/109.3.1/uuid:453898e8-21b9-4ef7-8566-42822e5303dc""},{""label"":""External reference"",""url"":""http://hdl.handle.net/109.3.1/uuid:6e638df3-693e-4b0e-8352-48a9d9c078ff""},{""omitted_middle_count"":12},{""label"":""hasReproduction"",""url"":""http://www.kb.dk/export/sites/kb_dk/da/nb/dcm/cnu/pdf/CNU_I_09_incidental_music_2.pdf""},{""label"":""hasReproduction"",""url"":""http://www.kb.dk/export/sites/kb_dk/da/nb/dcm/cnu/pdf/CNU_IV_01_juvenilia_et_addenda.pdf""},{""label"":""hasReproduction"",""url"":""http://www.kb.dk/export/sites/kb_dk/da/nb/dcm/cnu/pdf/CNU_III_04_songs_1.pdf#page=212""},{""label"":""hasReproduction"",""url"":""/dcm/assets/cnu/pdf/CNU_III_07_songs_4.pdf""},{""label"":""hasArrangement"",""url"":""appendix.xq#CNW_18""}],""relation_or_target_category_fields"":[]},""index_present"":true}","incorrect","true","Only 22 ExternalReference rows remain for 39 source relation/ref/ptr targets, and retained internal targets are materially mislabelled as external references. Missing targets plus contradictory category mapping make the compound assertion incorrect. Limited API equality with the canonical database does not by itself establish official-source fidelity or usability."
"boundary_stress","CNW 53","dcm-catalogue-data/cnw/data-cnw/1292525519.xml","53-T01","technical_import","archive-member:dcm-catalogue-data/cnw/data-cnw/1292525519.xml; (//mei:work)[1]","{""file_size"":16623,""namespace"":""http://www.music-encoding.org/ns/mei"",""stage_a_classification"":""success with warning"",""stage_a_import_log_status"":""success"",""well_formed"":true}","Record the frozen technical outcome separately from semantic fidelity; successful processing is not semantic preservation.","success with warning; ImportLog=success; warnings=missing_composition_date_or_year,no_movements,no_instrumentation,no_source_references,no_performance_information","{""stage_a"":{""classification"":""success with warning"",""exactly_one_import_log"":true,""import_log_status"":""success"",""warning_categories"":[""missing_composition_date_or_year"",""no_movements"",""no_instrumentation"",""no_source_references"",""no_performance_information""],""warning_count"":5,""work_row_remains"":true},""stored_work_id"":3}","{""database_equality"":true,""detail_http_status"":200,""index_present"":true}","not applicable","false","The record has an accountable successful Stage A import and is present in both limited API checks. This is a technical outcome, not a semantic mapping assertion, so it is classified not applicable and excluded from the semantic denominator. Limited API equality with the canonical database does not by itself establish official-source fidelity or usability."
"boundary_stress","CNW 53","dcm-catalogue-data/cnw/data-cnw/1292525519.xml","53-B01","composition_date","count((//mei:work)[1]/mei:creation)","{""direct_creation_count"":0}","Preserve the absence of a direct work-level creation date without substituting an unrelated nested date.","success with warning; ImportLog=success; warnings=missing_composition_date_or_year,no_movements,no_instrumentation,no_source_references,no_performance_information","{""composition_date"":null,""composition_year"":null,""structured_bounds_or_uncertainty_fields"":[]}","{""database_equality"":true,""detail_http_status"":200,""exposed"":{""composition_date"":null,""composition_year"":null},""index_present"":true}","preserved","true","The official work has no direct creation date and the database stores neither composition_date nor composition_year, preserving the asserted absence rather than selecting an unrelated nested value. Limited API equality with the canonical database does not by itself establish official-source fidelity or usability."
"boundary_stress","CNW 53","dcm-catalogue-data/cnw/data-cnw/1292525519.xml","53-B02","instrumentation","count((//mei:work)[1]//mei:perfRes[normalize-space()])","{""populated_resources"":0}","Preserve the absence of populated performance resources.","success with warning; ImportLog=success; warnings=missing_composition_date_or_year,no_movements,no_instrumentation,no_source_references,no_performance_information","{""codedval_or_solo_fields"":[],""instrumentation_count"":0,""rows"":[]}","{""database_equality"":true,""detail_http_status"":200,""exposed"":{""instrumentation"":[],""instrumentation_sections_or_attributes"":[]},""index_present"":true}","preserved","true","The official work has zero populated performance resources and the database/API contain zero instrumentation rows, preserving the asserted absence. Limited API equality with the canonical database does not by itself establish official-source fidelity or usability."
"boundary_stress","CNW 53","dcm-catalogue-data/cnw/data-cnw/1292525519.xml","53-B03","source_description","count(//mei:manifestation)","{""manifestations"":1}","Represent the single manifestation in the intended source-reference domain.","success with warning; ImportLog=success; warnings=missing_composition_date_or_year,no_movements,no_instrumentation,no_source_references,no_performance_information","{""rows"":[],""source_reference_count"":0}","{""database_equality"":true,""detail_http_status"":200,""exposed"":{""sources"":[]},""index_present"":true}","omitted","true","The official manifestation/item information has no stored source-reference representation; the database and API source arrays are empty. The asserted information is missing without a contradictory replacement, so it is omitted. Limited API equality with the canonical database does not by itself establish official-source fidelity or usability."
"boundary_stress","CNW 53","dcm-catalogue-data/cnw/data-cnw/1292525519.xml","53-B04","source_description","count(//mei:manifestation//mei:item)","{""held_items"":1}","Represent the single held item and its relationship to the manifestation.","success with warning; ImportLog=success; warnings=missing_composition_date_or_year,no_movements,no_instrumentation,no_source_references,no_performance_information","{""rows"":[],""source_reference_count"":0}","{""database_equality"":true,""detail_http_status"":200,""exposed"":{""sources"":[]},""index_present"":true}","omitted","true","The official manifestation/item information has no stored source-reference representation; the database and API source arrays are empty. The asserted information is missing without a contradictory replacement, so it is omitted. Limited API equality with the canonical database does not by itself establish official-source fidelity or usability."
"boundary_stress","CNW 53","dcm-catalogue-data/cnw/data-cnw/1292525519.xml","53-B05","performance_event","count((//mei:work)[1]//mei:event)","{""events"":0}","Preserve the absence of performance-event structures.","success with warning; ImportLog=success; warnings=missing_composition_date_or_year,no_movements,no_instrumentation,no_source_references,no_performance_information","{""performance_count"":0,""rows"":[]}","{""database_equality"":true,""detail_http_status"":200,""exposed"":{""performances"":[]},""index_present"":true}","preserved","true","The official record has zero events and the database/API contain zero performance rows, preserving the asserted absence. Limited API equality with the canonical database does not by itself establish official-source fidelity or usability."
"boundary_stress","CNW Coll. 18","dcm-catalogue-data/cnw/data-cnw/03f4c141-9dab-46d7-b8c1-9d0000cc997a.xml","COLL18-T01","technical_import","archive-member:dcm-catalogue-data/cnw/data-cnw/03f4c141-9dab-46d7-b8c1-9d0000cc997a.xml; (//mei:work)[1]","{""file_size"":29171,""namespace"":""http://www.music-encoding.org/ns/mei"",""stage_a_classification"":""success with warning"",""stage_a_import_log_status"":""success"",""well_formed"":true}","Record the frozen technical outcome separately from semantic fidelity; successful processing is not semantic preservation.","success with warning; ImportLog=success; warnings=no_movements,no_instrumentation,no_source_references,no_performance_information","{""stage_a"":{""classification"":""success with warning"",""exactly_one_import_log"":true,""import_log_status"":""success"",""warning_categories"":[""no_movements"",""no_instrumentation"",""no_source_references"",""no_performance_information""],""warning_count"":4,""work_row_remains"":true},""stored_work_id"":1}","{""database_equality"":true,""detail_http_status"":200,""index_present"":true}","not applicable","false","The record has an accountable successful Stage A import and is present in both limited API checks. This is a technical outcome, not a semantic mapping assertion, so it is classified not applicable and excluded from the semantic denominator. Limited API equality with the canonical database does not by itself establish official-source fidelity or usability."
"boundary_stress","CNW Coll. 18","dcm-catalogue-data/cnw/data-cnw/03f4c141-9dab-46d7-b8c1-9d0000cc997a.xml","COLL18-B01","work_identity","count(//mei:work); (//mei:work)[1]/mei:identifier","{""identifiers"":[{""type"":""CNW"",""value"":""Coll. 18""},{""type"":""CNU"",""value"":""III/5, 145–181, 199""},{""type"":""FS"",""value"":""103""}],""work_count"":1}","Represent the collection record as one work without splitting or conflating its graph-linked parts.","success with warning; ImportLog=success; warnings=no_movements,no_instrumentation,no_source_references,no_performance_information","{""catalogue_identifiers"":[{""type"":""CNW"",""value"":""Coll. 18""},{""type"":""CNU"",""value"":""III/5, 145–181, 199""},{""type"":""FS"",""value"":""103""}],""title"":""Bidrag til \""Folkehøjskolens Melodibog\"" (ca. 1923)"",""work_id"":1}","{""database_equality"":true,""detail_http_status"":200,""exposed"":{""catalogue_identifiers"":[{""type"":""CNW"",""value"":""Coll. 18""},{""type"":""CNU"",""value"":""III/5, 145–181, 199""},{""type"":""FS"",""value"":""103""}],""id"":1,""source_identifier"":""work_id0a5a469e"",""title"":""Bidrag til \""Folkehøjskolens Melodibog\"" (ca. 1923)""},""index_present"":true}","preserved","true","The official collection is represented by one stored work with the CNW Coll. 18 identifier and one API detail object, preserving the one-work collection identity at this bounded level. Limited API equality with the canonical database does not by itself establish official-source fidelity or usability."
"boundary_stress","CNW Coll. 18","dcm-catalogue-data/cnw/data-cnw/03f4c141-9dab-46d7-b8c1-9d0000cc997a.xml","COLL18-B02","relation_target","count((//mei:work)[1]//mei:relation)","{""relations"":40}","Retain all 40 collection-graph relations with their relation categories.","success with warning; ImportLog=success; warnings=no_movements,no_instrumentation,no_source_references,no_performance_information","{""external_reference_count"":42,""mechanical_target_categories"":{""relative_target"":42},""rows"":[{""label"":""Tillæg til Folkehøjskolens Melodibog"",""target"":""document.xq?doc=22225579311185.xml""},{""label"":""Fire folkelige Melodier"",""target"":""document.xq?doc=50911efc-3712-40bf-8695-bf4614e722c4.xml""},{""label"":""isRevisionOf"",""target"":""22225400586721.xml""},{""label"":""hasRevision"",""target"":""ef9c5b1c-889e-47bd-80c8-37902eb9e1a6.xml""},{""label"":""hasPart"",""target"":""cnw0243.xml""},{""omitted_middle_count"":32},{""label"":""hasPart"",""target"":""cnw0258.xml""},{""label"":""hasPart"",""target"":""cnw0259.xml""},{""label"":""hasPart"",""target"":""cnw0260.xml""},{""label"":""hasPart"",""target"":""cnw0318.xml""},{""label"":""hasPart"",""target"":""cnw0261.xml""}],""stored_domain"":""ExternalReference""}","{""database_equality"":true,""detail_http_status"":200,""exposed"":{""external_reference_count"":42,""external_references"":[{""label"":""Tillæg til Folkehøjskolens Melodibog"",""url"":""document.xq?doc=22225579311185.xml""},{""label"":""Fire folkelige Melodier"",""url"":""document.xq?doc=50911efc-3712-40bf-8695-bf4614e722c4.xml""},{""label"":""isRevisionOf"",""url"":""22225400586721.xml""},{""label"":""hasRevision"",""url"":""ef9c5b1c-889e-47bd-80c8-37902eb9e1a6.xml""},{""label"":""hasPart"",""url"":""cnw0243.xml""},{""omitted_middle_count"":32},{""label"":""hasPart"",""url"":""cnw0258.xml""},{""label"":""hasPart"",""url"":""cnw0259.xml""},{""label"":""hasPart"",""url"":""cnw0260.xml""},{""label"":""hasPart"",""url"":""cnw0318.xml""},{""label"":""hasPart"",""url"":""cnw0261.xml""}],""relation_or_target_category_fields"":[]},""index_present"":true}","incorrect","true","Targets from all 40 relation nodes are present among 42 stored ExternalReference rows, but the internal collection-graph relations are materially mislabelled in the ExternalReference domain and are not represented separately from two ref targets. Under the compound-assertion rule, that contradictory domain label makes the assertion incorrect despite retained target values and labels. Limited API equality with the canonical database does not by itself establish official-source fidelity or usability."
"boundary_stress","CNW Coll. 18","dcm-catalogue-data/cnw/data-cnw/03f4c141-9dab-46d7-b8c1-9d0000cc997a.xml","COLL18-B03","relation_target","count((//mei:work)[1]//mei:relation[@rel='hasPart'])","{""has_part_relations"":38}","Retain all 38 `hasPart` relations as internal collection-graph relationships.","success with warning; ImportLog=success; warnings=no_movements,no_instrumentation,no_source_references,no_performance_information","{""external_reference_count"":42,""mechanical_target_categories"":{""relative_target"":42},""rows"":[{""label"":""Tillæg til Folkehøjskolens Melodibog"",""target"":""document.xq?doc=22225579311185.xml""},{""label"":""Fire folkelige Melodier"",""target"":""document.xq?doc=50911efc-3712-40bf-8695-bf4614e722c4.xml""},{""label"":""isRevisionOf"",""target"":""22225400586721.xml""},{""label"":""hasRevision"",""target"":""ef9c5b1c-889e-47bd-80c8-37902eb9e1a6.xml""},{""label"":""hasPart"",""target"":""cnw0243.xml""},{""omitted_middle_count"":32},{""label"":""hasPart"",""target"":""cnw0258.xml""},{""label"":""hasPart"",""target"":""cnw0259.xml""},{""label"":""hasPart"",""target"":""cnw0260.xml""},{""label"":""hasPart"",""target"":""cnw0318.xml""},{""label"":""hasPart"",""target"":""cnw0261.xml""}],""stored_domain"":""ExternalReference""}","{""database_equality"":true,""detail_http_status"":200,""exposed"":{""external_reference_count"":42,""external_references"":[{""label"":""Tillæg til Folkehøjskolens Melodibog"",""url"":""document.xq?doc=22225579311185.xml""},{""label"":""Fire folkelige Melodier"",""url"":""document.xq?doc=50911efc-3712-40bf-8695-bf4614e722c4.xml""},{""label"":""isRevisionOf"",""url"":""22225400586721.xml""},{""label"":""hasRevision"",""url"":""ef9c5b1c-889e-47bd-80c8-37902eb9e1a6.xml""},{""label"":""hasPart"",""url"":""cnw0243.xml""},{""omitted_middle_count"":32},{""label"":""hasPart"",""url"":""cnw0258.xml""},{""label"":""hasPart"",""url"":""cnw0259.xml""},{""label"":""hasPart"",""url"":""cnw0260.xml""},{""label"":""hasPart"",""url"":""cnw0318.xml""},{""label"":""hasPart"",""url"":""cnw0261.xml""}],""relation_or_target_category_fields"":[]},""index_present"":true}","incorrect","true","The 38 hasPart targets and labels survive, but they are stored in the ExternalReference domain rather than as internal collection-graph relationships. This material category mislabelling makes the assertion incorrect. Limited API equality with the canonical database does not by itself establish official-source fidelity or usability."
"boundary_stress","CNW Coll. 18","dcm-catalogue-data/cnw/data-cnw/03f4c141-9dab-46d7-b8c1-9d0000cc997a.xml","COLL18-B04","performance_event","count((//mei:work)[1]//mei:event)","{""events"":0}","Preserve the absence of event structures.","success with warning; ImportLog=success; warnings=no_movements,no_instrumentation,no_source_references,no_performance_information","{""performance_count"":0,""rows"":[]}","{""database_equality"":true,""detail_http_status"":200,""exposed"":{""performances"":[]},""index_present"":true}","preserved","true","The official record has zero events and the database/API contain zero performance rows, preserving the asserted absence. Limited API equality with the canonical database does not by itself establish official-source fidelity or usability."
"boundary_stress","CNW Coll. 18","dcm-catalogue-data/cnw/data-cnw/03f4c141-9dab-46d7-b8c1-9d0000cc997a.xml","COLL18-B05","relation_target","(//mei:work)[1]//mei:relation[@target] | (//mei:work)[1]//mei:ref[@target] | (//mei:work)[1]//mei:ptr[@target]","{""absolute_work_urls"":0}","Preserve the distinction that none of the work-level targets is an absolute URL.","success with warning; ImportLog=success; warnings=no_movements,no_instrumentation,no_source_references,no_performance_information","{""external_reference_count"":42,""mechanical_target_categories"":{""relative_target"":42},""rows"":[{""label"":""Tillæg til Folkehøjskolens Melodibog"",""target"":""document.xq?doc=22225579311185.xml""},{""label"":""Fire folkelige Melodier"",""target"":""document.xq?doc=50911efc-3712-40bf-8695-bf4614e722c4.xml""},{""label"":""isRevisionOf"",""target"":""22225400586721.xml""},{""label"":""hasRevision"",""target"":""ef9c5b1c-889e-47bd-80c8-37902eb9e1a6.xml""},{""label"":""hasPart"",""target"":""cnw0243.xml""},{""omitted_middle_count"":32},{""label"":""hasPart"",""target"":""cnw0258.xml""},{""label"":""hasPart"",""target"":""cnw0259.xml""},{""label"":""hasPart"",""target"":""cnw0260.xml""},{""label"":""hasPart"",""target"":""cnw0318.xml""},{""label"":""hasPart"",""target"":""cnw0261.xml""}],""stored_domain"":""ExternalReference""}","{""database_equality"":true,""detail_http_status"":200,""exposed"":{""external_reference_count"":42,""external_references"":[{""label"":""Tillæg til Folkehøjskolens Melodibog"",""url"":""document.xq?doc=22225579311185.xml""},{""label"":""Fire folkelige Melodier"",""url"":""document.xq?doc=50911efc-3712-40bf-8695-bf4614e722c4.xml""},{""label"":""isRevisionOf"",""url"":""22225400586721.xml""},{""label"":""hasRevision"",""url"":""ef9c5b1c-889e-47bd-80c8-37902eb9e1a6.xml""},{""label"":""hasPart"",""url"":""cnw0243.xml""},{""omitted_middle_count"":32},{""label"":""hasPart"",""url"":""cnw0258.xml""},{""label"":""hasPart"",""url"":""cnw0259.xml""},{""label"":""hasPart"",""url"":""cnw0260.xml""},{""label"":""hasPart"",""url"":""cnw0318.xml""},{""label"":""hasPart"",""url"":""cnw0261.xml""}],""relation_or_target_category_fields"":[]},""index_present"":true}","preserved","true","All 42 stored graph-target strings remain non-absolute, matching the official absence of absolute work URLs. This bounded absence is preserved even though their domain mapping is assessed separately. Limited API equality with the canonical database does not by itself establish official-source fidelity or usability."
"boundary_stress","CNW Coll. 18","dcm-catalogue-data/cnw/data-cnw/03f4c141-9dab-46d7-b8c1-9d0000cc997a.xml","COLL18-B06","relation_target","(//mei:work)[1]//mei:relation[@target] | (//mei:work)[1]//mei:ref[@target] | (//mei:work)[1]//mei:ptr[@target]","{""absolute_count"":0,""has_part_count"":38,""relation_count"":40,""target_count"":42}","Retain internal/relative collection-graph targets as graph relations rather than mislabelling them as external links.","success with warning; ImportLog=success; warnings=no_movements,no_instrumentation,no_source_references,no_performance_information","{""external_reference_count"":42,""mechanical_target_categories"":{""relative_target"":42},""rows"":[{""label"":""Tillæg til Folkehøjskolens Melodibog"",""target"":""document.xq?doc=22225579311185.xml""},{""label"":""Fire folkelige Melodier"",""target"":""document.xq?doc=50911efc-3712-40bf-8695-bf4614e722c4.xml""},{""label"":""isRevisionOf"",""target"":""22225400586721.xml""},{""label"":""hasRevision"",""target"":""ef9c5b1c-889e-47bd-80c8-37902eb9e1a6.xml""},{""label"":""hasPart"",""target"":""cnw0243.xml""},{""omitted_middle_count"":32},{""label"":""hasPart"",""target"":""cnw0258.xml""},{""label"":""hasPart"",""target"":""cnw0259.xml""},{""label"":""hasPart"",""target"":""cnw0260.xml""},{""label"":""hasPart"",""target"":""cnw0318.xml""},{""label"":""hasPart"",""target"":""cnw0261.xml""}],""stored_domain"":""ExternalReference""}","{""database_equality"":true,""detail_http_status"":200,""exposed"":{""external_reference_count"":42,""external_references"":[{""label"":""Tillæg til Folkehøjskolens Melodibog"",""url"":""document.xq?doc=22225579311185.xml""},{""label"":""Fire folkelige Melodier"",""url"":""document.xq?doc=50911efc-3712-40bf-8695-bf4614e722c4.xml""},{""label"":""isRevisionOf"",""url"":""22225400586721.xml""},{""label"":""hasRevision"",""url"":""ef9c5b1c-889e-47bd-80c8-37902eb9e1a6.xml""},{""label"":""hasPart"",""url"":""cnw0243.xml""},{""omitted_middle_count"":32},{""label"":""hasPart"",""url"":""cnw0258.xml""},{""label"":""hasPart"",""url"":""cnw0259.xml""},{""label"":""hasPart"",""url"":""cnw0260.xml""},{""label"":""hasPart"",""url"":""cnw0318.xml""},{""label"":""hasPart"",""url"":""cnw0261.xml""}],""relation_or_target_category_fields"":[]},""index_present"":true}","incorrect","true","Every internal/relative collection-graph target is exposed through ExternalReference rows. The values survive, but the graph is materially misclassified as external links, so the mapping assertion is incorrect. Limited API equality with the canonical database does not by itself establish official-source fidelity or usability."
"boundary_stress","CNW 17","dcm-catalogue-data/cnw/data-cnw/cnw0017.xml","17-T01","technical_import","archive-member:dcm-catalogue-data/cnw/data-cnw/cnw0017.xml; (//mei:work)[1]","{""file_size"":583753,""namespace"":""http://www.music-encoding.org/ns/mei"",""stage_a_classification"":""success with warning"",""stage_a_import_log_status"":""success"",""well_formed"":true}","Record the frozen technical outcome separately from semantic fidelity; successful processing is not semantic preservation.","success with warning; ImportLog=success; warnings=no_movements,no_source_references,no_performance_information","{""stage_a"":{""classification"":""success with warning"",""exactly_one_import_log"":true,""import_log_status"":""success"",""warning_categories"":[""no_movements"",""no_source_references"",""no_performance_information""],""warning_count"":3,""work_row_remains"":true},""stored_work_id"":49}","{""database_equality"":true,""detail_http_status"":200,""index_present"":true}","not applicable","false","The record has an accountable successful Stage A import and is present in both limited API checks. This is a technical outcome, not a semantic mapping assertion, so it is classified not applicable and excluded from the semantic denominator. Limited API equality with the canonical database does not by itself establish official-source fidelity or usability."
"boundary_stress","CNW 17","dcm-catalogue-data/cnw/data-cnw/cnw0017.xml","17-B01","component_structure","count((//mei:work)[1]//mei:expression)","{""expressions"":57}","Represent all 57 expressions without assuming each expression is a musical movement.","success with warning; ImportLog=success; warnings=no_movements,no_source_references,no_performance_information","{""expression_or_component_rows"":[],""movement_count"":0,""movement_rows"":[]}","{""database_equality"":true,""detail_http_status"":200,""exposed"":{""expression_or_component_fields"":[],""movements"":[]},""index_present"":true}","omitted","true","The importer does not map MEI expression/component structures to the baseline model; zero movement rows do not represent the asserted hierarchy or values. The source structure is therefore omitted, and no claim is made that each expression is a musical movement. Limited API equality with the canonical database does not by itself establish official-source fidelity or usability."
"boundary_stress","CNW 17","dcm-catalogue-data/cnw/data-cnw/cnw0017.xml","17-B02","component_structure","count((//mei:work)[1]//mei:componentList)","{""component_lists"":11}","Represent all 11 component-list structures and their hierarchy.","success with warning; ImportLog=success; warnings=no_movements,no_source_references,no_performance_information","{""expression_or_component_rows"":[],""movement_count"":0,""movement_rows"":[]}","{""database_equality"":true,""detail_http_status"":200,""exposed"":{""expression_or_component_fields"":[],""movements"":[]},""index_present"":true}","omitted","true","The importer does not map MEI expression/component structures to the baseline model; zero movement rows do not represent the asserted hierarchy or values. The source structure is therefore omitted, and no claim is made that each expression is a musical movement. Limited API equality with the canonical database does not by itself establish official-source fidelity or usability."
"boundary_stress","CNW 17","dcm-catalogue-data/cnw/data-cnw/cnw0017.xml","17-B03","instrumentation","count((//mei:work)[1]//mei:perfRes[normalize-space()])","{""perf_res"":62}","Represent all 62 populated performance resources and their material attributes.","success with warning; ImportLog=success; warnings=no_movements,no_source_references,no_performance_information","{""codedval_or_solo_fields"":[],""instrumentation_count"":36,""rows"":[{""name"":""1 fl."",""section"":""perfResList""},{""name"":""2 fl./fl.picc."",""section"":""perfResList""},{""name"":""2 ob."",""section"":""perfResList""},{""name"":""1 cor.ingl."",""section"":""perfResList""},{""name"":""2 cl."",""section"":""perfResList""},{""omitted_middle_count"":26},{""name"":""1 B."",""section"":""perfResList""},{""name"":""2 fl."",""section"":""perfResList""},{""name"":""1 fl.picc."",""section"":""perfResList""},{""name"":""1 tamb.picc."",""section"":""perfResList""},{""name"":""1 pf."",""section"":""perfResList""}]}","{""database_equality"":true,""detail_http_status"":200,""exposed"":{""instrumentation"":[""1 A."",""1 B."",""1 S."",""1 T."",""1 arpa"",{""omitted_middle_count"":26},""2 ob."",""2 tr."",""2 trb.t."",""4 cor."",""4 tamb.picc.""],""instrumentation_sections_or_attributes"":[]},""index_present"":true}","omitted","true","Thirty-six instrumentation rows represent only a subset of the 62 populated perfRes elements because name-based normalization and deduplication collapse source resource occurrences; material resource attributes are also absent. The surviving rows do not contradict the source, so the missing information is classified as omitted. Limited API equality with the canonical database does not by itself establish official-source fidelity or usability."
"boundary_stress","CNW 17","dcm-catalogue-data/cnw/data-cnw/cnw0017.xml","17-B04","source_description","count(//mei:manifestation)","{""manifestations"":15}","Represent all 15 manifestations in the intended source-reference domain.","success with warning; ImportLog=success; warnings=no_movements,no_source_references,no_performance_information","{""rows"":[],""source_reference_count"":0}","{""database_equality"":true,""detail_http_status"":200,""exposed"":{""sources"":[]},""index_present"":true}","omitted","true","The official manifestation/item information has no stored source-reference representation; the database and API source arrays are empty. The asserted information is missing without a contradictory replacement, so it is omitted. Limited API equality with the canonical database does not by itself establish official-source fidelity or usability."
"boundary_stress","CNW 17","dcm-catalogue-data/cnw/data-cnw/cnw0017.xml","17-B05","source_description","count(//mei:manifestation//mei:item)","{""held_items"":13}","Represent all 13 held items and their manifestation relationships.","success with warning; ImportLog=success; warnings=no_movements,no_source_references,no_performance_information","{""rows"":[],""source_reference_count"":0}","{""database_equality"":true,""detail_http_status"":200,""exposed"":{""sources"":[]},""index_present"":true}","omitted","true","The official manifestation/item information has no stored source-reference representation; the database and API source arrays are empty. The asserted information is missing without a contradictory replacement, so it is omitted. Limited API equality with the canonical database does not by itself establish official-source fidelity or usability."
"boundary_stress","CNW 17","dcm-catalogue-data/cnw/data-cnw/cnw0017.xml","17-B06","performance_event","count((//mei:work)[1]//mei:event)","{""events"":211}","Represent all 211 catalogue events in the performance domain where applicable.","success with warning; ImportLog=success; warnings=no_movements,no_source_references,no_performance_information","{""performance_count"":0,""rows"":[]}","{""database_equality"":true,""detail_http_status"":200,""exposed"":{""performances"":[]},""index_present"":true}","omitted","true","The official event structure is not represented: the canonical database has zero performance rows and the API performance array is empty. The asserted event information is omitted rather than contradicted. Limited API equality with the canonical database does not by itself establish official-source fidelity or usability."
"boundary_stress","CNW 17","dcm-catalogue-data/cnw/data-cnw/cnw0017.xml","17-B07","relation_target","count((//mei:work)[1]//*[@target])","{""target_attributes"":92}","Retain all 92 asserted target attributes with their structural categories.","success with warning; ImportLog=success; warnings=no_movements,no_source_references,no_performance_information","{""external_reference_count"":8,""mechanical_target_categories"":{""relative_target"":5,""root_relative_target"":3},""rows"":[{""label"":""hasArrangement"",""target"":""cnw0227.xml""},{""label"":""hasArrangement"",""target"":""cnw0228.xml""},{""label"":""hasArrangement"",""target"":""cnw0229.xml""},{""label"":""hasReproduction"",""target"":""/dcm/assets/cnu/pdf/CNU_I_08_aladdin.pdf""},{""label"":""hasReproduction"",""target"":""/dcm/assets/cnu/pdf/CNU_II_08a_aladdin_suite.pdf""},{""label"":""hasReproduction"",""target"":""/dcm/assets/cnu/pdf/CNU_IV_01_juvenilia_et_addenda.pdf#page=268""},{""label"":""hasArrangement"",""target"":""29ed9322-a12d-4efe-bb1a-513797128bfe.xml""},{""label"":""hasArrangement"",""target"":""appendix.xq#CNW_17""}],""stored_domain"":""ExternalReference""}","{""database_equality"":true,""detail_http_status"":200,""exposed"":{""external_reference_count"":8,""external_references"":[{""label"":""hasArrangement"",""url"":""cnw0227.xml""},{""label"":""hasArrangement"",""url"":""cnw0228.xml""},{""label"":""hasArrangement"",""url"":""cnw0229.xml""},{""label"":""hasReproduction"",""url"":""/dcm/assets/cnu/pdf/CNU_I_08_aladdin.pdf""},{""label"":""hasReproduction"",""url"":""/dcm/assets/cnu/pdf/CNU_II_08a_aladdin_suite.pdf""},{""label"":""hasReproduction"",""url"":""/dcm/assets/cnu/pdf/CNU_IV_01_juvenilia_et_addenda.pdf#page=268""},{""label"":""hasArrangement"",""url"":""29ed9322-a12d-4efe-bb1a-513797128bfe.xml""},{""label"":""hasArrangement"",""url"":""appendix.xq#CNW_17""}],""relation_or_target_category_fields"":[]},""index_present"":true}","incorrect","true","Eighty-four graphic targets are omitted, while the eight retained internal or relative relation targets are stored in the ExternalReference domain. Because the compound assertion includes a material category mislabelling, it is classified as incorrect; this decision is not based merely on the difference between 92 source targets and eight stored rows. Limited API equality with the canonical database does not by itself establish official-source fidelity or usability."
"boundary_stress","CNW 17","dcm-catalogue-data/cnw/data-cnw/cnw0017.xml","17-B08","relation_target","(//mei:work)[1]//*[@target]","{""absolute_count"":0,""target_attributes"":92}","Retain the internal/relative category of every target rather than presenting it as an external link.","success with warning; ImportLog=success; warnings=no_movements,no_source_references,no_performance_information","{""external_reference_count"":8,""mechanical_target_categories"":{""relative_target"":5,""root_relative_target"":3},""rows"":[{""label"":""hasArrangement"",""target"":""cnw0227.xml""},{""label"":""hasArrangement"",""target"":""cnw0228.xml""},{""label"":""hasArrangement"",""target"":""cnw0229.xml""},{""label"":""hasReproduction"",""target"":""/dcm/assets/cnu/pdf/CNU_I_08_aladdin.pdf""},{""label"":""hasReproduction"",""target"":""/dcm/assets/cnu/pdf/CNU_II_08a_aladdin_suite.pdf""},{""label"":""hasReproduction"",""target"":""/dcm/assets/cnu/pdf/CNU_IV_01_juvenilia_et_addenda.pdf#page=268""},{""label"":""hasArrangement"",""target"":""29ed9322-a12d-4efe-bb1a-513797128bfe.xml""},{""label"":""hasArrangement"",""target"":""appendix.xq#CNW_17""}],""stored_domain"":""ExternalReference""}","{""database_equality"":true,""detail_http_status"":200,""exposed"":{""external_reference_count"":8,""external_references"":[{""label"":""hasArrangement"",""url"":""cnw0227.xml""},{""label"":""hasArrangement"",""url"":""cnw0228.xml""},{""label"":""hasArrangement"",""url"":""cnw0229.xml""},{""label"":""hasReproduction"",""url"":""/dcm/assets/cnu/pdf/CNU_I_08_aladdin.pdf""},{""label"":""hasReproduction"",""url"":""/dcm/assets/cnu/pdf/CNU_II_08a_aladdin_suite.pdf""},{""label"":""hasReproduction"",""url"":""/dcm/assets/cnu/pdf/CNU_IV_01_juvenilia_et_addenda.pdf#page=268""},{""label"":""hasArrangement"",""url"":""29ed9322-a12d-4efe-bb1a-513797128bfe.xml""},{""label"":""hasArrangement"",""url"":""appendix.xq#CNW_17""}],""relation_or_target_category_fields"":[]},""index_present"":true}","omitted","true","The eight retained relation targets remain non-absolute, but 84 non-absolute graphic targets are missing. No contradictory absolute target is introduced, so the incomplete compound assertion is omitted. Limited API equality with the canonical database does not by itself establish official-source fidelity or usability."
"boundary_stress","CNW 17","dcm-catalogue-data/cnw/data-cnw/cnw0017.xml","17-B09","relation_target","count((//mei:work)[1]//mei:graphic[@target])","{""graphic_targets"":84}","Retain the 84 graphic targets as graphic/incipit references.","success with warning; ImportLog=success; warnings=no_movements,no_source_references,no_performance_information","{""external_reference_count"":8,""mechanical_target_categories"":{""relative_target"":5,""root_relative_target"":3},""rows"":[{""label"":""hasArrangement"",""target"":""cnw0227.xml""},{""label"":""hasArrangement"",""target"":""cnw0228.xml""},{""label"":""hasArrangement"",""target"":""cnw0229.xml""},{""label"":""hasReproduction"",""target"":""/dcm/assets/cnu/pdf/CNU_I_08_aladdin.pdf""},{""label"":""hasReproduction"",""target"":""/dcm/assets/cnu/pdf/CNU_II_08a_aladdin_suite.pdf""},{""label"":""hasReproduction"",""target"":""/dcm/assets/cnu/pdf/CNU_IV_01_juvenilia_et_addenda.pdf#page=268""},{""label"":""hasArrangement"",""target"":""29ed9322-a12d-4efe-bb1a-513797128bfe.xml""},{""label"":""hasArrangement"",""target"":""appendix.xq#CNW_17""}],""stored_domain"":""ExternalReference""}","{""database_equality"":true,""detail_http_status"":200,""exposed"":{""external_reference_count"":8,""external_references"":[{""label"":""hasArrangement"",""url"":""cnw0227.xml""},{""label"":""hasArrangement"",""url"":""cnw0228.xml""},{""label"":""hasArrangement"",""url"":""cnw0229.xml""},{""label"":""hasReproduction"",""url"":""/dcm/assets/cnu/pdf/CNU_I_08_aladdin.pdf""},{""label"":""hasReproduction"",""url"":""/dcm/assets/cnu/pdf/CNU_II_08a_aladdin_suite.pdf""},{""label"":""hasReproduction"",""url"":""/dcm/assets/cnu/pdf/CNU_IV_01_juvenilia_et_addenda.pdf#page=268""},{""label"":""hasArrangement"",""url"":""29ed9322-a12d-4efe-bb1a-513797128bfe.xml""},{""label"":""hasArrangement"",""url"":""appendix.xq#CNW_17""}],""relation_or_target_category_fields"":[]},""index_present"":true}","omitted","true","All 84 graphic targets lack a stored/API representation. Their information is omitted without a contradictory replacement. Limited API equality with the canonical database does not by itself establish official-source fidelity or usability."
"boundary_stress","CNW 17","dcm-catalogue-data/cnw/data-cnw/cnw0017.xml","17-B10","relation_target","count((//mei:work)[1]//mei:relation[@target])","{""relation_targets"":8}","Retain the eight relation targets with internal relation semantics.","success with warning; ImportLog=success; warnings=no_movements,no_source_references,no_performance_information","{""external_reference_count"":8,""mechanical_target_categories"":{""relative_target"":5,""root_relative_target"":3},""rows"":[{""label"":""hasArrangement"",""target"":""cnw0227.xml""},{""label"":""hasArrangement"",""target"":""cnw0228.xml""},{""label"":""hasArrangement"",""target"":""cnw0229.xml""},{""label"":""hasReproduction"",""target"":""/dcm/assets/cnu/pdf/CNU_I_08_aladdin.pdf""},{""label"":""hasReproduction"",""target"":""/dcm/assets/cnu/pdf/CNU_II_08a_aladdin_suite.pdf""},{""label"":""hasReproduction"",""target"":""/dcm/assets/cnu/pdf/CNU_IV_01_juvenilia_et_addenda.pdf#page=268""},{""label"":""hasArrangement"",""target"":""29ed9322-a12d-4efe-bb1a-513797128bfe.xml""},{""label"":""hasArrangement"",""target"":""appendix.xq#CNW_17""}],""stored_domain"":""ExternalReference""}","{""database_equality"":true,""detail_http_status"":200,""exposed"":{""external_reference_count"":8,""external_references"":[{""label"":""hasArrangement"",""url"":""cnw0227.xml""},{""label"":""hasArrangement"",""url"":""cnw0228.xml""},{""label"":""hasArrangement"",""url"":""cnw0229.xml""},{""label"":""hasReproduction"",""url"":""/dcm/assets/cnu/pdf/CNU_I_08_aladdin.pdf""},{""label"":""hasReproduction"",""url"":""/dcm/assets/cnu/pdf/CNU_II_08a_aladdin_suite.pdf""},{""label"":""hasReproduction"",""url"":""/dcm/assets/cnu/pdf/CNU_IV_01_juvenilia_et_addenda.pdf#page=268""},{""label"":""hasArrangement"",""url"":""29ed9322-a12d-4efe-bb1a-513797128bfe.xml""},{""label"":""hasArrangement"",""url"":""appendix.xq#CNW_17""}],""relation_or_target_category_fields"":[]},""index_present"":true}","incorrect","true","All eight relation target strings survive, but they are represented as ExternalReference rows rather than internal relations. This material category mislabelling makes the assertion incorrect. Limited API equality with the canonical database does not by itself establish official-source fidelity or usability."
"boundary_stress","CNW 2","dcm-catalogue-data/cnw/data-cnw/cnw0002.xml","2-T01","technical_import","archive-member:dcm-catalogue-data/cnw/data-cnw/cnw0002.xml; (//mei:work)[1]","{""file_size"":1539005,""namespace"":""http://www.music-encoding.org/ns/mei"",""stage_a_classification"":""success with warning"",""stage_a_import_log_status"":""success"",""well_formed"":true}","Record the frozen technical outcome separately from semantic fidelity; successful processing is not semantic preservation.","success with warning; ImportLog=success; warnings=no_movements,no_source_references,no_performance_information","{""stage_a"":{""classification"":""success with warning"",""exactly_one_import_log"":true,""import_log_status"":""success"",""warning_categories"":[""no_movements"",""no_source_references"",""no_performance_information""],""warning_count"":3,""work_row_remains"":true},""stored_work_id"":34}","{""database_equality"":true,""detail_http_status"":200,""index_present"":true}","not applicable","false","The record has an accountable successful Stage A import and is present in both limited API checks. This is a technical outcome, not a semantic mapping assertion, so it is classified not applicable and excluded from the semantic denominator. Limited API equality with the canonical database does not by itself establish official-source fidelity or usability."
"boundary_stress","CNW 2","dcm-catalogue-data/cnw/data-cnw/cnw0002.xml","2-T02","technical_import","archive-member:dcm-catalogue-data/cnw/data-cnw/cnw0002.xml; docs/report_evidence/phase2_sample_manifest.csv#CNW 2","{""corpus_max_size_confirmed"":true,""file_size"":1539005,""manifest_size_bytes"":1539005,""namespace"":""http://www.music-encoding.org/ns/mei"",""stage_a_classification"":""success with warning"",""stage_a_import_log_status"":""success"",""well_formed"":true}","Record whether the baseline processes the corpus-maximum 1,539,005-byte official XML file without failure; this is technical-only.","success with warning; ImportLog=success; warnings=no_movements,no_source_references,no_performance_information","{""stage_a"":{""classification"":""success with warning"",""exactly_one_import_log"":true,""import_log_status"":""success"",""warning_categories"":[""no_movements"",""no_source_references"",""no_performance_information""],""warning_count"":3,""work_row_remains"":true},""stored_work_id"":34}","{""database_equality"":true,""detail_http_status"":200,""index_present"":true}","not applicable","false","The 1,539,005-byte corpus-maximum file imported successfully and is available through both limited API checks. Largest-file handling is technical-only, so it is not applicable to semantic fidelity and is excluded from the denominator. Limited API equality with the canonical database does not by itself establish official-source fidelity or usability."
"boundary_stress","CNW 2","dcm-catalogue-data/cnw/data-cnw/cnw0002.xml","2-B01","component_structure","count((//mei:work)[1]//mei:expression)","{""expressions"":54}","Represent all 54 expressions without assuming each expression is a musical movement.","success with warning; ImportLog=success; warnings=no_movements,no_source_references,no_performance_information","{""expression_or_component_rows"":[],""movement_count"":0,""movement_rows"":[]}","{""database_equality"":true,""detail_http_status"":200,""exposed"":{""expression_or_component_fields"":[],""movements"":[]},""index_present"":true}","omitted","true","The importer does not map MEI expression/component structures to the baseline model; zero movement rows do not represent the asserted hierarchy or values. The source structure is therefore omitted, and no claim is made that each expression is a musical movement. Limited API equality with the canonical database does not by itself establish official-source fidelity or usability."
"boundary_stress","CNW 2","dcm-catalogue-data/cnw/data-cnw/cnw0002.xml","2-B02","instrumentation","count((//mei:work)[1]//mei:perfRes[normalize-space()])","{""perf_res"":50}","Represent all 50 populated performance resources and their material attributes.","success with warning; ImportLog=success; warnings=no_movements,no_source_references,no_performance_information","{""codedval_or_solo_fields"":[],""instrumentation_count"":33,""rows"":[{""name"":""B."",""section"":""castItem""},{""name"":""Mezz.S."",""section"":""castItem""},{""name"":""T."",""section"":""castItem""},{""name"":""B.Bar."",""section"":""castItem""},{""name"":""T.Bar."",""section"":""castItem""},{""omitted_middle_count"":23},{""name"":""1 vl.1"",""section"":""perfResList""},{""name"":""1 vl.2"",""section"":""perfResList""},{""name"":""1 va."",""section"":""perfResList""},{""name"":""1 vc."",""section"":""perfResList""},{""name"":""1 cb."",""section"":""perfResList""}]}","{""database_equality"":true,""detail_http_status"":200,""exposed"":{""instrumentation"":[""1 camp."",""1 cast."",""1 cb."",""1 cl.b."",""1 cor.ingl."",{""omitted_middle_count"":23},""Bar."",""Mezz.S."",""S."",""T."",""T.Bar.""],""instrumentation_sections_or_attributes"":[]},""index_present"":true}","omitted","true","Thirty-three instrumentation rows represent only a subset of the 50 populated perfRes elements because source resource occurrences and attributes are lost during normalization and deduplication. The surviving rows do not contradict the source, so the missing information is classified as omitted. Limited API equality with the canonical database does not by itself establish official-source fidelity or usability."
"boundary_stress","CNW 2","dcm-catalogue-data/cnw/data-cnw/cnw0002.xml","2-B03","source_description","count(//mei:manifestation)","{""manifestations"":39}","Represent all 39 manifestations in the intended source-reference domain.","success with warning; ImportLog=success; warnings=no_movements,no_source_references,no_performance_information","{""rows"":[],""source_reference_count"":0}","{""database_equality"":true,""detail_http_status"":200,""exposed"":{""sources"":[]},""index_present"":true}","omitted","true","The official manifestation/item information has no stored source-reference representation; the database and API source arrays are empty. The asserted information is missing without a contradictory replacement, so it is omitted. Limited API equality with the canonical database does not by itself establish official-source fidelity or usability."
"boundary_stress","CNW 2","dcm-catalogue-data/cnw/data-cnw/cnw0002.xml","2-B04","source_description","count(//mei:manifestation//mei:item)","{""held_items"":38}","Represent all 38 held items and their manifestation relationships.","success with warning; ImportLog=success; warnings=no_movements,no_source_references,no_performance_information","{""rows"":[],""source_reference_count"":0}","{""database_equality"":true,""detail_http_status"":200,""exposed"":{""sources"":[]},""index_present"":true}","omitted","true","The official manifestation/item information has no stored source-reference representation; the database and API source arrays are empty. The asserted information is missing without a contradictory replacement, so it is omitted. Limited API equality with the canonical database does not by itself establish official-source fidelity or usability."
"boundary_stress","CNW 2","dcm-catalogue-data/cnw/data-cnw/cnw0002.xml","2-B05","performance_event","count((//mei:work)[1]//mei:event)","{""events"":602}","Represent all 602 catalogue events in the performance domain where applicable.","success with warning; ImportLog=success; warnings=no_movements,no_source_references,no_performance_information","{""performance_count"":0,""rows"":[]}","{""database_equality"":true,""detail_http_status"":200,""exposed"":{""performances"":[]},""index_present"":true}","omitted","true","The official event structure is not represented: the canonical database has zero performance rows and the API performance array is empty. The asserted event information is omitted rather than contradicted. Limited API equality with the canonical database does not by itself establish official-source fidelity or usability."
"boundary_stress","CNW 2","dcm-catalogue-data/cnw/data-cnw/cnw0002.xml","2-B06","relation_target","count((//mei:work)[1]//*[@target])","{""target_attributes"":106}","Retain all 106 asserted target attributes with their structural categories.","success with warning; ImportLog=success; warnings=no_movements,no_source_references,no_performance_information","{""external_reference_count"":6,""mechanical_target_categories"":{""absolute_http_url"":1,""relative_target"":1,""root_relative_target"":4},""rows"":[{""label"":""External reference"",""target"":""https://tidsskrift.dk/carlnielsenstudies/article/view/27777/24456""},{""label"":""External reference"",""target"":""/dcm/assets/cnu/pdf/CNU_I_01_E_maskarade_1.pdf""},{""label"":""External reference"",""target"":""/dcm/assets/cnu/pdf/CNU_I_02_E_maskarade_2.pdf""},{""label"":""External reference"",""target"":""/dcm/assets/cnu/pdf/CNU_I_03_E_maskarade_3.pdf""},{""label"":""External reference"",""target"":""/dcm/assets/cnu/pdf/CNU_I_01-03_maskarade_critical_commentary.pdf""},{""label"":""hasArrangement"",""target"":""appendix.xq#CNW_2""}],""stored_domain"":""ExternalReference""}","{""database_equality"":true,""detail_http_status"":200,""exposed"":{""external_reference_count"":6,""external_references"":[{""label"":""External reference"",""url"":""https://tidsskrift.dk/carlnielsenstudies/article/view/27777/24456""},{""label"":""External reference"",""url"":""/dcm/assets/cnu/pdf/CNU_I_01_E_maskarade_1.pdf""},{""label"":""External reference"",""url"":""/dcm/assets/cnu/pdf/CNU_I_02_E_maskarade_2.pdf""},{""label"":""External reference"",""url"":""/dcm/assets/cnu/pdf/CNU_I_03_E_maskarade_3.pdf""},{""label"":""External reference"",""url"":""/dcm/assets/cnu/pdf/CNU_I_01-03_maskarade_critical_commentary.pdf""},{""label"":""hasArrangement"",""url"":""appendix.xq#CNW_2""}],""relation_or_target_category_fields"":[]},""index_present"":true}","incorrect","true","One hundred graphic targets are omitted, while five retained internal or root-relative targets are stored in the ExternalReference domain alongside one valid absolute URL. Because the compound assertion includes a material category mislabelling, it is classified as incorrect; this decision is not based merely on the difference between 106 source targets and six stored rows. Limited API equality with the canonical database does not by itself establish official-source fidelity or usability."
"boundary_stress","CNW 2","dcm-catalogue-data/cnw/data-cnw/cnw0002.xml","2-B07","relation_target","count((//mei:work)[1]//mei:graphic[@target])","{""graphic_targets"":100}","Retain the 100 graphic targets as graphic/incipit references.","success with warning; ImportLog=success; warnings=no_movements,no_source_references,no_performance_information","{""external_reference_count"":6,""mechanical_target_categories"":{""absolute_http_url"":1,""relative_target"":1,""root_relative_target"":4},""rows"":[{""label"":""External reference"",""target"":""https://tidsskrift.dk/carlnielsenstudies/article/view/27777/24456""},{""label"":""External reference"",""target"":""/dcm/assets/cnu/pdf/CNU_I_01_E_maskarade_1.pdf""},{""label"":""External reference"",""target"":""/dcm/assets/cnu/pdf/CNU_I_02_E_maskarade_2.pdf""},{""label"":""External reference"",""target"":""/dcm/assets/cnu/pdf/CNU_I_03_E_maskarade_3.pdf""},{""label"":""External reference"",""target"":""/dcm/assets/cnu/pdf/CNU_I_01-03_maskarade_critical_commentary.pdf""},{""label"":""hasArrangement"",""target"":""appendix.xq#CNW_2""}],""stored_domain"":""ExternalReference""}","{""database_equality"":true,""detail_http_status"":200,""exposed"":{""external_reference_count"":6,""external_references"":[{""label"":""External reference"",""url"":""https://tidsskrift.dk/carlnielsenstudies/article/view/27777/24456""},{""label"":""External reference"",""url"":""/dcm/assets/cnu/pdf/CNU_I_01_E_maskarade_1.pdf""},{""label"":""External reference"",""url"":""/dcm/assets/cnu/pdf/CNU_I_02_E_maskarade_2.pdf""},{""label"":""External reference"",""url"":""/dcm/assets/cnu/pdf/CNU_I_03_E_maskarade_3.pdf""},{""label"":""External reference"",""url"":""/dcm/assets/cnu/pdf/CNU_I_01-03_maskarade_critical_commentary.pdf""},{""label"":""hasArrangement"",""url"":""appendix.xq#CNW_2""}],""relation_or_target_category_fields"":[]},""index_present"":true}","omitted","true","All 100 graphic targets lack a stored/API representation, so their information is omitted without a contradictory replacement. Limited API equality with the canonical database does not by itself establish official-source fidelity or usability."
"boundary_stress","CNW 2","dcm-catalogue-data/cnw/data-cnw/cnw0002.xml","2-B08","relation_target","(//mei:work)[1]//mei:relation[@target] | (//mei:work)[1]//mei:ref[@target] | (//mei:work)[1]//mei:ptr[@target]","{""relation_ref_ptr_targets"":6}","Retain all six relation/ref/ptr targets together with relation type and target category.","success with warning; ImportLog=success; warnings=no_movements,no_source_references,no_performance_information","{""external_reference_count"":6,""mechanical_target_categories"":{""absolute_http_url"":1,""relative_target"":1,""root_relative_target"":4},""rows"":[{""label"":""External reference"",""target"":""https://tidsskrift.dk/carlnielsenstudies/article/view/27777/24456""},{""label"":""External reference"",""target"":""/dcm/assets/cnu/pdf/CNU_I_01_E_maskarade_1.pdf""},{""label"":""External reference"",""target"":""/dcm/assets/cnu/pdf/CNU_I_02_E_maskarade_2.pdf""},{""label"":""External reference"",""target"":""/dcm/assets/cnu/pdf/CNU_I_03_E_maskarade_3.pdf""},{""label"":""External reference"",""target"":""/dcm/assets/cnu/pdf/CNU_I_01-03_maskarade_critical_commentary.pdf""},{""label"":""hasArrangement"",""target"":""appendix.xq#CNW_2""}],""stored_domain"":""ExternalReference""}","{""database_equality"":true,""detail_http_status"":200,""exposed"":{""external_reference_count"":6,""external_references"":[{""label"":""External reference"",""url"":""https://tidsskrift.dk/carlnielsenstudies/article/view/27777/24456""},{""label"":""External reference"",""url"":""/dcm/assets/cnu/pdf/CNU_I_01_E_maskarade_1.pdf""},{""label"":""External reference"",""url"":""/dcm/assets/cnu/pdf/CNU_I_02_E_maskarade_2.pdf""},{""label"":""External reference"",""url"":""/dcm/assets/cnu/pdf/CNU_I_03_E_maskarade_3.pdf""},{""label"":""External reference"",""url"":""/dcm/assets/cnu/pdf/CNU_I_01-03_maskarade_critical_commentary.pdf""},{""label"":""hasArrangement"",""url"":""appendix.xq#CNW_2""}],""relation_or_target_category_fields"":[]},""index_present"":true}","incorrect","true","Six target strings survive, but internal/relative relation/ref/ptr targets are represented as ExternalReference rows and relation categories are not fully modeled. This material category mislabelling makes the compound assertion incorrect. Limited API equality with the canonical database does not by itself establish official-source fidelity or usability."
"boundary_stress","CNW 2","dcm-catalogue-data/cnw/data-cnw/cnw0002.xml","2-B09","relation_target","(//mei:work)[1]//mei:relation[@target] | (//mei:work)[1]//mei:ref[@target] | (//mei:work)[1]//mei:ptr[@target]","{""absolute_urls"":1}","Retain the single absolute URL while distinguishing it from internal/relative targets.","success with warning; ImportLog=success; warnings=no_movements,no_source_references,no_performance_information","{""external_reference_count"":6,""mechanical_target_categories"":{""absolute_http_url"":1,""relative_target"":1,""root_relative_target"":4},""rows"":[{""label"":""External reference"",""target"":""https://tidsskrift.dk/carlnielsenstudies/article/view/27777/24456""},{""label"":""External reference"",""target"":""/dcm/assets/cnu/pdf/CNU_I_01_E_maskarade_1.pdf""},{""label"":""External reference"",""target"":""/dcm/assets/cnu/pdf/CNU_I_02_E_maskarade_2.pdf""},{""label"":""External reference"",""target"":""/dcm/assets/cnu/pdf/CNU_I_03_E_maskarade_3.pdf""},{""label"":""External reference"",""target"":""/dcm/assets/cnu/pdf/CNU_I_01-03_maskarade_critical_commentary.pdf""},{""label"":""hasArrangement"",""target"":""appendix.xq#CNW_2""}],""stored_domain"":""ExternalReference""}","{""database_equality"":true,""detail_http_status"":200,""exposed"":{""external_reference_count"":6,""external_references"":[{""label"":""External reference"",""url"":""https://tidsskrift.dk/carlnielsenstudies/article/view/27777/24456""},{""label"":""External reference"",""url"":""/dcm/assets/cnu/pdf/CNU_I_01_E_maskarade_1.pdf""},{""label"":""External reference"",""url"":""/dcm/assets/cnu/pdf/CNU_I_02_E_maskarade_2.pdf""},{""label"":""External reference"",""url"":""/dcm/assets/cnu/pdf/CNU_I_03_E_maskarade_3.pdf""},{""label"":""External reference"",""url"":""/dcm/assets/cnu/pdf/CNU_I_01-03_maskarade_critical_commentary.pdf""},{""label"":""hasArrangement"",""url"":""appendix.xq#CNW_2""}],""relation_or_target_category_fields"":[]},""index_present"":true}","preserved","true","The single absolute HTTP(S) target is retained as one absolute ExternalReference URL and exposed unchanged by the API, preserving this bounded assertion. Limited API equality with the canonical database does not by itself establish official-source fidelity or usability."
