evaluation_tier,record_identifier,source_file,assertion_id,domain,official_source_locator,official_expected_value,expected_mapped_meaning,baseline_classification,post_correction_import_status,post_correction_stored_database_value,post_correction_api_observation,post_correction_classification,eligible_for_semantic_denominator,post_correction_rationale
detailed_fidelity,CNW 417,dcm-catalogue-data/cnw/data-cnw/712a43e2-d3d6-463a-88fa-0b7e88e4dbf8.xml,417-01,work_identity,count(//mei:work); (//mei:work)[1]/mei:identifier[1],"{""identifier"":{""type"":""CNW"",""value"":""417""},""work_count"":1}",Represent the official work as one stored work and retain its direct CNW identifier.,preserved,"success with warning; ImportLog=success; warnings=no_movements,no_source_references,no_performance_information,no_external_references","{""catalogue_identifiers"":[{""type"":""CNW"",""value"":""417""}],""title"":""Duet"",""work_id"":21}","{""status"":""not_evaluated"",""reason_code"":""request_context_pool_unresolved"",""index_reconciliation_finalized"":false,""detail_request_count"":0,""row_level_api_value_inferred"":false}",preserved,true,The frozen official-source expectation and corrected database observation support this classification. One work row remains and the asserted CNW identifier type/value is stored. The classification is based on the frozen official-source oracle and corrected database observation. Post-correction API exposure was not evaluated; no API value is inferred.
detailed_fidelity,CNW 417,dcm-catalogue-data/cnw/data-cnw/712a43e2-d3d6-463a-88fa-0b7e88e4dbf8.xml,417-02,responsibility,(//mei:work)[1]/mei:contributor//mei:persName,"[{""name"":""Carl Nielsen"",""role"":""composer""}]",Retain the asserted contributor identities together with their catalogue roles.,incorrect,"success with warning; ImportLog=success; warnings=no_movements,no_source_references,no_performance_information,no_external_references","{""composer_name"":""Carl Nielsen"",""other_contributor_rows"":[]}","{""status"":""not_evaluated"",""reason_code"":""request_context_pool_unresolved"",""index_reconciliation_finalized"":false,""detail_request_count"":0,""row_level_api_value_inferred"":false}",preserved,true,"The frozen official-source expectation and corrected database observation support this classification. The direct work-level composer contributor is stored as Carl Nielsen, the complete responsibility asserted by this row. The classification is based on the frozen official-source oracle and corrected database observation. Post-correction API exposure was not evaluated; no API value is inferred."
detailed_fidelity,CNW 417,dcm-catalogue-data/cnw/data-cnw/712a43e2-d3d6-463a-88fa-0b7e88e4dbf8.xml,417-03,catalogue_identifier,(//mei:work)[1]/mei:identifier,"[{""type"":""CNW"",""value"":""417""}]",Retain the asserted identifier types and values without conflating types; preserve source order where the assertion requires it.,preserved,"success with warning; ImportLog=success; warnings=no_movements,no_source_references,no_performance_information,no_external_references","{""catalogue_number"":""417"",""ordering_basis"":""database primary-key ascending; importer creates rows sequentially, but no explicit source-position column exists"",""rows"":[{""database_id"":67,""type"":""CNW"",""value"":""417""}]}","{""status"":""not_evaluated"",""reason_code"":""request_context_pool_unresolved"",""index_reconciliation_finalized"":false,""detail_request_count"":0,""row_level_api_value_inferred"":false}",preserved,true,The frozen official-source expectation and corrected database observation support this classification. The asserted identifier types and values are all present in the corrected database. No material identifier meaning in this assertion is lost. The classification is based on the frozen official-source oracle and corrected database observation. Post-correction API exposure was not evaluated; no API value is inferred.
detailed_fidelity,CNW 417,dcm-catalogue-data/cnw/data-cnw/712a43e2-d3d6-463a-88fa-0b7e88e4dbf8.xml,417-04,title,(//mei:work)[1]/mei:title,"{""count"":4,""titles"":[{""language"":""da"",""text"":""Duet"",""type"":""""},{""language"":""en"",""text"":""Duet"",""type"":""""},{""language"":""da"",""text"":""for to damestemmer med klaverledsagelse"",""type"":""subordinate""},{""language"":""en"",""text"":""for two women's voices with piano accompaniment"",""type"":""subordinate""}]}","Retain the asserted title texts, types, languages, count, and selected display-title meaning.",omitted,"success with warning; ImportLog=success; warnings=no_movements,no_source_references,no_performance_information,no_external_references","{""alternate_title_rows"":[],""stored_title"":""Duet"",""title_language_or_type_fields"":[]}","{""status"":""not_evaluated"",""reason_code"":""request_context_pool_unresolved"",""index_reconciliation_finalized"":false,""detail_request_count"":0,""row_level_api_value_inferred"":false}",omitted,true,"The frozen official-source expectation and corrected database observation support this classification. The selected Danish title is retained, but the other asserted titles and their language/type distinctions are not stored. Because the retained title does not contradict the source, the compound assertion is omitted. The classification is based on the frozen official-source oracle and corrected database observation. Post-correction API exposure was not evaluated; no API value is inferred."
detailed_fidelity,CNW 417,dcm-catalogue-data/cnw/data-cnw/712a43e2-d3d6-463a-88fa-0b7e88e4dbf8.xml,417-05,title,(//mei:work)[1]/mei:title,"{""languages"":[""da"",""en"",""da"",""en""],""subordinate_count"":2}","Retain the asserted title texts, types, languages, count, and selected display-title meaning.",omitted,"success with warning; ImportLog=success; warnings=no_movements,no_source_references,no_performance_information,no_external_references","{""alternate_title_rows"":[],""stored_title"":""Duet"",""title_language_or_type_fields"":[]}","{""status"":""not_evaluated"",""reason_code"":""request_context_pool_unresolved"",""index_reconciliation_finalized"":false,""detail_request_count"":0,""row_level_api_value_inferred"":false}",omitted,true,"The frozen official-source expectation and corrected database observation support this classification. Title-language and title-type metadata are not represented in the corrected database. Any retained display title does not preserve the asserted multilingual/type structure, so the missing non-contradictory information is omitted. The classification is based on the frozen official-source oracle and corrected database observation. Post-correction API exposure was not evaluated; no API value is inferred."
detailed_fidelity,CNW 417,dcm-catalogue-data/cnw/data-cnw/712a43e2-d3d6-463a-88fa-0b7e88e4dbf8.xml,417-06,composition_date,(//mei:work)[1]/mei:creation/mei:date,"{""creation_text"":""1889-02-04"",""date"":{""id"":""idm52"",""isodate"":""1889-02-04"",""text"":""1889-02-04""}}","Retain the asserted date text, exact value or bounds, precision, and uncertainty rather than only an undifferentiated year.",transformed as intended,"success with warning; ImportLog=success; warnings=no_movements,no_source_references,no_performance_information,no_external_references","{""composition_date"":""1889-02-04"",""composition_year"":1889,""structured_bounds_or_uncertainty_fields"":[]}","{""status"":""not_evaluated"",""reason_code"":""request_context_pool_unresolved"",""index_reconciliation_finalized"":false,""detail_request_count"":0,""row_level_api_value_inferred"":false}",transformed as intended,true,The frozen official-source expectation and corrected database observation support this classification. The exact official date text is retained as composition_date and a defensible integer year is derived. The stored normalized pair retains the complete asserted date meaning through the model transformation. The classification is based on the frozen official-source oracle and corrected database observation. Post-correction API exposure was not evaluated; no API value is inferred.
detailed_fidelity,CNW 417,dcm-catalogue-data/cnw/data-cnw/712a43e2-d3d6-463a-88fa-0b7e88e4dbf8.xml,417-07,component_structure,count((//mei:work)[1]//mei:expression); count((//mei:work)[1]//mei:componentList),"{""component_lists"":0,""expressions"":1}",Represent the asserted expression/component hierarchy and representative component values without assuming every expression is a musical movement.,omitted,"success with warning; ImportLog=success; warnings=no_movements,no_source_references,no_performance_information,no_external_references","{""expression_or_component_rows"":[],""movement_count"":0,""movement_rows"":[]}","{""status"":""not_evaluated"",""reason_code"":""request_context_pool_unresolved"",""index_reconciliation_finalized"":false,""detail_request_count"":0,""row_level_api_value_inferred"":false}",omitted,true,"The frozen official-source expectation and corrected database observation support this classification. The importer does not map MEI expression/component structures to the baseline model; zero movement rows do not represent the asserted hierarchy or values. The source structure is therefore omitted, and no claim is made that each expression is a musical movement. The classification is based on the frozen official-source oracle and corrected database observation. Post-correction API exposure was not evaluated; no API value is inferred."
detailed_fidelity,CNW 417,dcm-catalogue-data/cnw/data-cnw/712a43e2-d3d6-463a-88fa-0b7e88e4dbf8.xml,417-08,instrumentation,count((//mei:work)[1]//mei:perfRes[normalize-space()]),"{""populated_resources"":2}","Retain the asserted performance-resource count plus representative names, codes, counts, grouping, and solo attributes.",preserved,"success with warning; ImportLog=success; warnings=no_movements,no_source_references,no_performance_information,no_external_references","{""codedval_or_solo_fields"":[],""instrumentation_count"":2,""rows"":[{""name"":""2 voices"",""section"":""perfResList""},{""name"":""1 pf."",""section"":""perfResList""}]}","{""status"":""not_evaluated"",""reason_code"":""request_context_pool_unresolved"",""index_reconciliation_finalized"":false,""detail_request_count"":0,""row_level_api_value_inferred"":false}",preserved,true,"The frozen official-source expectation and corrected database observation support this classification. Two populated source resources become two instrumentation rows, so the asserted resource count is retained. The classification is based on the frozen official-source oracle and corrected database observation. Post-correction API exposure was not evaluated; no API value is inferred."
detailed_fidelity,CNW 417,dcm-catalogue-data/cnw/data-cnw/712a43e2-d3d6-463a-88fa-0b7e88e4dbf8.xml,417-09,instrumentation,(//mei:work)[1]//mei:perfRes[normalize-space()][normalize-space(.)='voices'],"{""codedval"":""vu"",""count"":""2"",""name"":""voices"",""solo"":""false""}","Retain the asserted performance-resource count plus representative names, codes, counts, grouping, and solo attributes.",omitted,"success with warning; ImportLog=success; warnings=no_movements,no_source_references,no_performance_information,no_external_references","{""codedval_or_solo_fields"":[],""instrumentation_count"":2,""rows"":[{""name"":""2 voices"",""section"":""perfResList""},{""name"":""1 pf."",""section"":""perfResList""}]}","{""status"":""not_evaluated"",""reason_code"":""request_context_pool_unresolved"",""index_reconciliation_finalized"":false,""detail_request_count"":0,""row_level_api_value_inferred"":false}",omitted,true,"The frozen official-source expectation and corrected database observation support this classification. The resource name and count are combined into an instrumentation name, but codedval and solo attributes are absent. Because material non-contradictory parts of the compound assertion are missing, it is omitted. The classification is based on the frozen official-source oracle and corrected database observation. Post-correction API exposure was not evaluated; no API value is inferred."
detailed_fidelity,CNW 417,dcm-catalogue-data/cnw/data-cnw/712a43e2-d3d6-463a-88fa-0b7e88e4dbf8.xml,417-10,instrumentation,(//mei:work)[1]//mei:perfRes[normalize-space()][normalize-space(.)='pf.'],"{""codedval"":""ka"",""count"":""1"",""name"":""pf."",""solo"":""false""}","Retain the asserted performance-resource count plus representative names, codes, counts, grouping, and solo attributes.",omitted,"success with warning; ImportLog=success; warnings=no_movements,no_source_references,no_performance_information,no_external_references","{""codedval_or_solo_fields"":[],""instrumentation_count"":2,""rows"":[{""name"":""2 voices"",""section"":""perfResList""},{""name"":""1 pf."",""section"":""perfResList""}]}","{""status"":""not_evaluated"",""reason_code"":""request_context_pool_unresolved"",""index_reconciliation_finalized"":false,""detail_request_count"":0,""row_level_api_value_inferred"":false}",omitted,true,"The frozen official-source expectation and corrected database observation support this classification. The resource name and count are combined into an instrumentation name, but codedval and solo attributes are absent. Because material non-contradictory parts of the compound assertion are missing, it is omitted. The classification is based on the frozen official-source oracle and corrected database observation. Post-correction API exposure was not evaluated; no API value is inferred."
detailed_fidelity,CNW 417,dcm-catalogue-data/cnw/data-cnw/712a43e2-d3d6-463a-88fa-0b7e88e4dbf8.xml,417-11,source_description,count(//mei:manifestation); count(//mei:manifestation//mei:item),"{""held_items"":0,""manifestations"":0}","Represent the asserted manifestations, held items, repositories, locations, and hand information in the intended source-reference domain.",preserved,"success with warning; ImportLog=success; warnings=no_movements,no_source_references,no_performance_information,no_external_references","{""rows"":[],""source_reference_count"":0}","{""status"":""not_evaluated"",""reason_code"":""request_context_pool_unresolved"",""index_reconciliation_finalized"":false,""detail_request_count"":0,""row_level_api_value_inferred"":false}",preserved,true,"The frozen official-source expectation and corrected database observation support this classification. The official source has no manifestations or held items, and the corrected database contains no source-reference rows, preserving the asserted absence. The classification is based on the frozen official-source oracle and corrected database observation. Post-correction API exposure was not evaluated; no API value is inferred."
detailed_fidelity,CNW 417,dcm-catalogue-data/cnw/data-cnw/712a43e2-d3d6-463a-88fa-0b7e88e4dbf8.xml,417-12,performance_and_relation_absence,count((//mei:work)[1]//mei:event); count((//mei:work)[1]//mei:relation[@target] | (//mei:work)[1]//mei:ref[@target] | (//mei:work)[1]//mei:ptr[@target]),"{""events"":0,""relation_ref_ptr_targets"":0}",Preserve the asserted absence of performance events and target-bearing relation/ref/ptr structures.,preserved,"success with warning; ImportLog=success; warnings=no_movements,no_source_references,no_performance_information,no_external_references","{""external_reference_count"":0,""performance_count"":0}","{""status"":""not_evaluated"",""reason_code"":""request_context_pool_unresolved"",""index_reconciliation_finalized"":false,""detail_request_count"":0,""row_level_api_value_inferred"":false}",preserved,true,The frozen official-source expectation and corrected database observation support this classification. Both asserted absences are retained: the database has zero performance rows and zero external-reference rows. The classification is based on the frozen official-source oracle and corrected database observation. Post-correction API exposure was not evaluated; no API value is inferred.
detailed_fidelity,CNW 277,dcm-catalogue-data/cnw/data-cnw/cnw0277.xml,277-01,work_identity,count(//mei:work); (//mei:work)[1]/mei:identifier[1],"{""identifier"":{""type"":""CNW"",""value"":""277""},""work_count"":1}",Represent the official work as one stored work and retain its direct CNW identifier.,preserved,"success with warning; ImportLog=success; warnings=no_movements,no_source_references,skipped_performance_event_no_supported_direct_values","{""catalogue_identifiers"":[{""type"":""CNW"",""value"":""277""},{""type"":""CNU"",""value"":""III/5, 215""},{""type"":""CNS"",""value"":""226""},{""type"":""FS"",""value"":""3q""}],""title"":""Se! Luften er stille"",""work_id"":308}","{""status"":""not_evaluated"",""reason_code"":""request_context_pool_unresolved"",""index_reconciliation_finalized"":false,""detail_request_count"":0,""row_level_api_value_inferred"":false}",preserved,true,The frozen official-source expectation and corrected database observation support this classification. One work row remains and the asserted CNW identifier type/value is stored. The classification is based on the frozen official-source oracle and corrected database observation. Post-correction API exposure was not evaluated; no API value is inferred.
detailed_fidelity,CNW 277,dcm-catalogue-data/cnw/data-cnw/cnw0277.xml,277-02,responsibility,(//mei:work)[1]/mei:contributor//mei:persName,"[{""name"":""Carl Nielsen"",""role"":""composer""},{""name"":""Jeremiah Joseph Callanan"",""role"":""author""},{""name"":""Caralis [Christian Preetzmann]"",""role"":""translator""}]",Retain the asserted contributor identities together with their catalogue roles.,incorrect,"success with warning; ImportLog=success; warnings=no_movements,no_source_references,skipped_performance_event_no_supported_direct_values","{""composer_name"":""Carl Nielsen"",""other_contributor_rows"":[]}","{""status"":""not_evaluated"",""reason_code"":""request_context_pool_unresolved"",""index_reconciliation_finalized"":false,""detail_request_count"":0,""row_level_api_value_inferred"":false}",omitted,true,"The frozen official-source expectation and corrected database observation support this classification. Carl Nielsen is correctly stored as composer, but author Jeremiah Joseph Callanan and translator Caralis [Christian Preetzmann] have no contributor-role rows. The retained composer is non-contradictory, so the absent roles are omitted. The classification is based on the frozen official-source oracle and corrected database observation. Post-correction API exposure was not evaluated; no API value is inferred."
detailed_fidelity,CNW 277,dcm-catalogue-data/cnw/data-cnw/cnw0277.xml,277-03,catalogue_identifier,(//mei:work)[1]/mei:identifier,"[{""type"":""CNW"",""value"":""277""},{""type"":""CNU"",""value"":""III/5, 215""},{""type"":""CNS"",""value"":""226""},{""type"":""FS"",""value"":""3q""}]",Retain the asserted identifier types and values without conflating types; preserve source order where the assertion requires it.,preserved,"success with warning; ImportLog=success; warnings=no_movements,no_source_references,skipped_performance_event_no_supported_direct_values","{""catalogue_number"":""277"",""ordering_basis"":""database primary-key ascending; importer creates rows sequentially, but no explicit source-position column exists"",""rows"":[{""database_id"":1216,""type"":""CNW"",""value"":""277""},{""database_id"":1217,""type"":""CNU"",""value"":""III/5, 215""},{""database_id"":1218,""type"":""CNS"",""value"":""226""},{""database_id"":1219,""type"":""FS"",""value"":""3q""}]}","{""status"":""not_evaluated"",""reason_code"":""request_context_pool_unresolved"",""index_reconciliation_finalized"":false,""detail_request_count"":0,""row_level_api_value_inferred"":false}",preserved,true,The frozen official-source expectation and corrected database observation support this classification. The asserted identifier types and values are all present in the corrected database. No material identifier meaning in this assertion is lost. The classification is based on the frozen official-source oracle and corrected database observation. Post-correction API exposure was not evaluated; no API value is inferred.
detailed_fidelity,CNW 277,dcm-catalogue-data/cnw/data-cnw/cnw0277.xml,277-04,title,(//mei:work)[1]/mei:title,"{""count"":5,""titles"":[{""language"":""da"",""text"":""Serenade"",""type"":""""},{""language"":""en"",""text"":""Serenade"",""type"":""""},{""language"":""da"",""text"":""See! Luften er stille"",""type"":""alternative""},{""language"":""en"",""text"":""The blue waves are sleeping"",""type"":""alternative""},{""language"":""da"",""text"":""Se! Luften er stille"",""type"":""uniform""}]}","Retain the asserted title texts, types, languages, count, and selected display-title meaning.",incorrect,"success with warning; ImportLog=success; warnings=no_movements,no_source_references,skipped_performance_event_no_supported_direct_values","{""alternate_title_rows"":[],""stored_title"":""Se! Luften er stille"",""title_language_or_type_fields"":[]}","{""status"":""not_evaluated"",""reason_code"":""request_context_pool_unresolved"",""index_reconciliation_finalized"":false,""detail_request_count"":0,""row_level_api_value_inferred"":false}",incorrect,true,"The frozen official-source expectation and corrected database observation support this classification. The database selects the uniform title 'Se! Luften er stille' instead of the asserted first untyped title 'Serenade', and retains no other title rows. This materially contradicts the asserted selected-title meaning, so the compound assertion is incorrect. The classification is based on the frozen official-source oracle and corrected database observation. Post-correction API exposure was not evaluated; no API value is inferred."
detailed_fidelity,CNW 277,dcm-catalogue-data/cnw/data-cnw/cnw0277.xml,277-05,title,(//mei:work)[1]/mei:title,"{""languages"":[""da"",""en"",""da"",""en"",""da""],""types"":["""","""",""alternative"",""alternative"",""uniform""]}","Retain the asserted title texts, types, languages, count, and selected display-title meaning.",omitted,"success with warning; ImportLog=success; warnings=no_movements,no_source_references,skipped_performance_event_no_supported_direct_values","{""alternate_title_rows"":[],""stored_title"":""Se! Luften er stille"",""title_language_or_type_fields"":[]}","{""status"":""not_evaluated"",""reason_code"":""request_context_pool_unresolved"",""index_reconciliation_finalized"":false,""detail_request_count"":0,""row_level_api_value_inferred"":false}",omitted,true,"The frozen official-source expectation and corrected database observation support this classification. Title-language and title-type metadata are not represented in the corrected database. Any retained display title does not preserve the asserted multilingual/type structure, so the missing non-contradictory information is omitted. The classification is based on the frozen official-source oracle and corrected database observation. Post-correction API exposure was not evaluated; no API value is inferred."
detailed_fidelity,CNW 277,dcm-catalogue-data/cnw/data-cnw/cnw0277.xml,277-06,composition_date,(//mei:work)[1]/mei:creation/mei:date,"{""creation_text"":""Between c. 1886 and 1888"",""date"":{""id"":""idm105"",""notafter"":""1888"",""notbefore"":""1886"",""text"":""Between c. 1886 and 1888""}}","Retain the asserted date text, exact value or bounds, precision, and uncertainty rather than only an undifferentiated year.",transformed as intended,"success with warning; ImportLog=success; warnings=no_movements,no_source_references,skipped_performance_event_no_supported_direct_values","{""composition_date"":""Between c. 1886 and 1888"",""composition_year"":1886,""structured_bounds_or_uncertainty_fields"":[]}","{""status"":""not_evaluated"",""reason_code"":""request_context_pool_unresolved"",""index_reconciliation_finalized"":false,""detail_request_count"":0,""row_level_api_value_inferred"":false}",transformed as intended,true,"The frozen official-source expectation and corrected database observation support this classification. The complete uncertain/ranged date wording remains in composition_date and the lower bound is normalized to composition_year. Structured notbefore/notafter fields are absent, but the stored date text retains the full asserted bounds and uncertainty, so this is a defensible transformation rather than a loss of meaning. The classification is based on the frozen official-source oracle and corrected database observation. Post-correction API exposure was not evaluated; no API value is inferred."
detailed_fidelity,CNW 277,dcm-catalogue-data/cnw/data-cnw/cnw0277.xml,277-07,component_structure,count((//mei:work)[1]//mei:expression); count((//mei:work)[1]//mei:componentList),"{""component_lists"":0,""expressions"":1}",Represent the asserted expression/component hierarchy and representative component values without assuming every expression is a musical movement.,omitted,"success with warning; ImportLog=success; warnings=no_movements,no_source_references,skipped_performance_event_no_supported_direct_values","{""expression_or_component_rows"":[],""movement_count"":0,""movement_rows"":[]}","{""status"":""not_evaluated"",""reason_code"":""request_context_pool_unresolved"",""index_reconciliation_finalized"":false,""detail_request_count"":0,""row_level_api_value_inferred"":false}",omitted,true,"The frozen official-source expectation and corrected database observation support this classification. The importer does not map MEI expression/component structures to the baseline model; zero movement rows do not represent the asserted hierarchy or values. The source structure is therefore omitted, and no claim is made that each expression is a musical movement. The classification is based on the frozen official-source oracle and corrected database observation. Post-correction API exposure was not evaluated; no API value is inferred."
detailed_fidelity,CNW 277,dcm-catalogue-data/cnw/data-cnw/cnw0277.xml,277-08,instrumentation,(//mei:work)[1]//mei:perfRes[normalize-space()],"[{""codedval"":""vn"",""count"":""1"",""name"":""voice"",""solo"":""false""},{""codedval"":""ka"",""count"":""1"",""name"":""pf."",""solo"":""false""}]","Retain the asserted performance-resource count plus representative names, codes, counts, grouping, and solo attributes.",omitted,"success with warning; ImportLog=success; warnings=no_movements,no_source_references,skipped_performance_event_no_supported_direct_values","{""codedval_or_solo_fields"":[],""instrumentation_count"":2,""rows"":[{""name"":""1 voice"",""section"":""perfResList""},{""name"":""1 pf."",""section"":""perfResList""}]}","{""status"":""not_evaluated"",""reason_code"":""request_context_pool_unresolved"",""index_reconciliation_finalized"":false,""detail_request_count"":0,""row_level_api_value_inferred"":false}",omitted,true,"The frozen official-source expectation and corrected database observation support this classification. The resource name and count are combined into an instrumentation name, but codedval and solo attributes are absent. Because material non-contradictory parts of the compound assertion are missing, it is omitted. The classification is based on the frozen official-source oracle and corrected database observation. Post-correction API exposure was not evaluated; no API value is inferred."
detailed_fidelity,CNW 277,dcm-catalogue-data/cnw/data-cnw/cnw0277.xml,277-09,source_description,count(//mei:manifestation); count(//mei:manifestation//mei:item),"{""held_items"":1,""manifestations"":2}","Represent the asserted manifestations, held items, repositories, locations, and hand information in the intended source-reference domain.",omitted,"success with warning; ImportLog=success; warnings=no_movements,no_source_references,skipped_performance_event_no_supported_direct_values","{""rows"":[],""source_reference_count"":0}","{""status"":""not_evaluated"",""reason_code"":""request_context_pool_unresolved"",""index_reconciliation_finalized"":false,""detail_request_count"":0,""row_level_api_value_inferred"":false}",omitted,true,"The frozen official-source expectation and corrected database observation support this classification. The official manifestation/item information has no stored source-reference representation; the corrected database source-reference collection is empty. The asserted information is missing without a contradictory replacement, so it is omitted. The classification is based on the frozen official-source oracle and corrected database observation. Post-correction API exposure was not evaluated; no API value is inferred."
detailed_fidelity,CNW 277,dcm-catalogue-data/cnw/data-cnw/cnw0277.xml,277-10,source_description,//mei:manifestation[1]/mei:titleStmt/mei:title[1]; //mei:manifestation[1]//mei:item[1]//mei:repository[1],"{""item_identifier"":""A"",""location"":""CNS 226 (in CNS 250a)"",""manifestation_title"":""Score, autograph, fair copy"",""repository"":""DK-Kk""}","Represent the asserted manifestations, held items, repositories, locations, and hand information in the intended source-reference domain.",omitted,"success with warning; ImportLog=success; warnings=no_movements,no_source_references,skipped_performance_event_no_supported_direct_values","{""rows"":[],""source_reference_count"":0}","{""status"":""not_evaluated"",""reason_code"":""request_context_pool_unresolved"",""index_reconciliation_finalized"":false,""detail_request_count"":0,""row_level_api_value_inferred"":false}",omitted,true,"The frozen official-source expectation and corrected database observation support this classification. The official manifestation/item information has no stored source-reference representation; the corrected database source-reference collection is empty. The asserted information is missing without a contradictory replacement, so it is omitted. The classification is based on the frozen official-source oracle and corrected database observation. Post-correction API exposure was not evaluated; no API value is inferred."
detailed_fidelity,CNW 277,dcm-catalogue-data/cnw/data-cnw/cnw0277.xml,277-11,performance_event,(//mei:work)[1]//mei:event[1],"{""event_count"":1,""first_event"":{""corporations"":[],""date"":"""",""description"":"""",""element_text"":"""",""people"":[],""place"":"""",""venue"":""""}}","Represent the asserted catalogue event count and representative date, place, venue, people, corporations, and roles in the performance domain.",omitted,"success with warning; ImportLog=success; warnings=no_movements,no_source_references,skipped_performance_event_no_supported_direct_values","{""matrix_cell_rows_bounded"":false,""performance_count"":0,""rows"":[]}","{""status"":""not_evaluated"",""reason_code"":""request_context_pool_unresolved"",""index_reconciliation_finalized"":false,""detail_request_count"":0,""row_level_api_value_inferred"":false}",omitted,true,"The frozen official-source expectation and corrected database observation support this classification. The source has one selected performance event, but it contains no supported direct date, location, participant or description. The corrected import accounts for it with one skipped-event warning and creates no invented Performance row, so the flat model omits the event information. The classification is based on the frozen official-source oracle and corrected database observation. Post-correction API exposure was not evaluated; no API value is inferred."
detailed_fidelity,CNW 277,dcm-catalogue-data/cnw/data-cnw/cnw0277.xml,277-12,relation_target,(//mei:work)[1]//mei:relation[@target] | (//mei:work)[1]//mei:ref[@target] | (//mei:work)[1]//mei:ptr[@target],"{""absolute_count"":1,""count"":7,""internal_count"":6,""targets"":[{""element"":""ref"",""label"":""CNW 276"",""relation"":"""",""target"":""document.xq?doc=cnw0276.xml""},{""element"":""ref"",""label"":""CNW 278"",""relation"":"""",""target"":""document.xq?doc=cnw0278.xml""},{""element"":""ref"",""label"":""CNW 279"",""relation"":"""",""target"":""document.xq?doc=cnw0279.xml""},{""element"":""ref"",""label"":""CNW 355"",""relation"":"""",""target"":""document.xq?doc=46c22e1e-500d-40f9-ba0c-2022e6ca974d.xml""},{""element"":""ref"",""label"":""CNW 356"",""relation"":"""",""target"":""document.xq?doc=cnw0358.xml""},{""element"":""ptr"",""label"":""Carl Nielsen Edition (Editorial Texts)"",""relation"":"""",""target"":""/dcm/assets/cnu/pdf/CNU_III_07_songs_4.pdf""},{""element"":""relation"",""label"":""Carl Nielsen Edition"",""relation"":""hasReproduction"",""target"":""http://www.kb.dk/export/sites/kb_dk/da/nb/dcm/cnu/pdf/CNU_III_05_songs_2.pdf#page=94""}]}",Retain asserted targets and relation categories while distinguishing internal/relative graph targets from external URLs.,incorrect,"success with warning; ImportLog=success; warnings=no_movements,no_source_references,skipped_performance_event_no_supported_direct_values","{""external_reference_count"":1,""matrix_cell_rows_bounded"":false,""mechanical_target_categories"":{""absolute_http_url"":1},""rows"":[{""label"":""hasReproduction"",""target"":""http://www.kb.dk/export/sites/kb_dk/da/nb/dcm/cnu/pdf/CNU_III_05_songs_2.pdf#page=94""}],""stored_domain"":""ExternalReference""}","{""status"":""not_evaluated"",""reason_code"":""request_context_pool_unresolved"",""index_reconciliation_finalized"":false,""detail_request_count"":0,""row_level_api_value_inferred"":false}",omitted,true,"The frozen official-source expectation and corrected database observation support this classification. The one syntactically absolute HTTP(S) target is retained, while six internal, query-style or root-relative targets and their relation categories have no separate graph representation. The retained subset is non-contradictory, so the missing graph information is omitted. The classification is based on the frozen official-source oracle and corrected database observation. Post-correction API exposure was not evaluated; no API value is inferred."
detailed_fidelity,CNW 63,dcm-catalogue-data/cnw/data-cnw/cnw0063.xml,63-01,work_identity,count(//mei:work); (//mei:work)[1]/mei:identifier[@label='CNW'],"{""cnw"":[{""type"":""CNW"",""value"":""63""}],""work_count"":1}",Represent the official work as one stored work and retain its direct CNW identifier.,preserved,"success with warning; ImportLog=success; warnings=no_movements,no_source_references,no_external_references","{""catalogue_identifiers"":[{""type"":""Opus"",""value"":""9""},{""type"":""CNW"",""value"":""63""},{""type"":""CNU"",""value"":""II/11""},{""type"":""CNS"",""value"":""24""},{""type"":""FS"",""value"":""20""}],""title"":""Sonate nr. 1 for violin og klaver, opus 9"",""work_id"":94}","{""status"":""not_evaluated"",""reason_code"":""request_context_pool_unresolved"",""index_reconciliation_finalized"":false,""detail_request_count"":0,""row_level_api_value_inferred"":false}",preserved,true,The frozen official-source expectation and corrected database observation support this classification. One work row remains and the asserted CNW identifier type/value is stored. The classification is based on the frozen official-source oracle and corrected database observation. Post-correction API exposure was not evaluated; no API value is inferred.
detailed_fidelity,CNW 63,dcm-catalogue-data/cnw/data-cnw/cnw0063.xml,63-02,responsibility,(//mei:work)[1]/mei:contributor//mei:persName,"[{""name"":""Carl Nielsen"",""role"":""composer""},{""name"":""Henri Marteau"",""role"":""dedicatee""}]",Retain the asserted contributor identities together with their catalogue roles.,incorrect,"success with warning; ImportLog=success; warnings=no_movements,no_source_references,no_external_references","{""composer_name"":""Carl Nielsen"",""other_contributor_rows"":[]}","{""status"":""not_evaluated"",""reason_code"":""request_context_pool_unresolved"",""index_reconciliation_finalized"":false,""detail_request_count"":0,""row_level_api_value_inferred"":false}",omitted,true,"The frozen official-source expectation and corrected database observation support this classification. Carl Nielsen is correctly stored as composer, while dedicatee Henri Marteau has no contributor-role row. The compound responsibility assertion is incomplete but not contradictory. The classification is based on the frozen official-source oracle and corrected database observation. Post-correction API exposure was not evaluated; no API value is inferred."
detailed_fidelity,CNW 63,dcm-catalogue-data/cnw/data-cnw/cnw0063.xml,63-03,catalogue_identifier,(//mei:work)[1]/mei:identifier,"[{""type"":""Opus"",""value"":""9""},{""type"":""CNW"",""value"":""63""},{""type"":""CNU"",""value"":""II/11""},{""type"":""CNS"",""value"":""24""},{""type"":""FS"",""value"":""20""}]",Retain the asserted identifier types and values without conflating types; preserve source order where the assertion requires it.,preserved,"success with warning; ImportLog=success; warnings=no_movements,no_source_references,no_external_references","{""catalogue_number"":""63"",""ordering_basis"":""database primary-key ascending; importer creates rows sequentially, but no explicit source-position column exists"",""rows"":[{""database_id"":356,""type"":""Opus"",""value"":""9""},{""database_id"":357,""type"":""CNW"",""value"":""63""},{""database_id"":358,""type"":""CNU"",""value"":""II/11""},{""database_id"":359,""type"":""CNS"",""value"":""24""},{""database_id"":360,""type"":""FS"",""value"":""20""}]}","{""status"":""not_evaluated"",""reason_code"":""request_context_pool_unresolved"",""index_reconciliation_finalized"":false,""detail_request_count"":0,""row_level_api_value_inferred"":false}",preserved,true,"The frozen official-source expectation and corrected database observation support this classification. All asserted identifier type/value pairs are stored in source creation order when ordered by database primary key, and Work.catalogue_number selects the direct CNW value 63. The typed identifier inventory is retained without conflating identifier families. The classification is based on the frozen official-source oracle and corrected database observation. Post-correction API exposure was not evaluated; no API value is inferred."
detailed_fidelity,CNW 63,dcm-catalogue-data/cnw/data-cnw/cnw0063.xml,63-04,title,(//mei:work)[1]/mei:title,"[{""language"":""da"",""text"":""Sonate nr. 1 for violin og klaver, opus 9"",""type"":""""},{""language"":""en"",""text"":""Sonata No. 1 for Violin and Piano, Opus 9"",""type"":""""}]","Retain the asserted title texts, types, languages, count, and selected display-title meaning.",omitted,"success with warning; ImportLog=success; warnings=no_movements,no_source_references,no_external_references","{""alternate_title_rows"":[],""stored_title"":""Sonate nr. 1 for violin og klaver, opus 9"",""title_language_or_type_fields"":[]}","{""status"":""not_evaluated"",""reason_code"":""request_context_pool_unresolved"",""index_reconciliation_finalized"":false,""detail_request_count"":0,""row_level_api_value_inferred"":false}",omitted,true,"The frozen official-source expectation and corrected database observation support this classification. The selected Danish title is retained, but the other asserted titles and their language/type distinctions are not stored. Because the retained title does not contradict the source, the compound assertion is omitted. The classification is based on the frozen official-source oracle and corrected database observation. Post-correction API exposure was not evaluated; no API value is inferred."
detailed_fidelity,CNW 63,dcm-catalogue-data/cnw/data-cnw/cnw0063.xml,63-05,composition_date,(//mei:work)[1]/mei:creation/mei:date,"{""creation_text"":""1895"",""date"":{""id"":""date_N20582"",""isodate"":""1895"",""text"":""1895""}}","Retain the asserted date text, exact value or bounds, precision, and uncertainty rather than only an undifferentiated year.",transformed as intended,"success with warning; ImportLog=success; warnings=no_movements,no_source_references,no_external_references","{""composition_date"":""1895"",""composition_year"":1895,""structured_bounds_or_uncertainty_fields"":[]}","{""status"":""not_evaluated"",""reason_code"":""request_context_pool_unresolved"",""index_reconciliation_finalized"":false,""detail_request_count"":0,""row_level_api_value_inferred"":false}",transformed as intended,true,The frozen official-source expectation and corrected database observation support this classification. The exact official date text is retained as composition_date and a defensible integer year is derived. The stored normalized pair retains the complete asserted date meaning through the model transformation. The classification is based on the frozen official-source oracle and corrected database observation. Post-correction API exposure was not evaluated; no API value is inferred.
detailed_fidelity,CNW 63,dcm-catalogue-data/cnw/data-cnw/cnw0063.xml,63-06,component_structure,count((//mei:work)[1]//mei:expression); count((//mei:work)[1]/mei:expressionList/mei:expression); count((//mei:work)[1]//mei:componentList/mei:expression); count((//mei:work)[1]//mei:componentList),"{""component_expressions"":3,""component_lists"":1,""expressions"":4,""top_level"":1}",Represent the asserted expression/component hierarchy and representative component values without assuming every expression is a musical movement.,omitted,"success with warning; ImportLog=success; warnings=no_movements,no_source_references,no_external_references","{""expression_or_component_rows"":[],""movement_count"":0,""movement_rows"":[]}","{""status"":""not_evaluated"",""reason_code"":""request_context_pool_unresolved"",""index_reconciliation_finalized"":false,""detail_request_count"":0,""row_level_api_value_inferred"":false}",omitted,true,"The frozen official-source expectation and corrected database observation support this classification. The importer does not map MEI expression/component structures to the baseline model; zero movement rows do not represent the asserted hierarchy or values. The source structure is therefore omitted, and no claim is made that each expression is a musical movement. The classification is based on the frozen official-source oracle and corrected database observation. Post-correction API exposure was not evaluated; no API value is inferred."
detailed_fidelity,CNW 63,dcm-catalogue-data/cnw/data-cnw/cnw0063.xml,63-07,component_structure,(//mei:work)[1]//mei:componentList/mei:expression,"[{""n"":""1"",""tempos"":[""Allegro glorioso""],""titles"":[{""language"":""da"",""text"":""""}]},{""n"":""2"",""tempos"":[""Andante""],""titles"":[{""language"":""da"",""text"":""""}]},{""n"":""3"",""tempos"":[""Allegro piacevole e giovanile""],""titles"":[{""language"":""da"",""text"":""""}]}]",Represent the asserted expression/component hierarchy and representative component values without assuming every expression is a musical movement.,omitted,"success with warning; ImportLog=success; warnings=no_movements,no_source_references,no_external_references","{""expression_or_component_rows"":[],""movement_count"":0,""movement_rows"":[]}","{""status"":""not_evaluated"",""reason_code"":""request_context_pool_unresolved"",""index_reconciliation_finalized"":false,""detail_request_count"":0,""row_level_api_value_inferred"":false}",omitted,true,"The frozen official-source expectation and corrected database observation support this classification. The importer does not map MEI expression/component structures to the baseline model; zero movement rows do not represent the asserted hierarchy or values. The source structure is therefore omitted, and no claim is made that each expression is a musical movement. The classification is based on the frozen official-source oracle and corrected database observation. Post-correction API exposure was not evaluated; no API value is inferred."
detailed_fidelity,CNW 63,dcm-catalogue-data/cnw/data-cnw/cnw0063.xml,63-08,instrumentation,(//mei:work)[1]//mei:perfRes[normalize-space()],"[{""codedval"":""sa"",""count"":""1"",""name"":""vl."",""solo"":""false""},{""codedval"":""ka"",""count"":""1"",""name"":""pf."",""solo"":""false""}]","Retain the asserted performance-resource count plus representative names, codes, counts, grouping, and solo attributes.",omitted,"success with warning; ImportLog=success; warnings=no_movements,no_source_references,no_external_references","{""codedval_or_solo_fields"":[],""instrumentation_count"":2,""rows"":[{""name"":""1 vl."",""section"":""perfResList""},{""name"":""1 pf."",""section"":""perfResList""}]}","{""status"":""not_evaluated"",""reason_code"":""request_context_pool_unresolved"",""index_reconciliation_finalized"":false,""detail_request_count"":0,""row_level_api_value_inferred"":false}",omitted,true,"The frozen official-source expectation and corrected database observation support this classification. The resource name and count are combined into an instrumentation name, but codedval and solo attributes are absent. Because material non-contradictory parts of the compound assertion are missing, it is omitted. The classification is based on the frozen official-source oracle and corrected database observation. Post-correction API exposure was not evaluated; no API value is inferred."
detailed_fidelity,CNW 63,dcm-catalogue-data/cnw/data-cnw/cnw0063.xml,63-09,source_description,count(//mei:manifestation); count(//mei:manifestation//mei:item),"{""held_items"":7,""manifestations"":6}","Represent the asserted manifestations, held items, repositories, locations, and hand information in the intended source-reference domain.",omitted,"success with warning; ImportLog=success; warnings=no_movements,no_source_references,no_external_references","{""rows"":[],""source_reference_count"":0}","{""status"":""not_evaluated"",""reason_code"":""request_context_pool_unresolved"",""index_reconciliation_finalized"":false,""detail_request_count"":0,""row_level_api_value_inferred"":false}",omitted,true,"The frozen official-source expectation and corrected database observation support this classification. The official manifestation/item information has no stored source-reference representation; the corrected database source-reference collection is empty. The asserted information is missing without a contradictory replacement, so it is omitted. The classification is based on the frozen official-source oracle and corrected database observation. Post-correction API exposure was not evaluated; no API value is inferred."
detailed_fidelity,CNW 63,dcm-catalogue-data/cnw/data-cnw/cnw0063.xml,63-10,source_description,count(//mei:handList); //mei:manifestation[1]/mei:titleStmt/mei:title[1]; //mei:manifestation[1]//mei:item[1],"{""hand_lists"":1,""representative"":{""item_identifier"":""D"",""location"":""CNS 24c"",""manifestation_title"":""Score, sketch"",""repository"":""DK-Kk""}}","Represent the asserted manifestations, held items, repositories, locations, and hand information in the intended source-reference domain.",omitted,"success with warning; ImportLog=success; warnings=no_movements,no_source_references,no_external_references","{""rows"":[],""source_reference_count"":0}","{""status"":""not_evaluated"",""reason_code"":""request_context_pool_unresolved"",""index_reconciliation_finalized"":false,""detail_request_count"":0,""row_level_api_value_inferred"":false}",omitted,true,"The frozen official-source expectation and corrected database observation support this classification. The official manifestation/item information has no stored source-reference representation; the corrected database source-reference collection is empty. The asserted information is missing without a contradictory replacement, so it is omitted. The classification is based on the frozen official-source oracle and corrected database observation. Post-correction API exposure was not evaluated; no API value is inferred."
detailed_fidelity,CNW 63,dcm-catalogue-data/cnw/data-cnw/cnw0063.xml,63-11,performance_event,count((//mei:work)[1]//mei:event); (//mei:work)[1]//mei:event[1],"{""event_count"":38,""first_event"":{""corporations"":[],""date"":""1896-01-15"",""description"":""First performance."",""element_text"":""1896-01-15 Koncertpalæet Copenhagen Anton Svendsen, violin Johanne Stockmarr, piano First performance. Reviews article journal Robert Henriques Dannebrog 1896-01-16 article journal Angul Hammerich Nationaltidende 1896-01-17"",""people"":[{""name"":""Anton Svendsen, violin"",""role"":""performer""},{""name"":""Johanne Stockmarr, piano"",""role"":""performer""}],""place"":""Copenhagen"",""venue"":""Koncertpalæet""}}","Represent the asserted catalogue event count and representative date, place, venue, people, corporations, and roles in the performance domain.",omitted,"success with warning; ImportLog=success; warnings=no_movements,no_source_references,no_external_references","{""matrix_cell_rows_bounded"":true,""performance_count"":38,""rows"":[{""database_id"":1928,""location"":""Venue: Koncertpalæet; Place: Copenhagen"",""note"":""First performance."",""performed_on"":""1896-01-15"",""performers"":""Anton Svendsen, violin (performer), Johanne Stockmarr, piano (performer)""},{""database_id"":1929,""location"":""Venue: Frimurerlogen; Place: Copenhagen"",""note"":""Kammermusikforeningen."",""performed_on"":""1896-02-19"",""performers"":""Anton Svendsen, violin (performer), Johanne Stockmarr, piano (performer)""},{""database_id"":1930,""location"":""Venue: Koncertpalæet; Place: Copenhagen"",""note"":""Carl Nielsen."",""performed_on"":""1898-02-03"",""performers"":""Anton Svendsen, violin (performer), Johanne Stockmarr, piano (performer)""},{""database_id"":1931,""location"":""Place: Copenhagen"",""note"":""Private Chamber Music Society (Privat Kammermusikforening)."",""performed_on"":""1899-11-16"",""performers"":null},{""database_id"":1932,""location"":""Venue: Frimurerlogen; Place: Copenhagen"",""note"":""Kammermusikforeningen."",""performed_on"":""1899-11-24"",""performers"":""Julius Borup, violin (performer), Dagmar Borup, piano (performer)""},{""matrix_cell_omitted_middle_count"":28},{""database_id"":1961,""location"":""Venue: Hornung Møllers Koncertsal; Place: Copenhagen"",""note"":null,""performed_on"":""1930-04-04"",""performers"":""Peder Møller, violin (performer), Karla Bjarnhof, piano (performer)""},{""database_id"":1962,""location"":""Venue: Hindsbergs Koncertsal; Place: Copenhagen"",""note"":null,""performed_on"":""1930-04-29"",""performers"":""Hertha Thode, violin (performer), Aage Foerlev, piano (performer)""},{""database_id"":1963,""location"":""Venue: Hornung & Møllers Koncertsal; Place: Copenhagen"",""note"":null,""performed_on"":""1930-11-04"",""performers"":""Peder Møller, violin (performer), Otto Mortensen, piano (performer)""},{""database_id"":1964,""location"":""Venue: Odd Fellow Palæet; Place: Copenhagen"",""note"":null,""performed_on"":""1930-11-27"",""performers"":""Henri Marteau, violin (performer), Christian Christiansen, piano (performer)""},{""database_id"":1965,""location"":""Venue: Hotel Royal; Place: Thisted"",""note"":null,""performed_on"":""1931-04-24"",""performers"":""Ellen Marquard, violin (performer), Georg Fjelrad, piano (performer)""}]}","{""status"":""not_evaluated"",""reason_code"":""request_context_pool_unresolved"",""index_reconciliation_finalized"":false,""detail_request_count"":0,""row_level_api_value_inferred"":false}",transformed as intended,true,"The frozen official-source expectation and corrected database observation support this classification. All 38 selected source events are represented by 38 Performance rows. The first event's exact date, venue, place, participants, roles and direct description are retained through deterministic flat strings, preserving the complete asserted meaning through a defensible transformation. The classification is based on the frozen official-source oracle and corrected database observation. Post-correction API exposure was not evaluated; no API value is inferred."
detailed_fidelity,CNW 63,dcm-catalogue-data/cnw/data-cnw/cnw0063.xml,63-12,relation_target,(//mei:work)[1]//mei:relation[@target] | (//mei:work)[1]//mei:ref[@target] | (//mei:work)[1]//mei:ptr[@target],"{""absolute_count"":0,""count"":2,""targets"":[{""element"":""ref"",""label"":"""",""relation"":"""",""target"":""document.xq?doc=cnw0025.xml""},{""element"":""ptr"",""label"":""Carl Nielsen Edition"",""relation"":"""",""target"":""/dcm/assets/cnu/pdf/CNU_II_11_chamber_music_2.pdf""}]}",Retain asserted targets and relation categories while distinguishing internal/relative graph targets from external URLs.,incorrect,"success with warning; ImportLog=success; warnings=no_movements,no_source_references,no_external_references","{""external_reference_count"":0,""matrix_cell_rows_bounded"":false,""mechanical_target_categories"":{},""rows"":[],""stored_domain"":""ExternalReference""}","{""status"":""not_evaluated"",""reason_code"":""request_context_pool_unresolved"",""index_reconciliation_finalized"":false,""detail_request_count"":0,""row_level_api_value_inferred"":false}",omitted,true,"The frozen official-source expectation and corrected database observation support this classification. Both asserted targets are internal or root-relative and are absent from ExternalReference. Their values and relation categories have no separate graph representation, so the assertion is omitted without a contradictory external-link row. The classification is based on the frozen official-source oracle and corrected database observation. Post-correction API exposure was not evaluated; no API value is inferred."
detailed_fidelity,CNW 18,dcm-catalogue-data/cnw/data-cnw/cnw0018.xml,18-01,work_identity,count(//mei:work); (//mei:work)[1]/mei:identifier[@label='CNW'],"{""cnw"":[{""type"":""CNW"",""value"":""18""}],""work_count"":1}",Represent the official work as one stored work and retain its direct CNW identifier.,preserved,"success with warning; ImportLog=success; warnings=no_movements,no_source_references","{""catalogue_identifiers"":[{""type"":""Opus"",""value"":""41""},{""type"":""CNW"",""value"":""18""},{""type"":""CNU"",""value"":""I/9; IV/1, Add. 35; III/4, 117–124""},{""type"":""CNS"",""value"":""345""},{""type"":""FS"",""value"":""94""}],""title"":""Musik til Helge Rodes skuespil \""Moderen\"", opus 41"",""work_id"":50}","{""status"":""not_evaluated"",""reason_code"":""request_context_pool_unresolved"",""index_reconciliation_finalized"":false,""detail_request_count"":0,""row_level_api_value_inferred"":false}",preserved,true,The frozen official-source expectation and corrected database observation support this classification. One work row remains and the asserted CNW identifier type/value is stored. The classification is based on the frozen official-source oracle and corrected database observation. Post-correction API exposure was not evaluated; no API value is inferred.
detailed_fidelity,CNW 18,dcm-catalogue-data/cnw/data-cnw/cnw0018.xml,18-02,responsibility,(//mei:work)[1]/mei:contributor//mei:persName,"[{""name"":""Carl Nielsen"",""role"":""composer""},{""name"":""Helge Rode"",""role"":""author""}]",Retain the asserted contributor identities together with their catalogue roles.,incorrect,"success with warning; ImportLog=success; warnings=no_movements,no_source_references","{""composer_name"":""Carl Nielsen"",""other_contributor_rows"":[]}","{""status"":""not_evaluated"",""reason_code"":""request_context_pool_unresolved"",""index_reconciliation_finalized"":false,""detail_request_count"":0,""row_level_api_value_inferred"":false}",omitted,true,"The frozen official-source expectation and corrected database observation support this classification. Carl Nielsen is correctly stored as composer, while author Helge Rode has no contributor-role row. The compound responsibility assertion is incomplete but not contradictory. The classification is based on the frozen official-source oracle and corrected database observation. Post-correction API exposure was not evaluated; no API value is inferred."
detailed_fidelity,CNW 18,dcm-catalogue-data/cnw/data-cnw/cnw0018.xml,18-03,catalogue_identifier,(//mei:work)[1]/mei:identifier,"[{""type"":""Opus"",""value"":""41""},{""type"":""CNW"",""value"":""18""},{""type"":""CNU"",""value"":""I/9; IV/1, Add. 35; III/4, 117–124""},{""type"":""CNS"",""value"":""345""},{""type"":""FS"",""value"":""94""}]",Retain the asserted identifier types and values without conflating types; preserve source order where the assertion requires it.,preserved,"success with warning; ImportLog=success; warnings=no_movements,no_source_references","{""catalogue_number"":""18"",""ordering_basis"":""database primary-key ascending; importer creates rows sequentially, but no explicit source-position column exists"",""rows"":[{""database_id"":168,""type"":""Opus"",""value"":""41""},{""database_id"":169,""type"":""CNW"",""value"":""18""},{""database_id"":170,""type"":""CNU"",""value"":""I/9; IV/1, Add. 35; III/4, 117–124""},{""database_id"":171,""type"":""CNS"",""value"":""345""},{""database_id"":172,""type"":""FS"",""value"":""94""}]}","{""status"":""not_evaluated"",""reason_code"":""request_context_pool_unresolved"",""index_reconciliation_finalized"":false,""detail_request_count"":0,""row_level_api_value_inferred"":false}",preserved,true,"The frozen official-source expectation and corrected database observation support this classification. All asserted identifier type/value pairs are stored in source creation order when ordered by database primary key, and Work.catalogue_number selects the direct CNW value 18. The typed identifier inventory is retained without conflating identifier families. The classification is based on the frozen official-source oracle and corrected database observation. Post-correction API exposure was not evaluated; no API value is inferred."
detailed_fidelity,CNW 18,dcm-catalogue-data/cnw/data-cnw/cnw0018.xml,18-04,title,(//mei:work)[1]/mei:title,"[{""language"":""da"",""text"":""Musik til Helge Rodes skuespil \""Moderen\"", opus 41"",""type"":""""},{""language"":""en"",""text"":""Music for Helge Rode's Play 'The Mother', Opus 41"",""type"":""""},{""language"":""da"",""text"":""Et eventyrspil i en prolog og syv billeder"",""type"":""subordinate""},{""language"":""en"",""text"":""A Play in a Prologue and Seven Scenes"",""type"":""subordinate""}]","Retain the asserted title texts, types, languages, count, and selected display-title meaning.",omitted,"success with warning; ImportLog=success; warnings=no_movements,no_source_references","{""alternate_title_rows"":[],""stored_title"":""Musik til Helge Rodes skuespil \""Moderen\"", opus 41"",""title_language_or_type_fields"":[]}","{""status"":""not_evaluated"",""reason_code"":""request_context_pool_unresolved"",""index_reconciliation_finalized"":false,""detail_request_count"":0,""row_level_api_value_inferred"":false}",omitted,true,"The frozen official-source expectation and corrected database observation support this classification. The selected Danish title is retained, but the other asserted titles and their language/type distinctions are not stored. Because the retained title does not contradict the source, the compound assertion is omitted. The classification is based on the frozen official-source oracle and corrected database observation. Post-correction API exposure was not evaluated; no API value is inferred."
detailed_fidelity,CNW 18,dcm-catalogue-data/cnw/data-cnw/cnw0018.xml,18-05,composition_date,(//mei:work)[1]/mei:creation/mei:date,"{""creation_text"":""1920–21"",""date"":{""id"":""date_N20C3A"",""notafter"":""1921"",""notbefore"":""1920"",""text"":""1920–21""}}","Retain the asserted date text, exact value or bounds, precision, and uncertainty rather than only an undifferentiated year.",transformed as intended,"success with warning; ImportLog=success; warnings=no_movements,no_source_references","{""composition_date"":""1920–21"",""composition_year"":1920,""structured_bounds_or_uncertainty_fields"":[]}","{""status"":""not_evaluated"",""reason_code"":""request_context_pool_unresolved"",""index_reconciliation_finalized"":false,""detail_request_count"":0,""row_level_api_value_inferred"":false}",transformed as intended,true,"The frozen official-source expectation and corrected database observation support this classification. The complete uncertain/ranged date wording remains in composition_date and the lower bound is normalized to composition_year. Structured notbefore/notafter fields are absent, but the stored date text retains the full asserted bounds and uncertainty, so this is a defensible transformation rather than a loss of meaning. The classification is based on the frozen official-source oracle and corrected database observation. Post-correction API exposure was not evaluated; no API value is inferred."
detailed_fidelity,CNW 18,dcm-catalogue-data/cnw/data-cnw/cnw0018.xml,18-06,component_structure,count((//mei:work)[1]//mei:expression); count((//mei:work)[1]/mei:expressionList/mei:expression); count((//mei:work)[1]//mei:componentList/mei:expression); count((//mei:work)[1]//mei:componentList),"{""component_expressions"":47,""component_lists"":10,""expressions"":49,""top_level"":2}",Represent the asserted expression/component hierarchy and representative component values without assuming every expression is a musical movement.,omitted,"success with warning; ImportLog=success; warnings=no_movements,no_source_references","{""expression_or_component_rows"":[],""movement_count"":0,""movement_rows"":[]}","{""status"":""not_evaluated"",""reason_code"":""request_context_pool_unresolved"",""index_reconciliation_finalized"":false,""detail_request_count"":0,""row_level_api_value_inferred"":false}",omitted,true,"The frozen official-source expectation and corrected database observation support this classification. The importer does not map MEI expression/component structures to the baseline model; zero movement rows do not represent the asserted hierarchy or values. The source structure is therefore omitted, and no claim is made that each expression is a musical movement. The classification is based on the frozen official-source oracle and corrected database observation. Post-correction API exposure was not evaluated; no API value is inferred."
detailed_fidelity,CNW 18,dcm-catalogue-data/cnw/data-cnw/cnw0018.xml,18-07,component_structure,(//mei:work)[1]//mei:componentList/mei:expression,"{""first_component"":{""n"":"""",""tempos"":[""Tempo giusto""],""titles"":[{""language"":""da"",""text"":""Prolog""},{""language"":""en"",""text"":""Prologue""}]},""nested_march"":{""n"":""1"",""tempos"":[""Tempo giusto""],""titles"":[{""language"":""da"",""text"":""Marsch""},{""language"":""en"",""text"":""March""}]}}",Represent the asserted expression/component hierarchy and representative component values without assuming every expression is a musical movement.,omitted,"success with warning; ImportLog=success; warnings=no_movements,no_source_references","{""expression_or_component_rows"":[],""movement_count"":0,""movement_rows"":[]}","{""status"":""not_evaluated"",""reason_code"":""request_context_pool_unresolved"",""index_reconciliation_finalized"":false,""detail_request_count"":0,""row_level_api_value_inferred"":false}",omitted,true,"The frozen official-source expectation and corrected database observation support this classification. The importer does not map MEI expression/component structures to the baseline model; zero movement rows do not represent the asserted hierarchy or values. The source structure is therefore omitted, and no claim is made that each expression is a musical movement. The classification is based on the frozen official-source oracle and corrected database observation. Post-correction API exposure was not evaluated; no API value is inferred."
detailed_fidelity,CNW 18,dcm-catalogue-data/cnw/data-cnw/cnw0018.xml,18-08,instrumentation,(//mei:work)[1]//mei:perfRes[normalize-space()],"{""count"":31,""representatives"":[{""codedval"":""wa"",""count"":""3"",""name"":""fl."",""solo"":""false""},{""codedval"":""ba"",""count"":""4"",""name"":""cor."",""solo"":""false""}]}","Retain the asserted performance-resource count plus representative names, codes, counts, grouping, and solo attributes.",omitted,"success with warning; ImportLog=success; warnings=no_movements,no_source_references","{""codedval_or_solo_fields"":[],""instrumentation_count"":28,""rows"":[{""name"":""3 fl."",""section"":""perfResList""},{""name"":""2 ob."",""section"":""perfResList""},{""name"":""2 cl."",""section"":""perfResList""},{""name"":""2 fg."",""section"":""perfResList""},{""name"":""4 cor."",""section"":""perfResList""},{""matrix_cell_omitted_middle_count"":18},{""name"":""1 A."",""section"":""perfResList""},{""name"":""1 T."",""section"":""perfResList""},{""name"":""1 B."",""section"":""perfResList""},{""name"":""1 Bar."",""section"":""perfResList""},{""name"":""1 voice"",""section"":""perfResList""}]}","{""status"":""not_evaluated"",""reason_code"":""request_context_pool_unresolved"",""index_reconciliation_finalized"":false,""detail_request_count"":0,""row_level_api_value_inferred"":false}",omitted,true,"The frozen official-source expectation and corrected database observation support this classification. Twenty-eight instrumentation rows represent only a subset of the 31 populated source resources; three resource occurrences and the codedval and solo attributes are absent. The surviving representative names and counts do not contradict the source. Under the frozen rule for missing non-contradictory information, the compound assertion is omitted. The classification is based on the frozen official-source oracle and corrected database observation. Post-correction API exposure was not evaluated; no API value is inferred."
detailed_fidelity,CNW 18,dcm-catalogue-data/cnw/data-cnw/cnw0018.xml,18-09,source_description,count(//mei:manifestation); count(//mei:manifestation//mei:item),"{""held_items"":27,""manifestations"":33}","Represent the asserted manifestations, held items, repositories, locations, and hand information in the intended source-reference domain.",omitted,"success with warning; ImportLog=success; warnings=no_movements,no_source_references","{""rows"":[],""source_reference_count"":0}","{""status"":""not_evaluated"",""reason_code"":""request_context_pool_unresolved"",""index_reconciliation_finalized"":false,""detail_request_count"":0,""row_level_api_value_inferred"":false}",omitted,true,"The frozen official-source expectation and corrected database observation support this classification. The official manifestation/item information has no stored source-reference representation; the corrected database source-reference collection is empty. The asserted information is missing without a contradictory replacement, so it is omitted. The classification is based on the frozen official-source oracle and corrected database observation. Post-correction API exposure was not evaluated; no API value is inferred."
detailed_fidelity,CNW 18,dcm-catalogue-data/cnw/data-cnw/cnw0018.xml,18-10,source_description,//mei:manifestation[1]/mei:titleStmt/mei:title[1]; //mei:manifestation[1]//mei:item[1],"{""item_identifier"":""Ie"",""location"":""CNS 345g"",""manifestation_title"":""Sketch (Nos. 20, 22)"",""repository"":""DK-Kk""}","Represent the asserted manifestations, held items, repositories, locations, and hand information in the intended source-reference domain.",omitted,"success with warning; ImportLog=success; warnings=no_movements,no_source_references","{""rows"":[],""source_reference_count"":0}","{""status"":""not_evaluated"",""reason_code"":""request_context_pool_unresolved"",""index_reconciliation_finalized"":false,""detail_request_count"":0,""row_level_api_value_inferred"":false}",omitted,true,"The frozen official-source expectation and corrected database observation support this classification. The official manifestation/item information has no stored source-reference representation; the corrected database source-reference collection is empty. The asserted information is missing without a contradictory replacement, so it is omitted. The classification is based on the frozen official-source oracle and corrected database observation. Post-correction API exposure was not evaluated; no API value is inferred."
detailed_fidelity,CNW 18,dcm-catalogue-data/cnw/data-cnw/cnw0018.xml,18-11,performance_event,count((//mei:work)[1]//mei:event); (//mei:work)[1]//mei:event[1],"{""event_count"":92,""first_event"":{""corporations"":[],""date"":""1921-01-30"",""description"":""First performance."",""element_text"":""1921-01-30 The Royal Theatre (Det Kongelige Teater) Copenhagen Ebbe Hamerik Betty Hennings (the Mother) Svend Methling (the Scald) Johannes Poulsen (the Jester) First performance. Reviews article newspaper Nationaltidende 1921-01-31 article newspaper Politiken 1921-01-31 article journal Ekstrabladet 1921-01-31 article journal Theatret 1921 20 11 131 article newspaper Aalborg Stiftstidende 1921-01-31 article newspaper Folkets Avis 1921-01-31"",""people"":[{""name"":""Ebbe Hamerik"",""role"":""conductor""},{""name"":""Betty Hennings (the Mother)"",""role"":""performer""},{""name"":""Svend Methling (the Scald)"",""role"":""performer""},{""name"":""Johannes Poulsen (the Jester)"",""role"":""performer""}],""place"":""Copenhagen"",""venue"":""The Royal Theatre (Det Kongelige Teater)""}}","Represent the asserted catalogue event count and representative date, place, venue, people, corporations, and roles in the performance domain.",omitted,"success with warning; ImportLog=success; warnings=no_movements,no_source_references","{""matrix_cell_rows_bounded"":true,""performance_count"":92,""rows"":[{""database_id"":1142,""location"":""Venue: The Royal Theatre (Det Kongelige Teater); Place: Copenhagen"",""note"":""First performance."",""performed_on"":""1921-01-30"",""performers"":""Ebbe Hamerik (conductor), Betty Hennings (the Mother) (performer), Svend Methling (the Scald) (performer), Johannes Poulsen (the Jester) (performer)""},{""database_id"":1143,""location"":""Venue: The Royal Theatre (Det Kongelige Teater); Place: Copenhagen"",""note"":null,""performed_on"":""1921-01-31"",""performers"":""Ebbe Hamerik (conductor)""},{""database_id"":1144,""location"":""Venue: The Royal Theatre (Det Kongelige Teater); Place: Copenhagen"",""note"":null,""performed_on"":""1921-02-02"",""performers"":""Ebbe Hamerik (conductor)""},{""database_id"":1145,""location"":""Venue: The Royal Theatre (Det Kongelige Teater); Place: Copenhagen"",""note"":null,""performed_on"":""1921-02-05"",""performers"":""Ebbe Hamerik (conductor)""},{""database_id"":1146,""location"":""Venue: The Royal Theatre (Det Kongelige Teater); Place: Copenhagen"",""note"":null,""performed_on"":""1921-02-06"",""performers"":""Ebbe Hamerik (conductor)""},{""matrix_cell_omitted_middle_count"":82},{""database_id"":1229,""location"":""Venue: Ringsted Lystanlæg, Pavillonen; Place: Ringsted"",""note"":""No. 19 (Prelude to Scene Seven) only."",""performed_on"":""1929-06-05"",""performers"":""H. Christian Jensen (conductor)""},{""database_id"":1230,""location"":""Venue: Rosenborg Have; Place: Copenhagen"",""note"":""No. 19 (Prelude to Scene Seven) only."",""performed_on"":""1929-07-28"",""performers"":""Harmoniorkester (ensemble), Frederik Schnedler-Petersen (conductor)""},{""database_id"":1231,""location"":""Venue: Axelborg; Place: Copenhagen"",""note"":""No. 19 (Prelude to Scene Seven) only."",""performed_on"":""1929-10-15"",""performers"":""Radio-blæserensemblet (ensemble), Johannes Andersen (conductor)""},{""database_id"":1232,""location"":""Venue: Teatersalen; Place: Ringsted"",""note"":""No. 19 (Prelude to Scene Seven) only."",""performed_on"":""1931-05-27"",""performers"":""Det sjællandske Provins-orkester (ensemble), H. Christian Jensen (conductor)""},{""database_id"":1233,""location"":""Venue: Axelborg; Place: Copenhagen"",""note"":""No. 6 (Min Pige er saa lys som Rav) only."",""performed_on"":""1931-07-25"",""performers"":""The Danish Radio Symphony Orchestra (Radiosymfoniorkestret) (ensemble), Emil Resen (conductor), Per Knudsen, singer (performer), Carl Schnedler-Meyer, piano (performer)""}]}","{""status"":""not_evaluated"",""reason_code"":""request_context_pool_unresolved"",""index_reconciliation_finalized"":false,""detail_request_count"":0,""row_level_api_value_inferred"":false}",transformed as intended,true,"The frozen official-source expectation and corrected database observation support this classification. All 92 selected source events are represented by 92 Performance rows. The first event's exact date, venue, place, participants, roles and direct description are retained through deterministic flat strings, preserving the complete asserted meaning through a defensible transformation. The classification is based on the frozen official-source oracle and corrected database observation. Post-correction API exposure was not evaluated; no API value is inferred."
detailed_fidelity,CNW 18,dcm-catalogue-data/cnw/data-cnw/cnw0018.xml,18-12,relation_target,(//mei:work)[1]//mei:relation[@target] | (//mei:work)[1]//mei:ref[@target] | (//mei:work)[1]//mei:ptr[@target],"{""absolute_count"":9,""count"":39,""internal_count"":30,""other_target_count"":37,""representative_targets"":[{""element"":""relation"",""label"":""Saga-Drøm"",""relation"":""isAdaptationOf"",""target"":""cnw0035.xml""},{""element"":""relation"",""label"":""Carl Nielsen Edition"",""relation"":""hasReproduction"",""target"":""http://www.kb.dk/export/sites/kb_dk/da/nb/dcm/cnu/pdf/CNU_I_09_incidental_music_2.pdf""}]}",Retain asserted targets and relation categories while distinguishing internal/relative graph targets from external URLs.,incorrect,"success with warning; ImportLog=success; warnings=no_movements,no_source_references","{""external_reference_count"":9,""matrix_cell_rows_bounded"":false,""mechanical_target_categories"":{""absolute_http_url"":9},""rows"":[{""label"":""External reference"",""target"":""http://hdl.handle.net/109.3.1/uuid:3731125b-ccd9-444c-89af-93ecfdce9a9f""},{""label"":""External reference"",""target"":""http://hdl.handle.net/109.3.1/uuid:0e91610d-abdf-4add-bd3d-fddfe99e3afd""},{""label"":""External reference"",""target"":""http://hdl.handle.net/109.3.1/uuid:453898e8-21b9-4ef7-8566-42822e5303dc""},{""label"":""External reference"",""target"":""http://hdl.handle.net/109.3.1/uuid:6e638df3-693e-4b0e-8352-48a9d9c078ff""},{""label"":""External reference"",""target"":""http://hdl.handle.net/109.3.1/uuid:4ec459f5-302f-44bc-beb9-9e53c33af1bf""},{""label"":""External reference"",""target"":""http://hdl.handle.net/109.3.1/uuid:ffa35bcb-1f86-41f3-aeea-c3c9fe10d1a9""},{""label"":""hasReproduction"",""target"":""http://www.kb.dk/export/sites/kb_dk/da/nb/dcm/cnu/pdf/CNU_I_09_incidental_music_2.pdf""},{""label"":""hasReproduction"",""target"":""http://www.kb.dk/export/sites/kb_dk/da/nb/dcm/cnu/pdf/CNU_IV_01_juvenilia_et_addenda.pdf""},{""label"":""hasReproduction"",""target"":""http://www.kb.dk/export/sites/kb_dk/da/nb/dcm/cnu/pdf/CNU_III_04_songs_1.pdf#page=212""}],""stored_domain"":""ExternalReference""}","{""status"":""not_evaluated"",""reason_code"":""request_context_pool_unresolved"",""index_reconciliation_finalized"":false,""detail_request_count"":0,""row_level_api_value_inferred"":false}",omitted,true,"The frozen official-source expectation and corrected database observation support this classification. Nine syntactically absolute HTTP(S) targets are retained, while 30 internal or relative targets and their relation categories are not modeled. The retained subset is non-contradictory, so the compound assertion is omitted as incomplete. The classification is based on the frozen official-source oracle and corrected database observation. Post-correction API exposure was not evaluated; no API value is inferred."
boundary_stress,CNW 53,dcm-catalogue-data/cnw/data-cnw/1292525519.xml,53-T01,technical_import,archive-member:dcm-catalogue-data/cnw/data-cnw/1292525519.xml; (//mei:work)[1],"{""file_size"":16623,""namespace"":""http://www.music-encoding.org/ns/mei"",""stage_a_classification"":""success with warning"",""stage_a_import_log_status"":""success"",""well_formed"":true}",Record the frozen technical outcome separately from semantic fidelity; successful processing is not semantic preservation.,not applicable,"success with warning; ImportLog=success; warnings=missing_composition_date_or_year,no_movements,no_instrumentation,no_source_references,no_performance_information,no_external_references","{""stage_a"":{""classification"":""success with warning"",""exactly_one_import_log"":true,""import_log_status"":""success"",""warning_categories"":[""missing_composition_date_or_year"",""no_movements"",""no_instrumentation"",""no_source_references"",""no_performance_information"",""no_external_references""],""warning_count"":6,""warning_messages"":[""Missing composition date or year"",""No movements found"",""No instrumentation found"",""No source references found"",""No performance information found"",""No external references found""],""work_row_remains"":true},""stored_work_id"":3}","{""status"":""not_evaluated"",""reason_code"":""request_context_pool_unresolved"",""index_reconciliation_finalized"":false,""detail_request_count"":0,""row_level_api_value_inferred"":false}",not applicable,false,"The frozen official-source expectation and corrected database observation support this classification. The record has an accountable successful Stage A import and is accounted for by the corrected database observation. This is a technical outcome, not a semantic mapping assertion, so it is classified not applicable and excluded from the semantic denominator. The classification is based on the frozen official-source oracle and corrected database observation. Post-correction API exposure was not evaluated; no API value is inferred."
boundary_stress,CNW 53,dcm-catalogue-data/cnw/data-cnw/1292525519.xml,53-B01,composition_date,count((//mei:work)[1]/mei:creation),"{""direct_creation_count"":0}",Preserve the absence of a direct work-level creation date without substituting an unrelated nested date.,preserved,"success with warning; ImportLog=success; warnings=missing_composition_date_or_year,no_movements,no_instrumentation,no_source_references,no_performance_information,no_external_references","{""composition_date"":null,""composition_year"":null,""structured_bounds_or_uncertainty_fields"":[]}","{""status"":""not_evaluated"",""reason_code"":""request_context_pool_unresolved"",""index_reconciliation_finalized"":false,""detail_request_count"":0,""row_level_api_value_inferred"":false}",preserved,true,"The frozen official-source expectation and corrected database observation support this classification. The official work has no direct creation date and the database stores neither composition_date nor composition_year, preserving the asserted absence rather than selecting an unrelated nested value. The classification is based on the frozen official-source oracle and corrected database observation. Post-correction API exposure was not evaluated; no API value is inferred."
boundary_stress,CNW 53,dcm-catalogue-data/cnw/data-cnw/1292525519.xml,53-B02,instrumentation,count((//mei:work)[1]//mei:perfRes[normalize-space()]),"{""populated_resources"":0}",Preserve the absence of populated performance resources.,preserved,"success with warning; ImportLog=success; warnings=missing_composition_date_or_year,no_movements,no_instrumentation,no_source_references,no_performance_information,no_external_references","{""codedval_or_solo_fields"":[],""instrumentation_count"":0,""rows"":[]}","{""status"":""not_evaluated"",""reason_code"":""request_context_pool_unresolved"",""index_reconciliation_finalized"":false,""detail_request_count"":0,""row_level_api_value_inferred"":false}",preserved,true,"The frozen official-source expectation and corrected database observation support this classification. The official work has zero populated performance resources, and the corrected database contains zero instrumentation rows, preserving the asserted absence. The classification is based on the frozen official-source oracle and corrected database observation. Post-correction API exposure was not evaluated; no API value is inferred."
boundary_stress,CNW 53,dcm-catalogue-data/cnw/data-cnw/1292525519.xml,53-B03,source_description,count(//mei:manifestation),"{""manifestations"":1}",Represent the single manifestation in the intended source-reference domain.,omitted,"success with warning; ImportLog=success; warnings=missing_composition_date_or_year,no_movements,no_instrumentation,no_source_references,no_performance_information,no_external_references","{""rows"":[],""source_reference_count"":0}","{""status"":""not_evaluated"",""reason_code"":""request_context_pool_unresolved"",""index_reconciliation_finalized"":false,""detail_request_count"":0,""row_level_api_value_inferred"":false}",omitted,true,"The frozen official-source expectation and corrected database observation support this classification. The official manifestation/item information has no stored source-reference representation; the corrected database source-reference collection is empty. The asserted information is missing without a contradictory replacement, so it is omitted. The classification is based on the frozen official-source oracle and corrected database observation. Post-correction API exposure was not evaluated; no API value is inferred."
boundary_stress,CNW 53,dcm-catalogue-data/cnw/data-cnw/1292525519.xml,53-B04,source_description,count(//mei:manifestation//mei:item),"{""held_items"":1}",Represent the single held item and its relationship to the manifestation.,omitted,"success with warning; ImportLog=success; warnings=missing_composition_date_or_year,no_movements,no_instrumentation,no_source_references,no_performance_information,no_external_references","{""rows"":[],""source_reference_count"":0}","{""status"":""not_evaluated"",""reason_code"":""request_context_pool_unresolved"",""index_reconciliation_finalized"":false,""detail_request_count"":0,""row_level_api_value_inferred"":false}",omitted,true,"The frozen official-source expectation and corrected database observation support this classification. The official manifestation/item information has no stored source-reference representation; the corrected database source-reference collection is empty. The asserted information is missing without a contradictory replacement, so it is omitted. The classification is based on the frozen official-source oracle and corrected database observation. Post-correction API exposure was not evaluated; no API value is inferred."
boundary_stress,CNW 53,dcm-catalogue-data/cnw/data-cnw/1292525519.xml,53-B05,performance_event,count((//mei:work)[1]//mei:event),"{""events"":0}",Preserve the absence of performance-event structures.,preserved,"success with warning; ImportLog=success; warnings=missing_composition_date_or_year,no_movements,no_instrumentation,no_source_references,no_performance_information,no_external_references","{""matrix_cell_rows_bounded"":false,""performance_count"":0,""rows"":[]}","{""status"":""not_evaluated"",""reason_code"":""request_context_pool_unresolved"",""index_reconciliation_finalized"":false,""detail_request_count"":0,""row_level_api_value_inferred"":false}",preserved,true,"The frozen official-source expectation and corrected database observation support this classification. The official record has zero events, and the corrected database contains zero performance rows, preserving the asserted absence. The classification is based on the frozen official-source oracle and corrected database observation. Post-correction API exposure was not evaluated; no API value is inferred."
boundary_stress,CNW Coll. 18,dcm-catalogue-data/cnw/data-cnw/03f4c141-9dab-46d7-b8c1-9d0000cc997a.xml,COLL18-T01,technical_import,archive-member:dcm-catalogue-data/cnw/data-cnw/03f4c141-9dab-46d7-b8c1-9d0000cc997a.xml; (//mei:work)[1],"{""file_size"":29171,""namespace"":""http://www.music-encoding.org/ns/mei"",""stage_a_classification"":""success with warning"",""stage_a_import_log_status"":""success"",""well_formed"":true}",Record the frozen technical outcome separately from semantic fidelity; successful processing is not semantic preservation.,not applicable,"success with warning; ImportLog=success; warnings=no_movements,no_instrumentation,no_source_references,no_performance_information,no_external_references","{""stage_a"":{""classification"":""success with warning"",""exactly_one_import_log"":true,""import_log_status"":""success"",""warning_categories"":[""no_movements"",""no_instrumentation"",""no_source_references"",""no_performance_information"",""no_external_references""],""warning_count"":5,""warning_messages"":[""No movements found"",""No instrumentation found"",""No source references found"",""No performance information found"",""No external references found""],""work_row_remains"":true},""stored_work_id"":1}","{""status"":""not_evaluated"",""reason_code"":""request_context_pool_unresolved"",""index_reconciliation_finalized"":false,""detail_request_count"":0,""row_level_api_value_inferred"":false}",not applicable,false,"The frozen official-source expectation and corrected database observation support this classification. The record has an accountable successful Stage A import and is accounted for by the corrected database observation. This is a technical outcome, not a semantic mapping assertion, so it is classified not applicable and excluded from the semantic denominator. The classification is based on the frozen official-source oracle and corrected database observation. Post-correction API exposure was not evaluated; no API value is inferred."
boundary_stress,CNW Coll. 18,dcm-catalogue-data/cnw/data-cnw/03f4c141-9dab-46d7-b8c1-9d0000cc997a.xml,COLL18-B01,work_identity,count(//mei:work); (//mei:work)[1]/mei:identifier,"{""identifiers"":[{""type"":""CNW"",""value"":""Coll. 18""},{""type"":""CNU"",""value"":""III/5, 145–181, 199""},{""type"":""FS"",""value"":""103""}],""work_count"":1}",Represent the collection record as one work without splitting or conflating its graph-linked parts.,preserved,"success with warning; ImportLog=success; warnings=no_movements,no_instrumentation,no_source_references,no_performance_information,no_external_references","{""catalogue_identifiers"":[{""type"":""CNW"",""value"":""Coll. 18""},{""type"":""CNU"",""value"":""III/5, 145–181, 199""},{""type"":""FS"",""value"":""103""}],""title"":""Bidrag til \""Folkehøjskolens Melodibog\"" (ca. 1923)"",""work_id"":1}","{""status"":""not_evaluated"",""reason_code"":""request_context_pool_unresolved"",""index_reconciliation_finalized"":false,""detail_request_count"":0,""row_level_api_value_inferred"":false}",preserved,true,"The frozen official-source expectation and corrected database observation support this classification. The official collection is represented by one stored work with the CNW Coll. 18 identifier, preserving the one-work collection identity at this bounded level. The classification is based on the frozen official-source oracle and corrected database observation. Post-correction API exposure was not evaluated; no API value is inferred."
boundary_stress,CNW Coll. 18,dcm-catalogue-data/cnw/data-cnw/03f4c141-9dab-46d7-b8c1-9d0000cc997a.xml,COLL18-B02,relation_target,count((//mei:work)[1]//mei:relation),"{""relations"":40}",Retain all 40 collection-graph relations with their relation categories.,incorrect,"success with warning; ImportLog=success; warnings=no_movements,no_instrumentation,no_source_references,no_performance_information,no_external_references","{""external_reference_count"":0,""matrix_cell_rows_bounded"":false,""mechanical_target_categories"":{},""rows"":[],""stored_domain"":""ExternalReference""}","{""status"":""not_evaluated"",""reason_code"":""request_context_pool_unresolved"",""index_reconciliation_finalized"":false,""detail_request_count"":0,""row_level_api_value_inferred"":false}",omitted,true,"The frozen official-source expectation and corrected database observation support this classification. The 40 internal collection-graph relations are no longer stored as ExternalReference rows, but no internal relation model retains them. Their non-contradictory information is therefore omitted. The classification is based on the frozen official-source oracle and corrected database observation. Post-correction API exposure was not evaluated; no API value is inferred."
boundary_stress,CNW Coll. 18,dcm-catalogue-data/cnw/data-cnw/03f4c141-9dab-46d7-b8c1-9d0000cc997a.xml,COLL18-B03,relation_target,count((//mei:work)[1]//mei:relation[@rel='hasPart']),"{""has_part_relations"":38}",Retain all 38 `hasPart` relations as internal collection-graph relationships.,incorrect,"success with warning; ImportLog=success; warnings=no_movements,no_instrumentation,no_source_references,no_performance_information,no_external_references","{""external_reference_count"":0,""matrix_cell_rows_bounded"":false,""mechanical_target_categories"":{},""rows"":[],""stored_domain"":""ExternalReference""}","{""status"":""not_evaluated"",""reason_code"":""request_context_pool_unresolved"",""index_reconciliation_finalized"":false,""detail_request_count"":0,""row_level_api_value_inferred"":false}",omitted,true,"The frozen official-source expectation and corrected database observation support this classification. The 38 hasPart relations are no longer stored as external links, but the model has no internal collection-graph representation. The asserted graph information is omitted. The classification is based on the frozen official-source oracle and corrected database observation. Post-correction API exposure was not evaluated; no API value is inferred."
boundary_stress,CNW Coll. 18,dcm-catalogue-data/cnw/data-cnw/03f4c141-9dab-46d7-b8c1-9d0000cc997a.xml,COLL18-B04,performance_event,count((//mei:work)[1]//mei:event),"{""events"":0}",Preserve the absence of event structures.,preserved,"success with warning; ImportLog=success; warnings=no_movements,no_instrumentation,no_source_references,no_performance_information,no_external_references","{""matrix_cell_rows_bounded"":false,""performance_count"":0,""rows"":[]}","{""status"":""not_evaluated"",""reason_code"":""request_context_pool_unresolved"",""index_reconciliation_finalized"":false,""detail_request_count"":0,""row_level_api_value_inferred"":false}",preserved,true,"The frozen official-source expectation and corrected database observation support this classification. The official record has zero events, and the corrected database contains zero performance rows, preserving the asserted absence. The classification is based on the frozen official-source oracle and corrected database observation. Post-correction API exposure was not evaluated; no API value is inferred."
boundary_stress,CNW Coll. 18,dcm-catalogue-data/cnw/data-cnw/03f4c141-9dab-46d7-b8c1-9d0000cc997a.xml,COLL18-B05,relation_target,(//mei:work)[1]//mei:relation[@target] | (//mei:work)[1]//mei:ref[@target] | (//mei:work)[1]//mei:ptr[@target],"{""absolute_work_urls"":0}",Preserve the distinction that none of the work-level targets is an absolute URL.,preserved,"success with warning; ImportLog=success; warnings=no_movements,no_instrumentation,no_source_references,no_performance_information,no_external_references","{""external_reference_count"":0,""matrix_cell_rows_bounded"":false,""mechanical_target_categories"":{},""rows"":[],""stored_domain"":""ExternalReference""}","{""status"":""not_evaluated"",""reason_code"":""request_context_pool_unresolved"",""index_reconciliation_finalized"":false,""detail_request_count"":0,""row_level_api_value_inferred"":false}",preserved,true,"The frozen official-source expectation and corrected database observation support this classification. The corrected association contains zero external-reference rows and introduces no absolute URL, preserving the bounded assertion that the source has zero absolute work URLs. Internal graph retention is assessed separately. The classification is based on the frozen official-source oracle and corrected database observation. Post-correction API exposure was not evaluated; no API value is inferred."
boundary_stress,CNW Coll. 18,dcm-catalogue-data/cnw/data-cnw/03f4c141-9dab-46d7-b8c1-9d0000cc997a.xml,COLL18-B06,relation_target,(//mei:work)[1]//mei:relation[@target] | (//mei:work)[1]//mei:ref[@target] | (//mei:work)[1]//mei:ptr[@target],"{""absolute_count"":0,""has_part_count"":38,""relation_count"":40,""target_count"":42}",Retain internal/relative collection-graph targets as graph relations rather than mislabelling them as external links.,incorrect,"success with warning; ImportLog=success; warnings=no_movements,no_instrumentation,no_source_references,no_performance_information,no_external_references","{""external_reference_count"":0,""matrix_cell_rows_bounded"":false,""mechanical_target_categories"":{},""rows"":[],""stored_domain"":""ExternalReference""}","{""status"":""not_evaluated"",""reason_code"":""request_context_pool_unresolved"",""index_reconciliation_finalized"":false,""detail_request_count"":0,""row_level_api_value_inferred"":false}",omitted,true,"The frozen official-source expectation and corrected database observation support this classification. Internal and relative collection-graph targets are absent from ExternalReference, but the model has no separate graph relation representation. Their graph values and categories are omitted. The classification is based on the frozen official-source oracle and corrected database observation. Post-correction API exposure was not evaluated; no API value is inferred."
boundary_stress,CNW 17,dcm-catalogue-data/cnw/data-cnw/cnw0017.xml,17-T01,technical_import,archive-member:dcm-catalogue-data/cnw/data-cnw/cnw0017.xml; (//mei:work)[1],"{""file_size"":583753,""namespace"":""http://www.music-encoding.org/ns/mei"",""stage_a_classification"":""success with warning"",""stage_a_import_log_status"":""success"",""well_formed"":true}",Record the frozen technical outcome separately from semantic fidelity; successful processing is not semantic preservation.,not applicable,"success with warning; ImportLog=success; warnings=no_movements,no_source_references,non_exact_performance_date_not_stored,no_external_references","{""stage_a"":{""classification"":""success with warning"",""exactly_one_import_log"":true,""import_log_status"":""success"",""warning_categories"":[""no_movements"",""no_source_references"",""non_exact_performance_date_not_stored"",""no_external_references""],""warning_count"":4,""warning_messages"":[""No movements found"",""No source references found"",""Non-exact performance date was not stored"",""No external references found""],""work_row_remains"":true},""stored_work_id"":49}","{""status"":""not_evaluated"",""reason_code"":""request_context_pool_unresolved"",""index_reconciliation_finalized"":false,""detail_request_count"":0,""row_level_api_value_inferred"":false}",not applicable,false,"The frozen official-source expectation and corrected database observation support this classification. The record has an accountable successful Stage A import and is accounted for by the corrected database observation. This is a technical outcome, not a semantic mapping assertion, so it is classified not applicable and excluded from the semantic denominator. The classification is based on the frozen official-source oracle and corrected database observation. Post-correction API exposure was not evaluated; no API value is inferred."
boundary_stress,CNW 17,dcm-catalogue-data/cnw/data-cnw/cnw0017.xml,17-B01,component_structure,count((//mei:work)[1]//mei:expression),"{""expressions"":57}",Represent all 57 expressions without assuming each expression is a musical movement.,omitted,"success with warning; ImportLog=success; warnings=no_movements,no_source_references,non_exact_performance_date_not_stored,no_external_references","{""expression_or_component_rows"":[],""movement_count"":0,""movement_rows"":[]}","{""status"":""not_evaluated"",""reason_code"":""request_context_pool_unresolved"",""index_reconciliation_finalized"":false,""detail_request_count"":0,""row_level_api_value_inferred"":false}",omitted,true,"The frozen official-source expectation and corrected database observation support this classification. The importer does not map MEI expression/component structures to the baseline model; zero movement rows do not represent the asserted hierarchy or values. The source structure is therefore omitted, and no claim is made that each expression is a musical movement. The classification is based on the frozen official-source oracle and corrected database observation. Post-correction API exposure was not evaluated; no API value is inferred."
boundary_stress,CNW 17,dcm-catalogue-data/cnw/data-cnw/cnw0017.xml,17-B02,component_structure,count((//mei:work)[1]//mei:componentList),"{""component_lists"":11}",Represent all 11 component-list structures and their hierarchy.,omitted,"success with warning; ImportLog=success; warnings=no_movements,no_source_references,non_exact_performance_date_not_stored,no_external_references","{""expression_or_component_rows"":[],""movement_count"":0,""movement_rows"":[]}","{""status"":""not_evaluated"",""reason_code"":""request_context_pool_unresolved"",""index_reconciliation_finalized"":false,""detail_request_count"":0,""row_level_api_value_inferred"":false}",omitted,true,"The frozen official-source expectation and corrected database observation support this classification. The importer does not map MEI expression/component structures to the baseline model; zero movement rows do not represent the asserted hierarchy or values. The source structure is therefore omitted, and no claim is made that each expression is a musical movement. The classification is based on the frozen official-source oracle and corrected database observation. Post-correction API exposure was not evaluated; no API value is inferred."
boundary_stress,CNW 17,dcm-catalogue-data/cnw/data-cnw/cnw0017.xml,17-B03,instrumentation,count((//mei:work)[1]//mei:perfRes[normalize-space()]),"{""perf_res"":62}",Represent all 62 populated performance resources and their material attributes.,omitted,"success with warning; ImportLog=success; warnings=no_movements,no_source_references,non_exact_performance_date_not_stored,no_external_references","{""codedval_or_solo_fields"":[],""instrumentation_count"":36,""rows"":[{""name"":""1 fl."",""section"":""perfResList""},{""name"":""2 fl./fl.picc."",""section"":""perfResList""},{""name"":""2 ob."",""section"":""perfResList""},{""name"":""1 cor.ingl."",""section"":""perfResList""},{""name"":""2 cl."",""section"":""perfResList""},{""matrix_cell_omitted_middle_count"":26},{""name"":""1 B."",""section"":""perfResList""},{""name"":""2 fl."",""section"":""perfResList""},{""name"":""1 fl.picc."",""section"":""perfResList""},{""name"":""1 tamb.picc."",""section"":""perfResList""},{""name"":""1 pf."",""section"":""perfResList""}]}","{""status"":""not_evaluated"",""reason_code"":""request_context_pool_unresolved"",""index_reconciliation_finalized"":false,""detail_request_count"":0,""row_level_api_value_inferred"":false}",omitted,true,"The frozen official-source expectation and corrected database observation support this classification. Thirty-six instrumentation rows represent only a subset of the 62 populated perfRes elements because name-based normalization and deduplication collapse source resource occurrences; material resource attributes are also absent. The surviving rows do not contradict the source, so the missing information is classified as omitted. The classification is based on the frozen official-source oracle and corrected database observation. Post-correction API exposure was not evaluated; no API value is inferred."
boundary_stress,CNW 17,dcm-catalogue-data/cnw/data-cnw/cnw0017.xml,17-B04,source_description,count(//mei:manifestation),"{""manifestations"":15}",Represent all 15 manifestations in the intended source-reference domain.,omitted,"success with warning; ImportLog=success; warnings=no_movements,no_source_references,non_exact_performance_date_not_stored,no_external_references","{""rows"":[],""source_reference_count"":0}","{""status"":""not_evaluated"",""reason_code"":""request_context_pool_unresolved"",""index_reconciliation_finalized"":false,""detail_request_count"":0,""row_level_api_value_inferred"":false}",omitted,true,"The frozen official-source expectation and corrected database observation support this classification. The official manifestation/item information has no stored source-reference representation; the corrected database source-reference collection is empty. The asserted information is missing without a contradictory replacement, so it is omitted. The classification is based on the frozen official-source oracle and corrected database observation. Post-correction API exposure was not evaluated; no API value is inferred."
boundary_stress,CNW 17,dcm-catalogue-data/cnw/data-cnw/cnw0017.xml,17-B05,source_description,count(//mei:manifestation//mei:item),"{""held_items"":13}",Represent all 13 held items and their manifestation relationships.,omitted,"success with warning; ImportLog=success; warnings=no_movements,no_source_references,non_exact_performance_date_not_stored,no_external_references","{""rows"":[],""source_reference_count"":0}","{""status"":""not_evaluated"",""reason_code"":""request_context_pool_unresolved"",""index_reconciliation_finalized"":false,""detail_request_count"":0,""row_level_api_value_inferred"":false}",omitted,true,"The frozen official-source expectation and corrected database observation support this classification. The official manifestation/item information has no stored source-reference representation; the corrected database source-reference collection is empty. The asserted information is missing without a contradictory replacement, so it is omitted. The classification is based on the frozen official-source oracle and corrected database observation. Post-correction API exposure was not evaluated; no API value is inferred."
boundary_stress,CNW 17,dcm-catalogue-data/cnw/data-cnw/cnw0017.xml,17-B06,performance_event,count((//mei:work)[1]//mei:event),"{""events"":211}",Represent all 211 catalogue events in the performance domain where applicable.,omitted,"success with warning; ImportLog=success; warnings=no_movements,no_source_references,non_exact_performance_date_not_stored,no_external_references","{""matrix_cell_rows_bounded"":true,""performance_count"":211,""rows"":[{""database_id"":931,""location"":""Venue: The Royal Theatre (Det Kongelige Teater); Place: Copenhagen"",""note"":""First performance."",""performed_on"":null,""performers"":""Ferdinand Hemme (conductor), Johannes Poulsen (director)""},{""database_id"":932,""location"":""Venue: The Music Society (Musikforeningen); Place: Copenhagen"",""note"":""Concert performance (excerpts)."",""performed_on"":""1919-02-06"",""performers"":""Carl Nielsen (conductor)""},{""database_id"":933,""location"":""Venue: The Royal Theatre (Det Kongelige Teater); Place: Copenhagen"",""note"":""Part one."",""performed_on"":""1919-02-15"",""performers"":""Ferdinand Hemme (conductor)""},{""database_id"":934,""location"":""Venue: The Royal Theatre (Det Kongelige Teater); Place: Copenhagen"",""note"":""Part one."",""performed_on"":""1919-02-16"",""performers"":""Ferdinand Hemme (conductor)""},{""database_id"":935,""location"":""Venue: The Royal Theatre (Det Kongelige Teater); Place: Copenhagen"",""note"":""Part one."",""performed_on"":""1919-02-17"",""performers"":""Ferdinand Hemme (conductor)""},{""matrix_cell_omitted_middle_count"":201},{""database_id"":1137,""location"":""Venue: Axelborg; Place: Copenhagen"",""note"":""Negro Dance (Negerdans) only."",""performed_on"":""1931-08-24"",""performers"":""The Danish Radio Symphony Orchestra (Radiosymfoniorkestret) (ensemble), Emil Reesen (conductor)""},{""database_id"":1138,""location"":""Venue: Tivoli Concert Hall (Tivolis Koncertsal); Place: Copenhagen"",""note"":""Oriental Festive Marsch (Orientalsk Festmarch), Aladdin's Dream and the Dance of the Morning Mists (Aladdins Drøm og Morgentaagernes Dans) only."",""performed_on"":""1931-08-28"",""performers"":""Tivoli Symphony Orchestra (Tivolis Symfoniorkester) (ensemble), Frederik Schnedler-Petersen (conductor)""},{""database_id"":1139,""location"":""Venue: Forum; Place: Copenhagen"",""note"":""Oriental Festive Marsch (Orientalsk Festmarch) only."",""performed_on"":""1931-09-06"",""performers"":""The Danish Radio Symphony Orchestra (Radiosymfoniorkestret) (ensemble), Launy Grøndahl (conductor)""},{""database_id"":1140,""location"":""Place: Stockholm"",""note"":""Hindu Dance (Hindudans), Chinese Dance (Kinesisk Dans), Negro Dance (Negerdans), Chinese Dance (Kinesisk Dans), Oriental Festive Marsch (Orientalsk Festmarch) only."",""performed_on"":""1931-09-27"",""performers"":null},{""database_id"":1141,""location"":""Venue: Danish Broadcasting Corporation (Statsradiofonien); Place: Copenhagen"",""note"":""Hindu Dance (Hindu Dans), Negro Dance (Negerdans), Oriental Festive Marsch (Orientalsk Festmarch) only."",""performed_on"":""1931-10-01"",""performers"":""The Danish Radio Symphony Orchestra (Radiosymfoniorkestret) (ensemble), Emil Reesen (conductor), Peder Møller, violin (performer)""}]}","{""status"":""not_evaluated"",""reason_code"":""request_context_pool_unresolved"",""index_reconciliation_finalized"":false,""detail_request_count"":0,""row_level_api_value_inferred"":false}",preserved,true,"The frozen official-source expectation and corrected database observation support this classification. The corrected database contains 211 Performance rows for the 211 selected catalogue events, preserving this bounded count assertion without claiming a richer event model. The classification is based on the frozen official-source oracle and corrected database observation. Post-correction API exposure was not evaluated; no API value is inferred."
boundary_stress,CNW 17,dcm-catalogue-data/cnw/data-cnw/cnw0017.xml,17-B07,relation_target,count((//mei:work)[1]//*[@target]),"{""target_attributes"":92}",Retain all 92 asserted target attributes with their structural categories.,incorrect,"success with warning; ImportLog=success; warnings=no_movements,no_source_references,non_exact_performance_date_not_stored,no_external_references","{""external_reference_count"":0,""matrix_cell_rows_bounded"":false,""mechanical_target_categories"":{},""rows"":[],""stored_domain"":""ExternalReference""}","{""status"":""not_evaluated"",""reason_code"":""request_context_pool_unresolved"",""index_reconciliation_finalized"":false,""detail_request_count"":0,""row_level_api_value_inferred"":false}",omitted,true,"The frozen official-source expectation and corrected database observation support this classification. Eighty-four graphic targets remain outside ExternalReference and eight internal relation targets are also excluded. None is contradicted by an external-link row, but all 92 categorized targets remain omitted from the stored relation model. The classification is based on the frozen official-source oracle and corrected database observation. Post-correction API exposure was not evaluated; no API value is inferred."
boundary_stress,CNW 17,dcm-catalogue-data/cnw/data-cnw/cnw0017.xml,17-B08,relation_target,(//mei:work)[1]//*[@target],"{""absolute_count"":0,""target_attributes"":92}",Retain the internal/relative category of every target rather than presenting it as an external link.,omitted,"success with warning; ImportLog=success; warnings=no_movements,no_source_references,non_exact_performance_date_not_stored,no_external_references","{""external_reference_count"":0,""matrix_cell_rows_bounded"":false,""mechanical_target_categories"":{},""rows"":[],""stored_domain"":""ExternalReference""}","{""status"":""not_evaluated"",""reason_code"":""request_context_pool_unresolved"",""index_reconciliation_finalized"":false,""detail_request_count"":0,""row_level_api_value_inferred"":false}",omitted,true,"The frozen official-source expectation and corrected database observation support this classification. The database introduces no absolute external link, but 84 graphic targets and eight internal relation targets have no retained representation carrying their internal or relative category. The compound assertion is omitted. The classification is based on the frozen official-source oracle and corrected database observation. Post-correction API exposure was not evaluated; no API value is inferred."
boundary_stress,CNW 17,dcm-catalogue-data/cnw/data-cnw/cnw0017.xml,17-B09,relation_target,count((//mei:work)[1]//mei:graphic[@target]),"{""graphic_targets"":84}",Retain the 84 graphic targets as graphic/incipit references.,omitted,"success with warning; ImportLog=success; warnings=no_movements,no_source_references,non_exact_performance_date_not_stored,no_external_references","{""external_reference_count"":0,""matrix_cell_rows_bounded"":false,""mechanical_target_categories"":{},""rows"":[],""stored_domain"":""ExternalReference""}","{""status"":""not_evaluated"",""reason_code"":""request_context_pool_unresolved"",""index_reconciliation_finalized"":false,""detail_request_count"":0,""row_level_api_value_inferred"":false}",omitted,true,The frozen official-source expectation and corrected database observation support this classification. All 84 graphic targets lack a stored representation. Their information is omitted without a contradictory replacement. The classification is based on the frozen official-source oracle and corrected database observation. Post-correction API exposure was not evaluated; no API value is inferred.
boundary_stress,CNW 17,dcm-catalogue-data/cnw/data-cnw/cnw0017.xml,17-B10,relation_target,count((//mei:work)[1]//mei:relation[@target]),"{""relation_targets"":8}",Retain the eight relation targets with internal relation semantics.,incorrect,"success with warning; ImportLog=success; warnings=no_movements,no_source_references,non_exact_performance_date_not_stored,no_external_references","{""external_reference_count"":0,""matrix_cell_rows_bounded"":false,""mechanical_target_categories"":{},""rows"":[],""stored_domain"":""ExternalReference""}","{""status"":""not_evaluated"",""reason_code"":""request_context_pool_unresolved"",""index_reconciliation_finalized"":false,""detail_request_count"":0,""row_level_api_value_inferred"":false}",omitted,true,"The frozen official-source expectation and corrected database observation support this classification. The eight internal relation targets are absent from ExternalReference, but no internal relation model retains their targets or semantics. The asserted relation information is omitted. The classification is based on the frozen official-source oracle and corrected database observation. Post-correction API exposure was not evaluated; no API value is inferred."
boundary_stress,CNW 2,dcm-catalogue-data/cnw/data-cnw/cnw0002.xml,2-T01,technical_import,archive-member:dcm-catalogue-data/cnw/data-cnw/cnw0002.xml; (//mei:work)[1],"{""file_size"":1539005,""namespace"":""http://www.music-encoding.org/ns/mei"",""stage_a_classification"":""success with warning"",""stage_a_import_log_status"":""success"",""well_formed"":true}",Record the frozen technical outcome separately from semantic fidelity; successful processing is not semantic preservation.,not applicable,"success with warning; ImportLog=success; warnings=no_movements,no_source_references","{""stage_a"":{""classification"":""success with warning"",""exactly_one_import_log"":true,""import_log_status"":""success"",""warning_categories"":[""no_movements"",""no_source_references""],""warning_count"":2,""warning_messages"":[""No movements found"",""No source references found""],""work_row_remains"":true},""stored_work_id"":34}","{""status"":""not_evaluated"",""reason_code"":""request_context_pool_unresolved"",""index_reconciliation_finalized"":false,""detail_request_count"":0,""row_level_api_value_inferred"":false}",not applicable,false,"The frozen official-source expectation and corrected database observation support this classification. The record has an accountable successful Stage A import and is accounted for by the corrected database observation. This is a technical outcome, not a semantic mapping assertion, so it is classified not applicable and excluded from the semantic denominator. The classification is based on the frozen official-source oracle and corrected database observation. Post-correction API exposure was not evaluated; no API value is inferred."
boundary_stress,CNW 2,dcm-catalogue-data/cnw/data-cnw/cnw0002.xml,2-T02,technical_import,archive-member:dcm-catalogue-data/cnw/data-cnw/cnw0002.xml; docs/report_evidence/phase2_sample_manifest.csv#CNW 2,"{""corpus_max_size_confirmed"":true,""file_size"":1539005,""manifest_size_bytes"":1539005,""namespace"":""http://www.music-encoding.org/ns/mei"",""stage_a_classification"":""success with warning"",""stage_a_import_log_status"":""success"",""well_formed"":true}","Record whether the baseline processes the corpus-maximum 1,539,005-byte official XML file without failure; this is technical-only.",not applicable,"success with warning; ImportLog=success; warnings=no_movements,no_source_references","{""stage_a"":{""classification"":""success with warning"",""exactly_one_import_log"":true,""import_log_status"":""success"",""warning_categories"":[""no_movements"",""no_source_references""],""warning_count"":2,""warning_messages"":[""No movements found"",""No source references found""],""work_row_remains"":true},""stored_work_id"":34}","{""status"":""not_evaluated"",""reason_code"":""request_context_pool_unresolved"",""index_reconciliation_finalized"":false,""detail_request_count"":0,""row_level_api_value_inferred"":false}",not applicable,false,"The frozen official-source expectation and corrected database observation support this classification. The 1,539,005-byte corpus-maximum file imported successfully and is accounted for by the corrected database observation. Largest-file handling is technical-only, so it is not applicable to semantic fidelity and is excluded from the denominator. The classification is based on the frozen official-source oracle and corrected database observation. Post-correction API exposure was not evaluated; no API value is inferred."
boundary_stress,CNW 2,dcm-catalogue-data/cnw/data-cnw/cnw0002.xml,2-B01,component_structure,count((//mei:work)[1]//mei:expression),"{""expressions"":54}",Represent all 54 expressions without assuming each expression is a musical movement.,omitted,"success with warning; ImportLog=success; warnings=no_movements,no_source_references","{""expression_or_component_rows"":[],""movement_count"":0,""movement_rows"":[]}","{""status"":""not_evaluated"",""reason_code"":""request_context_pool_unresolved"",""index_reconciliation_finalized"":false,""detail_request_count"":0,""row_level_api_value_inferred"":false}",omitted,true,"The frozen official-source expectation and corrected database observation support this classification. The importer does not map MEI expression/component structures to the baseline model; zero movement rows do not represent the asserted hierarchy or values. The source structure is therefore omitted, and no claim is made that each expression is a musical movement. The classification is based on the frozen official-source oracle and corrected database observation. Post-correction API exposure was not evaluated; no API value is inferred."
boundary_stress,CNW 2,dcm-catalogue-data/cnw/data-cnw/cnw0002.xml,2-B02,instrumentation,count((//mei:work)[1]//mei:perfRes[normalize-space()]),"{""perf_res"":50}",Represent all 50 populated performance resources and their material attributes.,omitted,"success with warning; ImportLog=success; warnings=no_movements,no_source_references","{""codedval_or_solo_fields"":[],""instrumentation_count"":33,""rows"":[{""name"":""B."",""section"":""castItem""},{""name"":""Mezz.S."",""section"":""castItem""},{""name"":""T."",""section"":""castItem""},{""name"":""B.Bar."",""section"":""castItem""},{""name"":""T.Bar."",""section"":""castItem""},{""matrix_cell_omitted_middle_count"":23},{""name"":""1 vl.1"",""section"":""perfResList""},{""name"":""1 vl.2"",""section"":""perfResList""},{""name"":""1 va."",""section"":""perfResList""},{""name"":""1 vc."",""section"":""perfResList""},{""name"":""1 cb."",""section"":""perfResList""}]}","{""status"":""not_evaluated"",""reason_code"":""request_context_pool_unresolved"",""index_reconciliation_finalized"":false,""detail_request_count"":0,""row_level_api_value_inferred"":false}",omitted,true,"The frozen official-source expectation and corrected database observation support this classification. Thirty-three instrumentation rows represent only a subset of the 50 populated perfRes elements because source resource occurrences and attributes are lost during normalization and deduplication. The surviving rows do not contradict the source, so the missing information is classified as omitted. The classification is based on the frozen official-source oracle and corrected database observation. Post-correction API exposure was not evaluated; no API value is inferred."
boundary_stress,CNW 2,dcm-catalogue-data/cnw/data-cnw/cnw0002.xml,2-B03,source_description,count(//mei:manifestation),"{""manifestations"":39}",Represent all 39 manifestations in the intended source-reference domain.,omitted,"success with warning; ImportLog=success; warnings=no_movements,no_source_references","{""rows"":[],""source_reference_count"":0}","{""status"":""not_evaluated"",""reason_code"":""request_context_pool_unresolved"",""index_reconciliation_finalized"":false,""detail_request_count"":0,""row_level_api_value_inferred"":false}",omitted,true,"The frozen official-source expectation and corrected database observation support this classification. The official manifestation/item information has no stored source-reference representation; the corrected database source-reference collection is empty. The asserted information is missing without a contradictory replacement, so it is omitted. The classification is based on the frozen official-source oracle and corrected database observation. Post-correction API exposure was not evaluated; no API value is inferred."
boundary_stress,CNW 2,dcm-catalogue-data/cnw/data-cnw/cnw0002.xml,2-B04,source_description,count(//mei:manifestation//mei:item),"{""held_items"":38}",Represent all 38 held items and their manifestation relationships.,omitted,"success with warning; ImportLog=success; warnings=no_movements,no_source_references","{""rows"":[],""source_reference_count"":0}","{""status"":""not_evaluated"",""reason_code"":""request_context_pool_unresolved"",""index_reconciliation_finalized"":false,""detail_request_count"":0,""row_level_api_value_inferred"":false}",omitted,true,"The frozen official-source expectation and corrected database observation support this classification. The official manifestation/item information has no stored source-reference representation; the corrected database source-reference collection is empty. The asserted information is missing without a contradictory replacement, so it is omitted. The classification is based on the frozen official-source oracle and corrected database observation. Post-correction API exposure was not evaluated; no API value is inferred."
boundary_stress,CNW 2,dcm-catalogue-data/cnw/data-cnw/cnw0002.xml,2-B05,performance_event,count((//mei:work)[1]//mei:event),"{""events"":602}",Represent all 602 catalogue events in the performance domain where applicable.,omitted,"success with warning; ImportLog=success; warnings=no_movements,no_source_references","{""matrix_cell_rows_bounded"":true,""performance_count"":602,""rows"":[{""database_id"":117,""location"":""Venue: Odd Fellow Palæet; Place: Copenhagen"",""note"":""Carl Nielsen. Dance of the Cockerel (Hanedansen), Prelude to Act Two (Forspil til 2. akt) and Magdelone's Dancing Scene (Magdelones Dansescene) only."",""performed_on"":""1905-11-11"",""performers"":""Carl Nielsen (conductor), Thyra Larsen, singer (performer)""},{""database_id"":118,""location"":""Venue: The Royal Theatre (Det Kongelige Teater); Place: Copenhagen"",""note"":""First performance."",""performed_on"":""1906-11-11"",""performers"":""Carl Nielsen (conductor), Julius Lehmann (director), Karl Mantzius (Jeronimus) (performer), Jonna Neiiendam (Magdelone) (performer), Hans Kjerulf (Leander) (performer), Helge Nissen (Henrik) (performer), Lars Knudsen (Arv) (performer), Peter Jerndorff (Leonard) (performer), Emilie Ulrich (Leonore) (performer), Ida Møller (Pernille) (performer)""},{""database_id"":119,""location"":""Venue: The Royal Theatre (Det Kongelige Teater); Place: Copenhagen"",""note"":null,""performed_on"":""1906-11-13"",""performers"":""Carl Nielsen (conductor)""},{""database_id"":120,""location"":""Venue: The Royal Theatre (Det Kongelige Teater); Place: Copenhagen"",""note"":null,""performed_on"":""1906-11-15"",""performers"":""Carl Nielsen (conductor)""},{""database_id"":121,""location"":""Venue: The Royal Theatre (Det Kongelige Teater); Place: Copenhagen"",""note"":null,""performed_on"":""1906-11-18"",""performers"":""Carl Nielsen (conductor)""},{""matrix_cell_omitted_middle_count"":592},{""database_id"":714,""location"":""Venue: Axelborg; Place: Copenhagen"",""note"":""Magdelone's Dancing Scene (Magdelones Dansescene) only."",""performed_on"":""1931-09-21"",""performers"":""Carl Rydahls Intrumentalensemble (ensemble)""},{""database_id"":715,""location"":""Venue: The Royal Theatre (Det Kongelige Teater); Place: Copenhagen"",""note"":null,""performed_on"":""1931-09-26"",""performers"":""Egisto Tango (conductor)""},{""database_id"":716,""location"":""Venue: The Royal Theatre (Det Kongelige Teater); Place: Copenhagen"",""note"":null,""performed_on"":""1931-09-30"",""performers"":""Egisto Tango (conductor)""},{""database_id"":717,""location"":""Venue: The Royal Theatre (Det Kongelige Teater); Place: Copenhagen"",""note"":null,""performed_on"":""1931-10-02"",""performers"":""Egisto Tango (conductor)""},{""database_id"":718,""location"":""Place: Oslo"",""note"":""Dance of the Cockerel (Hanedansen) only."",""performed_on"":""1931-10-02"",""performers"":""Filharmonisk Selskaps Orkester (ensemble), J. L. Mowinckel (conductor)""}]}","{""status"":""not_evaluated"",""reason_code"":""request_context_pool_unresolved"",""index_reconciliation_finalized"":false,""detail_request_count"":0,""row_level_api_value_inferred"":false}",preserved,true,"The frozen official-source expectation and corrected database observation support this classification. The corrected database contains 602 Performance rows for the 602 selected catalogue events, preserving this bounded count assertion without claiming a richer event model. The classification is based on the frozen official-source oracle and corrected database observation. Post-correction API exposure was not evaluated; no API value is inferred."
boundary_stress,CNW 2,dcm-catalogue-data/cnw/data-cnw/cnw0002.xml,2-B06,relation_target,count((//mei:work)[1]//*[@target]),"{""target_attributes"":106}",Retain all 106 asserted target attributes with their structural categories.,incorrect,"success with warning; ImportLog=success; warnings=no_movements,no_source_references","{""external_reference_count"":1,""matrix_cell_rows_bounded"":false,""mechanical_target_categories"":{""absolute_http_url"":1},""rows"":[{""label"":""External reference"",""target"":""https://tidsskrift.dk/carlnielsenstudies/article/view/27777/24456""}],""stored_domain"":""ExternalReference""}","{""status"":""not_evaluated"",""reason_code"":""request_context_pool_unresolved"",""index_reconciliation_finalized"":false,""detail_request_count"":0,""row_level_api_value_inferred"":false}",omitted,true,"The frozen official-source expectation and corrected database observation support this classification. One syntactically absolute HTTP(S) target is retained; 100 graphic targets and five internal or root-relative relation/ref/ptr targets are absent from ExternalReference. The retained subset is non-contradictory, so this compound structural assertion is omitted. The classification is based on the frozen official-source oracle and corrected database observation. Post-correction API exposure was not evaluated; no API value is inferred."
boundary_stress,CNW 2,dcm-catalogue-data/cnw/data-cnw/cnw0002.xml,2-B07,relation_target,count((//mei:work)[1]//mei:graphic[@target]),"{""graphic_targets"":100}",Retain the 100 graphic targets as graphic/incipit references.,omitted,"success with warning; ImportLog=success; warnings=no_movements,no_source_references","{""external_reference_count"":1,""matrix_cell_rows_bounded"":false,""mechanical_target_categories"":{""absolute_http_url"":1},""rows"":[{""label"":""External reference"",""target"":""https://tidsskrift.dk/carlnielsenstudies/article/view/27777/24456""}],""stored_domain"":""ExternalReference""}","{""status"":""not_evaluated"",""reason_code"":""request_context_pool_unresolved"",""index_reconciliation_finalized"":false,""detail_request_count"":0,""row_level_api_value_inferred"":false}",omitted,true,"The frozen official-source expectation and corrected database observation support this classification. All 100 graphic targets lack a stored representation, so their information is omitted without a contradictory replacement. The classification is based on the frozen official-source oracle and corrected database observation. Post-correction API exposure was not evaluated; no API value is inferred."
boundary_stress,CNW 2,dcm-catalogue-data/cnw/data-cnw/cnw0002.xml,2-B08,relation_target,(//mei:work)[1]//mei:relation[@target] | (//mei:work)[1]//mei:ref[@target] | (//mei:work)[1]//mei:ptr[@target],"{""relation_ref_ptr_targets"":6}",Retain all six relation/ref/ptr targets together with relation type and target category.,incorrect,"success with warning; ImportLog=success; warnings=no_movements,no_source_references","{""external_reference_count"":1,""matrix_cell_rows_bounded"":false,""mechanical_target_categories"":{""absolute_http_url"":1},""rows"":[{""label"":""External reference"",""target"":""https://tidsskrift.dk/carlnielsenstudies/article/view/27777/24456""}],""stored_domain"":""ExternalReference""}","{""status"":""not_evaluated"",""reason_code"":""request_context_pool_unresolved"",""index_reconciliation_finalized"":false,""detail_request_count"":0,""row_level_api_value_inferred"":false}",omitted,true,"The frozen official-source expectation and corrected database observation support this classification. The one absolute HTTP(S) relation/ref/ptr target is retained, while five internal or root-relative targets and their relation categories are not modeled. The compound assertion is incomplete but does not contradict the source by presenting internal targets as external. The classification is based on the frozen official-source oracle and corrected database observation. Post-correction API exposure was not evaluated; no API value is inferred."
boundary_stress,CNW 2,dcm-catalogue-data/cnw/data-cnw/cnw0002.xml,2-B09,relation_target,(//mei:work)[1]//mei:relation[@target] | (//mei:work)[1]//mei:ref[@target] | (//mei:work)[1]//mei:ptr[@target],"{""absolute_urls"":1}",Retain the single absolute URL while distinguishing it from internal/relative targets.,preserved,"success with warning; ImportLog=success; warnings=no_movements,no_source_references","{""external_reference_count"":1,""matrix_cell_rows_bounded"":false,""mechanical_target_categories"":{""absolute_http_url"":1},""rows"":[{""label"":""External reference"",""target"":""https://tidsskrift.dk/carlnielsenstudies/article/view/27777/24456""}],""stored_domain"":""ExternalReference""}","{""status"":""not_evaluated"",""reason_code"":""request_context_pool_unresolved"",""index_reconciliation_finalized"":false,""detail_request_count"":0,""row_level_api_value_inferred"":false}",preserved,true,"The frozen official-source expectation and corrected database observation support this classification. The one absolute HTTP(S) source target is retained unchanged as one ExternalReference URL, preserving this bounded absolute-URL assertion. The classification is based on the frozen official-source oracle and corrected database observation. Post-correction API exposure was not evaluated; no API value is inferred."
