filename,sha256,bytes,record_key,root_xml_id,work_xml_id,input_profile,catalogue,document_id,work_id,projection_version,projection_state,structural_manifestations,structural_items,structural_expressions,outside_selected_item_path,source_nodes,represented_sources,unsupported_sources,item_nodes,represented_items,unsupported_items,relation_nodes,relation_tokens,represented_relations,unsupported_relation_nodes,resolved_relations,unresolved_relations,source_state_counts,item_state_counts,issues,first_attempt_count,first_attempt_id,first_status,first_warnings,first_identity_pass,first_unchanged_bytes,repeat_attempt_count,repeat_attempt_id,repeat_status,repeat_warnings,repeat_identity_pass,repeat_unchanged_bytes,replay_attempt_count,replay_attempt_id,replay_status,replay_warnings,replay_identity_pass,replay_unchanged_bytes,source_SQL_structural_comparison,limit
03f4c141-9dab-46d7-b8c1-9d0000cc997a.xml,e71b8c5662a7626fc382560ec16736543c756d2e53c4e4f7082657a6c4e2d03b,29171,Coll. 18,mei_idm139726621053168,work_id0a5a469e,official_cnw_v401,CNW,1,1,cnw_sources_v1,complete,1,0,1,0,1,1,0,0,0,0,0,0,0,0,0,0,"{""descriptive"": 1}",{},[],1,1,success,"[""No movements found"", ""No instrumentation found"", ""No source references found"", ""No performance information found"", ""No external references found""]",True,False,1,447,success,"[""No movements found"", ""No instrumentation found"", ""No source references found"", ""No performance information found"", ""No external references found""]",True,True,1,1,success,"[""No movements found"", ""No instrumentation found"", ""No source references found"", ""No performance information found"", ""No external references found""]",True,False,PASS,
0f697747-fb0a-4238-812a-80ef66403513.xml,d15566b9585afa28ccb15504b52b7f332e8fedf3c8351093cb9e636ae8af9157,12324,339,mei_idm140255327502208,work_d1e191187,official_cnw_v401,CNW,2,2,cnw_sources_v1,absent_in_source,0,0,1,0,0,0,0,0,0,0,0,0,0,0,0,0,{},{},[],1,2,success,"[""No movements found"", ""No source references found"", ""No performance information found"", ""No external references found""]",True,False,1,448,success,"[""No movements found"", ""No source references found"", ""No performance information found"", ""No external references found""]",True,True,1,2,success,"[""No movements found"", ""No source references found"", ""No performance information found"", ""No external references found""]",True,False,PASS,
1292525519.xml,027a31d3a8582590a1c1e87ced67cee16892b7f569b7608401cdda900564dbcf,16623,53,mei_idm140488198557632,work_d1e191187,official_cnw_v401,CNW,3,3,cnw_sources_v1,complete,1,1,1,0,1,1,0,1,1,0,1,1,1,0,1,0,"{""descriptive"": 1}","{""descriptive"": 1}",[],1,3,success,"[""Missing composition date or year"", ""No movements found"", ""No instrumentation found"", ""No source references found"", ""No performance information found"", ""No external references found""]",True,False,1,449,success,"[""Missing composition date or year"", ""No movements found"", ""No instrumentation found"", ""No source references found"", ""No performance information found"", ""No external references found""]",True,True,1,3,success,"[""Missing composition date or year"", ""No movements found"", ""No instrumentation found"", ""No source references found"", ""No performance information found"", ""No external references found""]",True,False,PASS,
1e8927e2-8d44-48cc-ac90-8b654ece935b.xml,eb91e2fcc04d9b16895f52e9b0bc125c03f3800997ef6ec7d0f2a06ebe086f92,68135,Coll. 24,mei_idm140418481108608,work_d1e191187,official_cnw_v401,CNW,4,4,cnw_sources_v1,complete,3,2,1,0,3,3,0,2,2,0,1,1,1,0,1,0,"{""descriptive"": 3}","{""descriptive"": 2}",[],1,4,success,"[""No movements found"", ""No instrumentation found"", ""No source references found"", ""No performance information found"", ""No external references found""]",True,False,1,450,success,"[""No movements found"", ""No instrumentation found"", ""No source references found"", ""No performance information found"", ""No external references found""]",True,True,1,4,success,"[""No movements found"", ""No instrumentation found"", ""No source references found"", ""No performance information found"", ""No external references found""]",True,False,PASS,
1f6c24d6-e41f-4647-8526-f33efc08faeb.xml,023b4b9281270a16f8a9c31cb23f02d6925200a3a2ff7316f48292301eb08d6e,32618,Coll. 21,mei_idm139717632581568,work_d1e191187,official_cnw_v401,CNW,5,5,cnw_sources_v1,complete,1,0,1,0,1,1,0,0,0,0,0,0,0,0,0,0,"{""descriptive"": 1}",{},[],1,5,success,"[""No movements found"", ""No instrumentation found"", ""No source references found"", ""No performance information found"", ""No external references found""]",True,False,1,451,success,"[""No movements found"", ""No instrumentation found"", ""No source references found"", ""No performance information found"", ""No external references found""]",True,True,1,5,success,"[""No movements found"", ""No instrumentation found"", ""No source references found"", ""No performance information found"", ""No external references found""]",True,False,PASS,
22131671612451.xml,72466692abedf5f373d1e6ebc6ef07ab7df76c672fa5bbd2740694f3a4d54d4f,48880,Coll. 11,mei_idm140028033003360,work_id53eb11bb,official_cnw_v401,CNW,6,6,cnw_sources_v1,complete,1,0,1,0,1,1,0,0,0,0,0,0,0,0,0,0,"{""descriptive"": 1}",{},[],1,6,success,"[""No movements found"", ""No instrumentation found"", ""No source references found"", ""No performance information found"", ""No external references found""]",True,False,1,452,success,"[""No movements found"", ""No instrumentation found"", ""No source references found"", ""No performance information found"", ""No external references found""]",True,True,1,6,success,"[""No movements found"", ""No instrumentation found"", ""No source references found"", ""No performance information found"", ""No external references found""]",True,False,PASS,
22157659832449.xml,057d8a2c1805b52534395f0792418d9e84d0bea5e47ad4f953f05a54c575a2be,74737,Coll. 9,mei_idm139936703999840,work_id32046578,official_cnw_v401,CNW,7,7,cnw_sources_v1,complete,1,0,1,0,1,1,0,0,0,0,0,0,0,0,0,0,"{""descriptive"": 1}",{},[],1,7,success,"[""No movements found"", ""No instrumentation found"", ""No source references found"", ""No performance information found"", ""No external references found""]",True,False,1,453,success,"[""No movements found"", ""No instrumentation found"", ""No source references found"", ""No performance information found"", ""No external references found""]",True,True,1,7,success,"[""No movements found"", ""No instrumentation found"", ""No source references found"", ""No performance information found"", ""No external references found""]",True,False,PASS,
22225400586721.xml,b0b7f465e2842046db51c8fe443ee24ad4cd39068939b70c40fc10aca76647cd,45816,Coll. 17,mei_idm139986747655984,work_id0a5a469e,official_cnw_v401,CNW,8,8,cnw_sources_v1,complete,1,0,1,0,1,1,0,0,0,0,0,0,0,0,0,0,"{""descriptive"": 1}",{},[],1,8,success,"[""No movements found"", ""No instrumentation found"", ""No source references found"", ""No performance information found"", ""No external references found""]",True,False,1,454,success,"[""No movements found"", ""No instrumentation found"", ""No source references found"", ""No performance information found"", ""No external references found""]",True,True,1,8,success,"[""No movements found"", ""No instrumentation found"", ""No source references found"", ""No performance information found"", ""No external references found""]",True,False,PASS,
22225579311185.xml,e78ea12bb45a1c30758074568e4c3ee1ce0ad75b6d9b71175377aa8cb820703e,34367,Coll. 22,mei_idm140023365463920,work_ide79d2bc1,official_cnw_v401,CNW,9,9,cnw_sources_v1,complete,1,0,1,0,1,1,0,0,0,0,0,0,0,0,0,0,"{""descriptive"": 1}",{},[],1,9,success,"[""No movements found"", ""No instrumentation found"", ""No source references found"", ""No performance information found"", ""No external references found""]",True,False,1,455,success,"[""No movements found"", ""No instrumentation found"", ""No source references found"", ""No performance information found"", ""No external references found""]",True,True,1,9,success,"[""No movements found"", ""No instrumentation found"", ""No source references found"", ""No performance information found"", ""No external references found""]",True,False,PASS,
22228336520259.xml,344dfca057d08ba9c8648e3016a608b31ef4307231e23362c5926ffebd826aee,34572,Coll. 1,mei_idm140662372007776,work_id39376110,official_cnw_v401,CNW,10,10,cnw_sources_v1,complete,2,0,1,0,2,2,0,0,0,0,0,0,0,0,0,0,"{""descriptive"": 2}",{},[],1,10,success,"[""No movements found"", ""No instrumentation found"", ""No source references found"", ""No performance information found"", ""No external references found""]",True,False,1,456,success,"[""No movements found"", ""No instrumentation found"", ""No source references found"", ""No performance information found"", ""No external references found""]",True,True,1,10,success,"[""No movements found"", ""No instrumentation found"", ""No source references found"", ""No performance information found"", ""No external references found""]",True,False,PASS,
22228347081665.xml,5a54d39fcde1495f85910b6740fb3519721b27b8b853be31dec9abbd3158f678,40874,Coll. 2,mei_idm140203443519488,work_idbdd29992,official_cnw_v401,CNW,11,11,cnw_sources_v1,complete,2,0,1,0,2,2,0,0,0,0,0,0,0,0,0,0,"{""descriptive"": 2}",{},[],1,11,success,"[""No movements found"", ""No instrumentation found"", ""No source references found"", ""No performance information found"", ""No external references found""]",True,False,1,457,success,"[""No movements found"", ""No instrumentation found"", ""No source references found"", ""No performance information found"", ""No external references found""]",True,True,1,11,success,"[""No movements found"", ""No instrumentation found"", ""No source references found"", ""No performance information found"", ""No external references found""]",True,False,PASS,
22228421720417.xml,fc470394525ff6526d7c1090d170d6d28fc23056eb4a600589f8a7474d934fdb,38984,Coll. 4,mei_idm139922429724624,work_idd6aae4a2,official_cnw_v401,CNW,12,12,cnw_sources_v1,complete,1,0,1,0,1,1,0,0,0,0,0,0,0,0,0,0,"{""descriptive"": 1}",{},[],1,12,success,"[""No movements found"", ""No instrumentation found"", ""No source references found"", ""No performance information found"", ""No external references found""]",True,False,1,458,success,"[""No movements found"", ""No instrumentation found"", ""No source references found"", ""No performance information found"", ""No external references found""]",True,True,1,12,success,"[""No movements found"", ""No instrumentation found"", ""No source references found"", ""No performance information found"", ""No external references found""]",True,False,PASS,
22228475173875.xml,0377b022d2bf1897701cbbcc29e3cb495ef46adfe2b7a7591a53507330d2bc5e,37297,Coll. 5,mei_idm139814004069776,work_id567a147a,official_cnw_v401,CNW,13,13,cnw_sources_v1,complete,2,1,1,0,2,2,0,1,1,0,0,0,0,0,0,0,"{""descriptive"": 2}","{""descriptive"": 1}",[],1,13,success,"[""No movements found"", ""No instrumentation found"", ""No source references found"", ""No performance information found"", ""No external references found""]",True,False,1,459,success,"[""No movements found"", ""No instrumentation found"", ""No source references found"", ""No performance information found"", ""No external references found""]",True,True,1,13,success,"[""No movements found"", ""No instrumentation found"", ""No source references found"", ""No performance information found"", ""No external references found""]",True,False,PASS,
241295ab-c694-42de-8023-2776e7401166.xml,02f3d4a4aa285f29044bed35074bf722db246f2b0e8e59a62c1512651ed2bdd6,16546,Coll. 14,mei_idm139956954136512,work_d1e191187,official_cnw_v401,CNW,14,14,cnw_sources_v1,complete,1,0,1,0,1,1,0,0,0,0,1,1,1,0,1,0,"{""descriptive"": 1}",{},[],1,14,success,"[""No movements found"", ""No instrumentation found"", ""No source references found"", ""No performance information found"", ""No external references found""]",True,False,1,460,success,"[""No movements found"", ""No instrumentation found"", ""No source references found"", ""No performance information found"", ""No external references found""]",True,True,1,14,success,"[""No movements found"", ""No instrumentation found"", ""No source references found"", ""No performance information found"", ""No external references found""]",True,False,PASS,
29ed9322-a12d-4efe-bb1a-513797128bfe.xml,2577b7e7d1777e6d21a11b07d0133f06283c239a2f822df2b54dbfb33e542fe7,22532,Coll. 13,mei_idm140065015492848,work_d1e191187,official_cnw_v401,CNW,15,15,cnw_sources_v1,complete,2,0,1,0,2,2,0,0,0,0,2,2,2,0,2,0,"{""descriptive"": 2}",{},[],1,15,success,"[""No movements found"", ""No instrumentation found"", ""No source references found"", ""No performance information found"", ""No external references found""]",True,False,1,461,success,"[""No movements found"", ""No instrumentation found"", ""No source references found"", ""No performance information found"", ""No external references found""]",True,True,1,15,success,"[""No movements found"", ""No instrumentation found"", ""No source references found"", ""No performance information found"", ""No external references found""]",True,False,PASS,
46c22e1e-500d-40f9-ba0c-2022e6ca974d.xml,3d80bfff6cc7fc73afb3b55c95a034366c02eed9ea043ba9fe4b17869d90b102,23816,355,mei_idm140693919771456,work_d1e191187,official_cnw_v401,CNW,16,16,cnw_sources_v1,complete,2,1,1,0,2,2,0,1,1,0,2,2,2,0,2,0,"{""descriptive"": 2}","{""descriptive"": 1}",[],1,16,success,"[""No movements found"", ""No source references found"", ""Skipped performance event with no supported direct values""]",True,False,1,462,success,"[""No movements found"", ""No source references found"", ""Skipped performance event with no supported direct values""]",True,True,1,16,success,"[""No movements found"", ""No source references found"", ""Skipped performance event with no supported direct values""]",True,False,PASS,
4cb50e5e-ff57-4486-b24c-ba5a236fe735.xml,bd1138fd3ee3ea8f2d375cf7c75aedf37f5528e26f6abcabbdad1a961137a45a,18089,416,mei_idm140036001206608,work_d1e191187,official_cnw_v401,CNW,17,17,cnw_sources_v1,complete,1,1,1,0,1,1,0,1,1,0,0,0,0,0,0,0,"{""descriptive"": 1}","{""descriptive"": 1}",[],1,17,success,"[""No movements found"", ""No source references found"", ""Skipped performance event with no supported direct values"", ""No external references found""]",True,False,1,463,success,"[""No movements found"", ""No source references found"", ""Skipped performance event with no supported direct values"", ""No external references found""]",True,True,1,17,success,"[""No movements found"", ""No source references found"", ""Skipped performance event with no supported direct values"", ""No external references found""]",True,False,PASS,
4f9611bd-683f-4da6-b81d-86d86522ef4e.xml,a939ae876ee90a218fcad66a3d6190d4c36dbe14f2e22547b3840654b19bbede,16375,419,mei_idm139844314056736,work_d1e191187,official_cnw_v401,CNW,18,18,cnw_sources_v1,complete,1,0,1,0,1,1,0,0,0,0,0,0,0,0,0,0,"{""descriptive"": 1}",{},[],1,18,success,"[""No movements found"", ""No source references found"", ""No external references found""]",True,False,1,464,success,"[""No movements found"", ""No source references found"", ""No external references found""]",True,True,1,18,success,"[""No movements found"", ""No source references found"", ""No external references found""]",True,False,PASS,
50911efc-3712-40bf-8695-bf4614e722c4.xml,e236bd2eb8af715b20f0edf6ff03ccccb759cd30d9bf4144680b84fbe2178786,37421,Coll. 16,mei_idm140489631270624,work_d1e191187,official_cnw_v401,CNW,19,19,cnw_sources_v1,complete,1,0,1,0,1,1,0,0,0,0,1,1,1,0,1,0,"{""descriptive"": 1}",{},[],1,19,success,"[""No movements found"", ""No instrumentation found"", ""No source references found"", ""No performance information found"", ""No external references found""]",True,False,1,465,success,"[""No movements found"", ""No instrumentation found"", ""No source references found"", ""No performance information found"", ""No external references found""]",True,True,1,19,success,"[""No movements found"", ""No instrumentation found"", ""No source references found"", ""No performance information found"", ""No external references found""]",True,False,PASS,
6b2ccb5d-2b5d-42be-98ec-3ebfe5ee6fdd.xml,fa2ab40146301c18ba70614ba9b9c1d8c6cd62516b3e08a40a36c3e85fd3441e,18487,414,mei_idm139942730100576,work_d1e191187,official_cnw_v401,CNW,20,20,cnw_sources_v1,complete,1,1,1,0,1,1,0,1,1,0,0,0,0,0,0,0,"{""descriptive"": 1}","{""descriptive"": 1}",[],1,20,success,"[""No movements found"", ""No instrumentation found"", ""No source references found"", ""Skipped performance event with no supported direct values"", ""No external references found""]",True,False,1,466,success,"[""No movements found"", ""No instrumentation found"", ""No source references found"", ""Skipped performance event with no supported direct values"", ""No external references found""]",True,True,1,20,success,"[""No movements found"", ""No instrumentation found"", ""No source references found"", ""Skipped performance event with no supported direct values"", ""No external references found""]",True,False,PASS,
712a43e2-d3d6-463a-88fa-0b7e88e4dbf8.xml,0c951b13db076b7a1cbde40ed09209c90330b5873f552c348ddde1866f014361,11464,417,mei_idm139844314056736,work_d1e191187,official_cnw_v401,CNW,21,21,cnw_sources_v1,absent_in_source,0,0,1,0,0,0,0,0,0,0,0,0,0,0,0,0,{},{},[],1,21,success,"[""No movements found"", ""No source references found"", ""No performance information found"", ""No external references found""]",True,False,1,467,success,"[""No movements found"", ""No source references found"", ""No performance information found"", ""No external references found""]",True,True,1,21,success,"[""No movements found"", ""No source references found"", ""No performance information found"", ""No external references found""]",True,False,PASS,
80cd1305-3df6-4253-936d-25b73a91fb5d.xml,a3400f7e5ca71de018f4cf9086d44fa631482d7b02f4163d1d9841628169aa57,79041,Coll. 10,mei_idm139763547629504,work_d1e191187,official_cnw_v401,CNW,22,22,cnw_sources_v1,complete,2,2,1,0,2,2,0,2,2,0,0,0,0,0,0,0,"{""descriptive"": 2}","{""descriptive"": 2}",[],1,22,success,"[""No movements found"", ""No instrumentation found"", ""No source references found"", ""No performance information found"", ""No external references found""]",True,False,1,468,success,"[""No movements found"", ""No instrumentation found"", ""No source references found"", ""No performance information found"", ""No external references found""]",True,True,1,22,success,"[""No movements found"", ""No instrumentation found"", ""No source references found"", ""No performance information found"", ""No external references found""]",True,False,PASS,
8bf1d20f-4d9b-41a7-a00b-1bcd41c7448f.xml,cd395f47cc5047deae7b9e055dc8ad1721ed2742019fca5531c96419c62ec8d1,20495,Coll. 7,mei_idm140381942534016,work_d1e191187,official_cnw_v401,CNW,23,23,cnw_sources_v1,complete,2,1,1,0,2,2,0,1,1,0,1,1,1,0,1,0,"{""descriptive"": 2}","{""descriptive"": 1}",[],1,23,success,"[""No movements found"", ""No instrumentation found"", ""No source references found"", ""No performance information found"", ""No external references found""]",True,False,1,469,success,"[""No movements found"", ""No instrumentation found"", ""No source references found"", ""No performance information found"", ""No external references found""]",True,True,1,23,success,"[""No movements found"", ""No instrumentation found"", ""No source references found"", ""No performance information found"", ""No external references found""]",True,False,PASS,
9cc39f99-2d56-404b-bc95-ec21dfa136dc.xml,54cea8b189c0a4ef3aa96e324594c98b94e8771bc1c908c17348c20c7da3239c,21882,Coll. 20,mei_idm140048844896256,work_d1e191187,official_cnw_v401,CNW,24,24,cnw_sources_v1,complete,1,0,1,0,1,1,0,0,0,0,0,0,0,0,0,0,"{""descriptive"": 1}",{},[],1,24,success,"[""No movements found"", ""No instrumentation found"", ""No source references found"", ""No performance information found"", ""No external references found""]",True,False,1,470,success,"[""No movements found"", ""No instrumentation found"", ""No source references found"", ""No performance information found"", ""No external references found""]",True,True,1,24,success,"[""No movements found"", ""No instrumentation found"", ""No source references found"", ""No performance information found"", ""No external references found""]",True,False,PASS,
a601140e-d48d-48c3-b103-bc0c365082d4.xml,7e9c3fe9feda29a912282f0ee38d2382fb6d5d3e3c9390124602b90e01f18736,11884,Coll. 27,mei_idm139844314056736,work_d1e191187,official_cnw_v401,CNW,25,25,cnw_sources_v1,complete,1,0,1,0,1,1,0,0,0,0,0,0,0,0,0,0,"{""descriptive"": 1}",{},[],1,25,success,"[""No movements found"", ""No instrumentation found"", ""No source references found"", ""No performance information found"", ""No external references found""]",True,False,1,471,success,"[""No movements found"", ""No instrumentation found"", ""No source references found"", ""No performance information found"", ""No external references found""]",True,True,1,25,success,"[""No movements found"", ""No instrumentation found"", ""No source references found"", ""No performance information found"", ""No external references found""]",True,False,PASS,
aa9d5567-7e44-407a-8e34-1e002cd680fa.xml,e51e32116f4df4ea6feee2107b9624185b21d0695442f2a0d394bbcfcf3bbb2b,17211,Coll. 6,mei_idm140393413615456,work_d1e191187,official_cnw_v401,CNW,26,26,cnw_sources_v1,complete,1,0,1,0,1,1,0,0,0,0,1,1,1,0,1,0,"{""descriptive"": 1}",{},[],1,26,success,"[""No movements found"", ""No instrumentation found"", ""No source references found"", ""No performance information found"", ""No external references found""]",True,False,1,472,success,"[""No movements found"", ""No instrumentation found"", ""No source references found"", ""No performance information found"", ""No external references found""]",True,True,1,26,success,"[""No movements found"", ""No instrumentation found"", ""No source references found"", ""No performance information found"", ""No external references found""]",True,False,PASS,
c4216cb5-c53b-4375-a779-d708e419eec0.xml,95c3b278cc37b5268a069c3babfbe3539f8f0c1ddb7f9740953caa1987b7e368,10355,412,mei_idm139844314056736,work_d1e191187,official_cnw_v401,CNW,27,27,cnw_sources_v1,absent_in_source,0,0,1,0,0,0,0,0,0,0,0,0,0,0,0,0,{},{},[],1,27,success,"[""No movements found"", ""No source references found"", ""No performance information found"", ""No external references found""]",True,False,1,473,success,"[""No movements found"", ""No source references found"", ""No performance information found"", ""No external references found""]",True,True,1,27,success,"[""No movements found"", ""No source references found"", ""No performance information found"", ""No external references found""]",True,False,PASS,
c473b2ec-0cd5-40cd-ae07-e3e620c5ed59.xml,393e0483ac77a4a3294c134541a69531e8786036dcbb42aa6b1426942cf4c369,20032,Coll. 8,mei_idm139871333787072,work_d1e191187,official_cnw_v401,CNW,28,28,cnw_sources_v1,complete,2,1,1,0,2,2,0,1,1,0,1,1,1,0,1,0,"{""descriptive"": 2}","{""descriptive"": 1}",[],1,28,success,"[""No movements found"", ""No instrumentation found"", ""No source references found"", ""No performance information found"", ""No external references found""]",True,False,1,474,success,"[""No movements found"", ""No instrumentation found"", ""No source references found"", ""No performance information found"", ""No external references found""]",True,True,1,28,success,"[""No movements found"", ""No instrumentation found"", ""No source references found"", ""No performance information found"", ""No external references found""]",True,False,PASS,
c61e8ee2-7445-43fb-a5d3-c011e43130af.xml,3e7bd2c5465efdc276e31be7bc72a62c949f6bd6488685fcfb83e14f940802a8,24146,391,mei_idm139844314056736,work_d1e191187,official_cnw_v401,CNW,29,29,cnw_sources_v1,complete,1,0,1,0,1,1,0,0,0,0,0,0,0,0,0,0,"{""descriptive"": 1}",{},[],1,29,success,"[""Missing genre/category"", ""No movements found"", ""No source references found"", ""No external references found""]",True,False,1,475,success,"[""Missing genre/category"", ""No movements found"", ""No source references found"", ""No external references found""]",True,True,1,29,success,"[""Missing genre/category"", ""No movements found"", ""No source references found"", ""No external references found""]",True,False,PASS,
c6e3b565-5e1b-4ff0-b796-a2e1ffc7a8ef.xml,6bb18d621b86e747dc2a536a653901ee2dd96f6a21f791434bb27f3a08019cbc,20530,Coll. 3,mei_idm140662372007776,work_id39376110,official_cnw_v401,CNW,30,30,cnw_sources_v1,complete,1,0,1,0,1,1,0,0,0,0,0,0,0,0,0,0,"{""descriptive"": 1}",{},[],1,30,success,"[""No movements found"", ""No instrumentation found"", ""No source references found"", ""No performance information found"", ""No external references found""]",True,False,1,476,success,"[""No movements found"", ""No instrumentation found"", ""No source references found"", ""No performance information found"", ""No external references found""]",True,True,1,30,success,"[""No movements found"", ""No instrumentation found"", ""No source references found"", ""No performance information found"", ""No external references found""]",True,False,PASS,
ca2b530c-60fd-447a-9b3d-b5aa9cfda1f5.xml,df787518b9ee08f10acfe46a02e33cb143968f2f487a0151305e85f7fb387ad0,19200,Coll. 26,mei_idm140555209895808,work_d1e191187,official_cnw_v401,CNW,31,31,cnw_sources_v1,complete,1,0,1,0,1,1,0,0,0,0,1,1,1,0,1,0,"{""descriptive"": 1}",{},[],1,31,success,"[""No movements found"", ""No instrumentation found"", ""No source references found"", ""No performance information found"", ""No external references found""]",True,False,1,477,success,"[""No movements found"", ""No instrumentation found"", ""No source references found"", ""No performance information found"", ""No external references found""]",True,True,1,31,success,"[""No movements found"", ""No instrumentation found"", ""No source references found"", ""No performance information found"", ""No external references found""]",True,False,PASS,
cdf45953-c507-4047-a1e1-7def707a4885.xml,b5744d4e4b6e635b7a08446f8646bbbdf8be2159e5e302d5b7fd21c2e7a2b987,39527,Coll. 15,mei_idm139876827826176,work_d1e191187,official_cnw_v401,CNW,32,32,cnw_sources_v1,complete,2,1,1,0,2,2,0,1,1,0,1,1,1,0,1,0,"{""descriptive"": 2}","{""descriptive"": 1}",[],1,32,success,"[""No movements found"", ""No instrumentation found"", ""No source references found"", ""No performance information found"", ""No external references found""]",True,False,1,478,success,"[""No movements found"", ""No instrumentation found"", ""No source references found"", ""No performance information found"", ""No external references found""]",True,True,1,32,success,"[""No movements found"", ""No instrumentation found"", ""No source references found"", ""No performance information found"", ""No external references found""]",True,False,PASS,
cnw0001.xml,607898d54dc3354d84e215145d7d1a8b3bab47e255d842fb7506f9226784cca6,692982,1,mei_idm140317825599520,work_d1e45064422,official_cnw_v401,CNW,33,33,cnw_sources_v1,complete,32,30,32,0,32,32,0,30,30,0,32,32,32,0,32,0,"{""descriptive"": 32}","{""descriptive"": 30}",[],1,33,success,"[""No movements found"", ""No source references found"", ""Non-exact performance date was not stored""]",True,False,1,479,success,"[""No movements found"", ""No source references found"", ""Non-exact performance date was not stored""]",True,True,1,33,success,"[""No movements found"", ""No source references found"", ""Non-exact performance date was not stored""]",True,False,PASS,
cnw0002.xml,23964c593c8d23bbe94f0b2eb56686c70b53d6aeda09a66d3d4e719060b46529,1539005,2,mei_idm139988010758416,work_d1e54065307,official_cnw_v401,CNW,34,34,cnw_sources_v1,complete,39,38,54,1,39,39,0,37,37,0,40,40,40,0,40,0,"{""descriptive"": 39}","{""descriptive"": 37}",[],1,34,success,"[""No movements found"", ""No source references found""]",True,False,1,480,success,"[""No movements found"", ""No source references found""]",True,True,1,34,success,"[""No movements found"", ""No source references found""]",True,False,PASS,Nested item under item/componentList excluded by approved direct-item scope; original structural count retained.
cnw0003.xml,d0ed44578f5a8af7589f912a5db505810ca11aa66fce1d4c3cdc5fbe5176aebe,29686,3,mei_idm139917552260832,work_d1e476468,official_cnw_v401,CNW,35,35,cnw_sources_v1,complete,3,3,3,0,3,3,0,3,3,0,3,3,3,0,3,0,"{""descriptive"": 3}","{""descriptive"": 3}",[],1,35,success,"[""No movements found"", ""No source references found"", ""Non-exact performance date was not stored"", ""No external references found""]",True,False,1,481,success,"[""No movements found"", ""No source references found"", ""Non-exact performance date was not stored"", ""No external references found""]",True,True,1,35,success,"[""No movements found"", ""No source references found"", ""Non-exact performance date was not stored"", ""No external references found""]",True,False,PASS,
cnw0004.xml,5c0d239fe3d61ee839d644a320fe8720e9f2fe477dfb9f0cd9e4a8005d918152,172651,4,mei_idm140716071245248,work_d1e22402199,official_cnw_v401,CNW,36,36,cnw_sources_v1,complete,17,16,30,0,17,17,0,16,16,0,17,17,17,0,17,0,"{""descriptive"": 17}","{""descriptive"": 16}",[],1,36,success,"[""No movements found"", ""No source references found""]",True,False,1,482,success,"[""No movements found"", ""No source references found""]",True,True,1,36,success,"[""No movements found"", ""No source references found""]",True,False,PASS,
cnw0005.xml,00b1797be00e0fde84862acf431c4648223f8857171e2d24c7e9dc3d592d6911,32760,5,mei_idm140135242198912,work_d1e592582,official_cnw_v401,CNW,37,37,cnw_sources_v1,complete,4,4,1,0,4,4,0,4,4,0,4,4,4,0,4,0,"{""descriptive"": 4}","{""descriptive"": 4}",[],1,37,success,"[""No movements found"", ""No source references found"", ""No external references found""]",True,False,1,483,success,"[""No movements found"", ""No source references found"", ""No external references found""]",True,True,1,37,success,"[""No movements found"", ""No source references found"", ""No external references found""]",True,False,PASS,
cnw0006.xml,37600330901cc15ec23b5c14b80a22037124d6e8c324e2664c85145fd400b4db,29569,6,mei_idm140476885874112,work_d1e590580,official_cnw_v401,CNW,38,38,cnw_sources_v1,complete,4,3,1,0,4,4,0,3,3,0,4,4,4,0,4,0,"{""descriptive"": 4}","{""descriptive"": 3}",[],1,38,success,"[""No movements found"", ""No source references found"", ""No external references found""]",True,False,1,484,success,"[""No movements found"", ""No source references found"", ""No external references found""]",True,True,1,38,success,"[""No movements found"", ""No source references found"", ""No external references found""]",True,False,PASS,
cnw0007.xml,ba8f02e9bb15442c3a1b00cdb97cbeeeb8bd181c079a0d01af252f291a574ae3,225690,7,mei_idm140578236977424,work_d1e32923232,official_cnw_v401,CNW,39,39,cnw_sources_v1,complete,26,24,40,0,26,26,0,24,24,0,26,26,26,0,26,0,"{""descriptive"": 26}","{""descriptive"": 24}",[],1,39,success,"[""No movements found"", ""No source references found"", ""No external references found""]",True,False,1,485,success,"[""No movements found"", ""No source references found"", ""No external references found""]",True,True,1,39,success,"[""No movements found"", ""No source references found"", ""No external references found""]",True,False,PASS,
cnw0008.xml,8db378225ac1cf845f184b94dbe15d7a967566e65b939e7ecf1017c2d13e7117,68745,8,mei_idm139741793482176,work_d1e15341506,official_cnw_v401,CNW,40,40,cnw_sources_v1,complete,11,11,6,0,11,11,0,11,11,0,11,11,11,0,11,0,"{""descriptive"": 11}","{""descriptive"": 11}",[],1,40,success,"[""No movements found"", ""No source references found"", ""Non-exact performance date was not stored"", ""Non-exact performance date was not stored"", ""Non-exact performance date was not stored"", ""No external references found""]",True,False,1,486,success,"[""No movements found"", ""No source references found"", ""Non-exact performance date was not stored"", ""Non-exact performance date was not stored"", ""Non-exact performance date was not stored"", ""No external references found""]",True,True,1,40,success,"[""No movements found"", ""No source references found"", ""Non-exact performance date was not stored"", ""Non-exact performance date was not stored"", ""Non-exact performance date was not stored"", ""No external references found""]",True,False,PASS,
cnw0009.xml,998caa591d2398a7a5c862820bb0535a09f1e069250f8e5a4a72de0bc736dd1a,49162,9,mei_idm140027651844096,work_d1e943926,official_cnw_v401,CNW,41,41,cnw_sources_v1,complete,7,5,4,0,7,7,0,5,5,0,7,7,7,0,7,0,"{""descriptive"": 7}","{""descriptive"": 5}",[],1,41,success,"[""No movements found"", ""No source references found"", ""No external references found""]",True,False,1,487,success,"[""No movements found"", ""No source references found"", ""No external references found""]",True,True,1,41,success,"[""No movements found"", ""No source references found"", ""No external references found""]",True,False,PASS,
cnw0010.xml,1bce493bc5c5057fc17c20286790e5ca2255fcb8d3de8c6e711924f796ed5e99,86022,10,mei_idm140338489802688,work_d1e589579,official_cnw_v401,CNW,42,42,cnw_sources_v1,complete,3,3,14,0,3,3,0,3,3,0,3,3,3,0,3,0,"{""descriptive"": 3}","{""descriptive"": 3}",[],1,42,success,"[""No movements found"", ""No source references found"", ""No external references found""]",True,False,1,488,success,"[""No movements found"", ""No source references found"", ""No external references found""]",True,True,1,42,success,"[""No movements found"", ""No source references found"", ""No external references found""]",True,False,PASS,
cnw0011.xml,97ea7ff981277ce434402ed0c6ab7dba74a801c7dcd21a406b9a119350126d77,65385,11,mei_idm139702920076096,work_d1e10591040,official_cnw_v401,CNW,43,43,cnw_sources_v1,complete,8,6,6,0,8,8,0,6,6,0,8,8,8,0,8,0,"{""descriptive"": 8}","{""descriptive"": 6}",[],1,43,success,"[""No movements found"", ""No source references found"", ""Non-exact performance date was not stored"", ""Non-exact performance date was not stored"", ""No external references found""]",True,False,1,489,success,"[""No movements found"", ""No source references found"", ""Non-exact performance date was not stored"", ""Non-exact performance date was not stored"", ""No external references found""]",True,True,1,43,success,"[""No movements found"", ""No source references found"", ""Non-exact performance date was not stored"", ""Non-exact performance date was not stored"", ""No external references found""]",True,False,PASS,
cnw0012.xml,c121fd4642ed5dabe116aa14cc2bde73356f45a21334cd82f46417fe17fb5db6,100345,12,mei_idm140072363843824,work_d1e10611042,official_cnw_v401,CNW,44,44,cnw_sources_v1,complete,7,6,19,0,7,7,0,6,6,0,7,7,7,0,7,0,"{""descriptive"": 7}","{""descriptive"": 6}",[],1,44,success,"[""No movements found"", ""No source references found"", ""Non-exact performance date was not stored"", ""No external references found""]",True,False,1,490,success,"[""No movements found"", ""No source references found"", ""Non-exact performance date was not stored"", ""No external references found""]",True,True,1,44,success,"[""No movements found"", ""No source references found"", ""Non-exact performance date was not stored"", ""No external references found""]",True,False,PASS,
cnw0013.xml,e170308a8f8b8725da37269bc0e68004ebcc2f256ac71d2ac77fd07bac1c468c,89788,13,mei_idm139996816860608,work_d1e14161391,official_cnw_v401,CNW,45,45,cnw_sources_v1,complete,10,10,9,0,10,10,0,10,10,0,10,10,10,0,10,0,"{""descriptive"": 10}","{""descriptive"": 10}",[],1,45,success,"[""No movements found"", ""No source references found"", ""Non-exact performance date was not stored"", ""Non-exact performance date was not stored"", ""Non-exact performance date was not stored"", ""No external references found""]",True,False,1,491,success,"[""No movements found"", ""No source references found"", ""Non-exact performance date was not stored"", ""Non-exact performance date was not stored"", ""Non-exact performance date was not stored"", ""No external references found""]",True,True,1,45,success,"[""No movements found"", ""No source references found"", ""Non-exact performance date was not stored"", ""Non-exact performance date was not stored"", ""Non-exact performance date was not stored"", ""No external references found""]",True,False,PASS,
cnw0014.xml,9ab499b278ee3c167a956e949abe8b9d2da669761ca4733a73b0af6eaa7e1a5c,70427,14,mei_idm140030849536272,work_d1e17681736,official_cnw_v401,CNW,46,46,cnw_sources_v1,complete,14,13,4,0,14,14,0,13,13,0,14,14,14,0,14,0,"{""descriptive"": 14}","{""descriptive"": 13}",[],1,46,success,"[""No movements found"", ""No source references found"", ""No external references found""]",True,False,1,492,success,"[""No movements found"", ""No source references found"", ""No external references found""]",True,True,1,46,success,"[""No movements found"", ""No source references found"", ""No external references found""]",True,False,PASS,
cnw0015.xml,080b2e2d12be822d4a10d5bbe97a81417795dfcc28a81483dac3dcc895c04cea,63340,15,mei_idm139937555607824,work_d1e11831162,official_cnw_v401,CNW,47,47,cnw_sources_v1,complete,7,7,6,0,7,7,0,7,7,0,7,7,7,0,7,0,"{""descriptive"": 7}","{""descriptive"": 7}",[],1,47,success,"[""No movements found"", ""No source references found"", ""No external references found""]",True,False,1,493,success,"[""No movements found"", ""No source references found"", ""No external references found""]",True,True,1,47,success,"[""No movements found"", ""No source references found"", ""No external references found""]",True,False,PASS,
cnw0016.xml,c9c4edefba73cd463479fefe8257c2c65753eb6d9aee1433192ff55f95a94c7e,37039,16,mei_idm140315264683904,work_d1e592582,official_cnw_v401,CNW,48,48,cnw_sources_v1,complete,4,4,3,0,4,4,0,4,4,0,4,4,4,0,4,0,"{""descriptive"": 4}","{""descriptive"": 4}",[],1,48,success,"[""No movements found"", ""No source references found"", ""No external references found""]",True,False,1,494,success,"[""No movements found"", ""No source references found"", ""No external references found""]",True,True,1,48,success,"[""No movements found"", ""No source references found"", ""No external references found""]",True,False,PASS,
cnw0017.xml,59a7c5ab35c7949ccb4fcdfba0a7452b109c891c80d848fd02e2ec2eb8f422df,583753,17,mei_idm139987427241920,work_d1e18721838,official_cnw_v401,CNW,49,49,cnw_sources_v1,complete,15,13,57,0,15,15,0,13,13,0,15,15,15,0,15,0,"{""descriptive"": 15}","{""descriptive"": 13}",[],1,49,success,"[""No movements found"", ""No source references found"", ""Non-exact performance date was not stored"", ""No external references found""]",True,False,1,495,success,"[""No movements found"", ""No source references found"", ""Non-exact performance date was not stored"", ""No external references found""]",True,True,1,49,success,"[""No movements found"", ""No source references found"", ""Non-exact performance date was not stored"", ""No external references found""]",True,False,PASS,
cnw0018.xml,f4466abc43b27f84447ab323458cce654a6253c2c9fd5d389efd9234d9b4967b,329160,18,mei_idm140347055429568,work_d1e34233348,official_cnw_v401,CNW,50,50,cnw_sources_v1,complete,33,27,49,0,33,33,0,27,27,0,33,33,33,0,33,0,"{""descriptive"": 33}","{""descriptive"": 27}",[],1,50,success,"[""No movements found"", ""No source references found""]",True,False,1,496,success,"[""No movements found"", ""No source references found""]",True,True,1,50,success,"[""No movements found"", ""No source references found""]",True,False,PASS,
cnw0019.xml,68b6805134bf0c648eb1bcd372ba000bef48d045a3c3ac53d9012c5c1a0641f6,45696,19,mei_idm139947506343872,work_d1e191187,official_cnw_v401,CNW,51,51,cnw_sources_v1,complete,10,9,3,0,10,10,0,9,9,0,1,1,1,0,1,0,"{""descriptive"": 10}","{""descriptive"": 9}",[],1,51,success,"[""No movements found"", ""No source references found"", ""No external references found""]",True,False,1,497,success,"[""No movements found"", ""No source references found"", ""No external references found""]",True,True,1,51,success,"[""No movements found"", ""No source references found"", ""No external references found""]",True,False,PASS,
cnw0020.xml,d13fd2c9ecbf06953c3a6e8e70f9d1f1862ec1604a07ce6e8135cb77e86d4d98,60205,20,mei_idm140101589428160,work_d1e191187,official_cnw_v401,CNW,52,52,cnw_sources_v1,complete,8,7,4,0,8,8,0,7,7,0,1,1,1,0,1,0,"{""descriptive"": 8}","{""descriptive"": 7}",[],1,52,success,"[""No movements found"", ""No source references found"", ""No external references found""]",True,False,1,498,success,"[""No movements found"", ""No source references found"", ""No external references found""]",True,True,1,52,success,"[""No movements found"", ""No source references found"", ""No external references found""]",True,False,PASS,
cnw0021.xml,524f925f8d6ac6b6271366eb77ed3b3af54929f7daa63c1391c4b3a75622b918,100739,21,mei_idm140051099019296,work_d1e191187,official_cnw_v401,CNW,53,53,cnw_sources_v1,complete,11,11,20,0,11,11,0,11,11,0,2,2,2,0,2,0,"{""descriptive"": 11}","{""descriptive"": 11}",[],1,53,success,"[""No movements found"", ""No source references found"", ""Non-exact performance date was not stored"", ""No external references found""]",True,False,1,499,success,"[""No movements found"", ""No source references found"", ""Non-exact performance date was not stored"", ""No external references found""]",True,True,1,53,success,"[""No movements found"", ""No source references found"", ""Non-exact performance date was not stored"", ""No external references found""]",True,False,PASS,
cnw0022.xml,29b79720fbcc3d67989e0163acae12bc159ccbbe4ad6ac2ceba546ea7b7a5d87,44034,22,mei_idm139685180837760,work_d1e191187,official_cnw_v401,CNW,54,54,cnw_sources_v1,complete,7,5,1,0,7,7,0,5,5,0,1,1,1,0,1,0,"{""descriptive"": 7}","{""descriptive"": 5}",[],1,54,success,"[""No movements found"", ""No source references found"", ""No external references found""]",True,False,1,500,success,"[""No movements found"", ""No source references found"", ""No external references found""]",True,True,1,54,success,"[""No movements found"", ""No source references found"", ""No external references found""]",True,False,PASS,
cnw0023.xml,5e46ac807204687b2cd96eb1acfe9fab3c473b88e180f4f84914a5e04dfc2a0c,123318,23,mei_idm140528704182304,work_d1e191187,official_cnw_v401,CNW,55,55,cnw_sources_v1,complete,9,9,13,0,9,9,0,9,9,0,2,2,2,0,2,0,"{""descriptive"": 9}","{""descriptive"": 9}",[],1,55,success,"[""No movements found"", ""No source references found""]",True,False,1,501,success,"[""No movements found"", ""No source references found""]",True,True,1,55,success,"[""No movements found"", ""No source references found""]",True,False,PASS,
cnw0024.xml,34bab1231cfd486c4d39077beaec8af25258b64179548f7a4ddd9f41b8402d0e,55351,24,mei_idm140432518162464,work_d1e191187,official_cnw_v401,CNW,56,56,cnw_sources_v1,complete,9,9,9,0,9,9,0,9,9,0,2,2,2,0,2,0,"{""descriptive"": 9}","{""descriptive"": 9}",[],1,56,success,"[""No movements found"", ""No source references found"", ""No external references found""]",True,False,1,502,success,"[""No movements found"", ""No source references found"", ""No external references found""]",True,True,1,56,success,"[""No movements found"", ""No source references found"", ""No external references found""]",True,False,PASS,
cnw0025.xml,76c7033fb3543edbc17b4787719d7b86f25dd9196eb6e211154e8a8cad14ced9,305814,25,mei_idm140254829443008,work_d1e17971765,official_cnw_v401,CNW,57,57,cnw_sources_v1,complete,7,6,5,0,7,7,0,6,6,0,7,7,7,0,7,0,"{""descriptive"": 7}","{""descriptive"": 6}",[],1,57,success,"[""No movements found"", ""No source references found"", ""Non-exact performance date was not stored""]",True,False,1,503,success,"[""No movements found"", ""No source references found"", ""Non-exact performance date was not stored""]",True,True,1,57,success,"[""No movements found"", ""No source references found"", ""Non-exact performance date was not stored""]",True,False,PASS,
cnw0026.xml,b7b9718e89f41e2ed5a5d7172d5063c8d40928d364e8c1a3c89eb5bef7a2e5af,225326,26,mei_idm140639951286208,work_d1e14111386,official_cnw_v401,CNW,58,58,cnw_sources_v1,complete,8,7,5,0,8,8,0,7,7,0,8,8,8,0,8,0,"{""descriptive"": 8}","{""descriptive"": 7}",[],1,58,success,"[""No movements found"", ""No source references found""]",True,False,1,504,success,"[""No movements found"", ""No source references found""]",True,True,1,58,success,"[""No movements found"", ""No source references found""]",True,False,PASS,
cnw0027.xml,b28949b103dc3287d9ac2b8d3962f9c9e1b2cd41847393a96ba16dcedeba9e10,494259,27,mei_idm140493006422288,work_d1e18891855,official_cnw_v401,CNW,59,59,cnw_sources_v1,complete,13,12,10,0,13,13,0,12,12,0,13,13,13,0,13,0,"{""descriptive"": 13}","{""descriptive"": 12}",[],1,59,success,"[""No movements found"", ""No source references found""]",True,False,1,505,success,"[""No movements found"", ""No source references found""]",True,True,1,59,success,"[""No movements found"", ""No source references found""]",True,False,PASS,
cnw0028.xml,73e9966f22ca22b06cab93e0ee49cd24be95a34274ba6b8d8050b3321c732784,359088,28,mei_idm140571462614976,work_d1e19871952,official_cnw_v401,CNW,60,60,cnw_sources_v1,complete,9,13,5,0,9,9,0,13,13,0,9,9,9,0,9,0,"{""descriptive"": 9}","{""descriptive"": 13}",[],1,60,success,"[""No movements found"", ""No source references found""]",True,False,1,506,success,"[""No movements found"", ""No source references found""]",True,True,1,60,success,"[""No movements found"", ""No source references found""]",True,False,PASS,
cnw0029.xml,08e70f1f90f0f40a6ea853a3a789f3d073f260a4e0a69387a41a5649bce0b314,289805,29,mei_idm139689623806224,work_d1e14851460,official_cnw_v401,CNW,61,61,cnw_sources_v1,complete,11,7,3,0,11,11,0,7,7,0,11,11,11,0,11,0,"{""descriptive"": 11}","{""descriptive"": 7}",[],1,61,success,"[""No movements found"", ""No source references found"", ""Skipped performance event with no supported direct values""]",True,False,1,507,success,"[""No movements found"", ""No source references found"", ""Skipped performance event with no supported direct values""]",True,True,1,61,success,"[""No movements found"", ""No source references found"", ""Skipped performance event with no supported direct values""]",True,False,PASS,
cnw0030.xml,e4293e1328f210f807687bffd05bee8cacbf0768b0a8dfab273b28684d5ed7df,151848,30,mei_idm140395721017376,work_d1e13401316,official_cnw_v401,CNW,62,62,cnw_sources_v1,complete,9,6,5,0,9,9,0,6,6,0,9,9,9,0,9,0,"{""descriptive"": 9}","{""descriptive"": 6}",[],1,62,success,"[""No movements found"", ""No source references found""]",True,False,1,508,success,"[""No movements found"", ""No source references found""]",True,True,1,62,success,"[""No movements found"", ""No source references found""]",True,False,PASS,
cnw0031.xml,bc38ab96f89364f5b7f1a2415950aedb7546611ffb8d3e763b02b19a863b92a2,40840,31,mei_idm140490256445376,work_d1e941924,official_cnw_v401,CNW,63,63,cnw_sources_v1,complete,6,6,3,0,6,6,0,6,6,0,6,6,6,0,6,0,"{""descriptive"": 6}","{""descriptive"": 6}",[],1,63,success,"[""No movements found"", ""No source references found"", ""No external references found""]",True,False,1,509,success,"[""No movements found"", ""No source references found"", ""No external references found""]",True,True,1,63,success,"[""No movements found"", ""No source references found"", ""No external references found""]",True,False,PASS,
cnw0032.xml,d5fbc0b1993f70355ac6b207ba90cd7b46ddcb610c3ca735d78777c7cfc3a766,236333,32,mei_idm140268652900288,work_d1e10521033,official_cnw_v401,CNW,64,64,cnw_sources_v1,complete,8,6,4,0,8,8,0,6,6,0,8,8,8,0,8,0,"{""descriptive"": 8}","{""descriptive"": 6}",[],1,64,success,"[""No movements found"", ""No source references found"", ""No external references found""]",True,False,1,510,success,"[""No movements found"", ""No source references found"", ""No external references found""]",True,True,1,64,success,"[""No movements found"", ""No source references found"", ""No external references found""]",True,False,PASS,
cnw0033.xml,b81ace8ebe6d49e52f16d5ba4770900219072d8514c0933993a0a5e5bb662237,62668,33,mei_idm139906058520608,work_d1e706694,official_cnw_v401,CNW,65,65,cnw_sources_v1,complete,5,5,1,0,5,5,0,5,5,0,5,5,5,0,5,0,"{""descriptive"": 5}","{""descriptive"": 5}",[],1,65,success,"[""No movements found"", ""No source references found"", ""No external references found""]",True,False,1,511,success,"[""No movements found"", ""No source references found"", ""No external references found""]",True,True,1,65,success,"[""No movements found"", ""No source references found"", ""No external references found""]",True,False,PASS,
cnw0034.xml,fdf9729a7b53e0f2423a3793f6f7eec342b1289e4e79ccb620cd62f43b83dd4f,275265,34,mei_idm139753894004640,work_d1e12871264,official_cnw_v401,CNW,66,66,cnw_sources_v1,complete,6,9,1,0,6,6,0,9,9,0,6,6,6,0,6,0,"{""descriptive"": 6}","{""descriptive"": 9}",[],1,66,success,"[""No movements found"", ""No source references found"", ""No external references found""]",True,False,1,512,success,"[""No movements found"", ""No source references found"", ""No external references found""]",True,True,1,66,success,"[""No movements found"", ""No source references found"", ""No external references found""]",True,False,PASS,
cnw0035.xml,514c6c681ea318cef84acb94ee5b2729861521897fa1ecd700a6a9739fd88808,170469,35,mei_idm140452358772768,work_d1e11671146,official_cnw_v401,CNW,67,67,cnw_sources_v1,complete,8,6,1,0,8,8,0,6,6,0,8,8,8,0,8,0,"{""descriptive"": 8}","{""descriptive"": 6}",[],1,67,success,"[""No movements found"", ""No source references found"", ""No external references found""]",True,False,1,513,success,"[""No movements found"", ""No source references found"", ""No external references found""]",True,True,1,67,success,"[""No movements found"", ""No source references found"", ""No external references found""]",True,False,PASS,
cnw0036.xml,34e929e0d709d572b157cb876e6f75387cb9fa90a3a1ae281d1f058d0b6ea2e0,65297,36,mei_idm139938480506880,work_d1e589579,official_cnw_v401,CNW,68,68,cnw_sources_v1,complete,4,4,1,0,4,4,0,4,4,0,4,4,4,0,4,0,"{""descriptive"": 4}","{""descriptive"": 4}",[],1,68,success,"[""No movements found"", ""No source references found"", ""No external references found""]",True,False,1,514,success,"[""No movements found"", ""No source references found"", ""No external references found""]",True,True,1,68,success,"[""No movements found"", ""No source references found"", ""No external references found""]",True,False,PASS,
cnw0037.xml,61bf3ecf653d75ebe9dc1a01e14df669549873ae2d510e31e1072d65e53fe299,29556,37,mei_idm139855997521760,work_d1e473465,official_cnw_v401,CNW,69,69,cnw_sources_v1,complete,3,3,1,0,3,3,0,3,3,0,3,3,3,0,3,0,"{""descriptive"": 3}","{""descriptive"": 3}",[],1,69,success,"[""No movements found"", ""No source references found"", ""No external references found""]",True,False,1,515,success,"[""No movements found"", ""No source references found"", ""No external references found""]",True,True,1,69,success,"[""No movements found"", ""No source references found"", ""No external references found""]",True,False,PASS,
cnw0038.xml,76fb69a2a441f960467f4b0a06aff0a13f98a1cc91409bfa408dc11ebb2cf97a,148241,38,mei_idm139640059367200,work_d1e935918,official_cnw_v401,CNW,70,70,cnw_sources_v1,complete,5,5,1,0,5,5,0,5,5,0,5,5,5,0,5,0,"{""descriptive"": 5}","{""descriptive"": 5}",[],1,70,success,"[""No movements found"", ""No source references found"", ""No external references found""]",True,False,1,516,success,"[""No movements found"", ""No source references found"", ""No external references found""]",True,True,1,70,success,"[""No movements found"", ""No source references found"", ""No external references found""]",True,False,PASS,
cnw0039.xml,16e25e9d2a871815e30bd7901a60a808c245e7ee50fe954cb1f07aa0054e11b7,51246,39,mei_idm140237625853856,work_d1e474466,official_cnw_v401,CNW,71,71,cnw_sources_v1,complete,3,3,1,0,3,3,0,3,3,0,3,3,3,0,3,0,"{""descriptive"": 3}","{""descriptive"": 3}",[],1,71,success,"[""No movements found"", ""No source references found"", ""Skipped performance event with no supported direct values"", ""No external references found""]",True,False,1,517,success,"[""No movements found"", ""No source references found"", ""Skipped performance event with no supported direct values"", ""No external references found""]",True,True,1,71,success,"[""No movements found"", ""No source references found"", ""Skipped performance event with no supported direct values"", ""No external references found""]",True,False,PASS,
cnw0040.xml,aff87d02f3ce9227913f0fa047770de20a832856fd3eae1d4279b1f3843d156e,49726,40,mei_idm140452211074496,work_d1e10571038,official_cnw_v401,CNW,72,72,cnw_sources_v1,complete,8,8,1,0,8,8,0,8,8,0,8,8,8,0,8,0,"{""descriptive"": 8}","{""descriptive"": 8}",[],1,72,success,"[""No movements found"", ""No source references found"", ""Non-exact performance date was not stored"", ""No external references found""]",True,False,1,518,success,"[""No movements found"", ""No source references found"", ""Non-exact performance date was not stored"", ""No external references found""]",True,True,1,72,success,"[""No movements found"", ""No source references found"", ""Non-exact performance date was not stored"", ""No external references found""]",True,False,PASS,
cnw0041.xml,540e57d0d982c1a33f3aee3c40316fcfbf946ec702012282a3059aedf8b1e4d9,380143,41,mei_idm140295892318112,work_d1e18621828,official_cnw_v401,CNW,73,73,cnw_sources_v1,complete,14,10,3,0,14,14,0,10,10,0,14,14,14,0,14,0,"{""descriptive"": 14}","{""descriptive"": 10}",[],1,73,success,"[""No movements found"", ""No source references found"", ""No external references found""]",True,False,1,519,success,"[""No movements found"", ""No source references found"", ""No external references found""]",True,True,1,73,success,"[""No movements found"", ""No source references found"", ""No external references found""]",True,False,PASS,
cnw0042.xml,aa233daf5ea53781476cb8f3eb7b197e5b45a458c8936471b8e15b8d78baaec5,130240,42,mei_idm140115395413840,work_d1e942925,official_cnw_v401,CNW,74,74,cnw_sources_v1,complete,6,6,3,0,6,6,0,6,6,0,6,6,6,0,6,0,"{""descriptive"": 6}","{""descriptive"": 6}",[],1,74,success,"[""No movements found"", ""No source references found""]",True,False,1,520,success,"[""No movements found"", ""No source references found""]",True,True,1,74,success,"[""No movements found"", ""No source references found""]",True,False,PASS,
cnw0043.xml,39d099ab6cd775c381ab51b9a1de0b99e273ab15ad992e8f62f71527c15d79c9,178669,43,mei_idm140685292627584,work_d1e12891266,official_cnw_v401,CNW,75,75,cnw_sources_v1,complete,10,6,5,0,10,10,0,6,6,0,10,10,10,0,10,0,"{""descriptive"": 10}","{""descriptive"": 6}",[],1,75,success,"[""No movements found"", ""No source references found""]",True,False,1,521,success,"[""No movements found"", ""No source references found""]",True,True,1,75,success,"[""No movements found"", ""No source references found""]",True,False,PASS,
cnw0044.xml,b3696b1f2a9ae645842c4c93c8d6db3f6f65b5698db2b00bf6e29b6f9dea8ca0,26655,44,mei_idm140056105199328,work_d1e191187,official_cnw_v401,CNW,76,76,cnw_sources_v1,complete,2,1,1,0,2,2,0,1,1,0,1,1,1,0,1,0,"{""descriptive"": 2}","{""descriptive"": 1}",[],1,76,success,"[""No movements found"", ""No source references found"", ""No performance information found"", ""No external references found""]",True,False,1,522,success,"[""No movements found"", ""No source references found"", ""No performance information found"", ""No external references found""]",True,True,1,76,success,"[""No movements found"", ""No source references found"", ""No performance information found"", ""No external references found""]",True,False,PASS,
cnw0045.xml,c64bd57cae74a9df4acd9eac91dfd737bbcb343f75796d803b3f1b39c192f025,14708,45,mei_idm140002504945600,work_d1e191187,official_cnw_v401,CNW,77,77,cnw_sources_v1,complete,1,1,1,0,1,1,0,1,1,0,1,1,1,0,1,0,"{""descriptive"": 1}","{""descriptive"": 1}",[],1,77,success,"[""No movements found"", ""No source references found"", ""No performance information found"", ""No external references found""]",True,False,1,523,success,"[""No movements found"", ""No source references found"", ""No performance information found"", ""No external references found""]",True,True,1,77,success,"[""No movements found"", ""No source references found"", ""No performance information found"", ""No external references found""]",True,False,PASS,
cnw0046.xml,fd1a25cc8e6862ec0fa75e9a9df59255e921983644f267e87154ea09ee306960,99508,46,mei_idm140608919220160,work_d1e837821,official_cnw_v401,CNW,78,78,cnw_sources_v1,complete,4,5,2,0,4,4,0,5,5,0,4,4,4,0,4,0,"{""descriptive"": 4}","{""descriptive"": 5}",[],1,78,success,"[""No movements found"", ""No source references found"", ""Non-exact performance date was not stored"", ""Non-exact performance date was not stored"", ""Non-exact performance date was not stored"", ""Non-exact performance date was not stored"", ""Non-exact performance date was not stored"", ""No external references found""]",True,False,1,524,success,"[""No movements found"", ""No source references found"", ""Non-exact performance date was not stored"", ""Non-exact performance date was not stored"", ""Non-exact performance date was not stored"", ""Non-exact performance date was not stored"", ""Non-exact performance date was not stored"", ""No external references found""]",True,True,1,78,success,"[""No movements found"", ""No source references found"", ""Non-exact performance date was not stored"", ""Non-exact performance date was not stored"", ""Non-exact performance date was not stored"", ""Non-exact performance date was not stored"", ""Non-exact performance date was not stored"", ""No external references found""]",True,False,PASS,
cnw0047.xml,ac357770a63f63123cf947069b0fe9140c7f8ff2b7b110c8561134d8b0cbf2c7,59098,47,mei_idm140628183758272,work_d1e946929,official_cnw_v401,CNW,79,79,cnw_sources_v1,complete,5,6,3,0,5,5,0,6,6,0,5,5,5,0,5,0,"{""descriptive"": 5}","{""descriptive"": 6}",[],1,79,success,"[""No movements found"", ""No source references found"", ""No external references found""]",True,False,1,525,success,"[""No movements found"", ""No source references found"", ""No external references found""]",True,True,1,79,success,"[""No movements found"", ""No source references found"", ""No external references found""]",True,False,PASS,
cnw0048.xml,27a06bf3fea411d0b341efdb660bb6dc6264e2ae1cd9e3e86678c10616e1a7a6,20146,48,mei_idm139832459487264,work_d1e191187,official_cnw_v401,CNW,80,80,cnw_sources_v1,complete,1,1,4,0,1,1,0,1,1,0,1,1,1,0,1,0,"{""descriptive"": 1}","{""descriptive"": 1}",[],1,80,success,"[""No movements found"", ""No source references found"", ""No performance information found"", ""No external references found""]",True,False,1,526,success,"[""No movements found"", ""No source references found"", ""No performance information found"", ""No external references found""]",True,True,1,80,success,"[""No movements found"", ""No source references found"", ""No performance information found"", ""No external references found""]",True,False,PASS,
cnw0049.xml,f7028e813ae76cce38cfb87048c13453cf37e827095e173b09b99b6bb3493949,32058,49,mei_idm140173843965984,work_d1e191187,official_cnw_v401,CNW,81,81,cnw_sources_v1,complete,1,1,5,0,1,1,0,1,1,0,1,1,1,0,1,0,"{""descriptive"": 1}","{""descriptive"": 1}",[],1,81,success,"[""No movements found"", ""No instrumentation found"", ""No source references found"", ""Skipped performance event with no supported direct values"", ""No external references found""]",True,False,1,527,success,"[""No movements found"", ""No instrumentation found"", ""No source references found"", ""Skipped performance event with no supported direct values"", ""No external references found""]",True,True,1,81,success,"[""No movements found"", ""No instrumentation found"", ""No source references found"", ""Skipped performance event with no supported direct values"", ""No external references found""]",True,False,PASS,
cnw0050.xml,85dbf0979cb1c3bf64c1ed1dc5c0e88f06e183009abe43f7b30a1d35d652f929,33297,50,mei_idm140493520830800,work_d1e191187,official_cnw_v401,CNW,82,82,cnw_sources_v1,complete,2,2,1,0,2,2,0,2,2,0,1,1,1,0,1,0,"{""descriptive"": 2}","{""descriptive"": 2}",[],1,82,success,"[""No movements found"", ""No instrumentation found"", ""No source references found"", ""No external references found""]",True,False,1,528,success,"[""No movements found"", ""No instrumentation found"", ""No source references found"", ""No external references found""]",True,True,1,82,success,"[""No movements found"", ""No instrumentation found"", ""No source references found"", ""No external references found""]",True,False,PASS,
cnw0052.xml,2636078097c7ab0301a074d85e985475cad9e4de6b1b11839ffe1619033e62af,22502,51,mei_idm140303790157696,work_d1e191187,official_cnw_v401,CNW,83,83,cnw_sources_v1,complete,1,1,1,0,1,1,0,1,1,0,1,1,1,0,1,0,"{""descriptive"": 1}","{""descriptive"": 1}",[],1,83,success,"[""No movements found"", ""No instrumentation found"", ""No source references found"", ""No external references found""]",True,False,1,529,success,"[""No movements found"", ""No instrumentation found"", ""No source references found"", ""No external references found""]",True,True,1,83,success,"[""No movements found"", ""No instrumentation found"", ""No source references found"", ""No external references found""]",True,False,PASS,
cnw0053.xml,b2b7fb82601732e8e008c4e2bee26bbf5903bed917099be6103b81cf0aab8947,19435,52,mei_idm140667372683536,work_d1e191187,official_cnw_v401,CNW,84,84,cnw_sources_v1,complete,2,2,1,0,2,2,0,2,2,0,2,2,2,0,2,0,"{""descriptive"": 2}","{""descriptive"": 2}",[],1,84,success,"[""No movements found"", ""No instrumentation found"", ""No source references found"", ""No performance information found"", ""No external references found""]",True,False,1,530,success,"[""No movements found"", ""No instrumentation found"", ""No source references found"", ""No performance information found"", ""No external references found""]",True,True,1,84,success,"[""No movements found"", ""No instrumentation found"", ""No source references found"", ""No performance information found"", ""No external references found""]",True,False,PASS,
cnw0054.xml,5935adbf1203af0aaac9f46f5ee1cf89e5c8d404fd6eec24688d0463348c23cd,19184,54,mei_idm140634719625488,work_d1e191187,official_cnw_v401,CNW,85,85,cnw_sources_v1,complete,2,2,1,0,2,2,0,2,2,0,1,1,1,0,1,0,"{""descriptive"": 2}","{""descriptive"": 2}",[],1,85,success,"[""Missing composition date or year"", ""No movements found"", ""No instrumentation found"", ""No source references found"", ""No performance information found"", ""No external references found""]",True,False,1,531,success,"[""Missing composition date or year"", ""No movements found"", ""No instrumentation found"", ""No source references found"", ""No performance information found"", ""No external references found""]",True,True,1,85,success,"[""Missing composition date or year"", ""No movements found"", ""No instrumentation found"", ""No source references found"", ""No performance information found"", ""No external references found""]",True,False,PASS,
cnw0055.xml,651091485af9c225e4fa40452998fde488acb2dbdf8d3c340a1fb0095e387be9,114347,55,mei_idm139999875635024,work_d1e829814,official_cnw_v401,CNW,86,86,cnw_sources_v1,complete,8,7,5,0,8,8,0,7,7,0,6,6,6,0,6,0,"{""descriptive"": 8}","{""descriptive"": 7}",[],1,86,success,"[""No movements found"", ""No instrumentation found"", ""No source references found"", ""No external references found""]",True,False,1,532,success,"[""No movements found"", ""No instrumentation found"", ""No source references found"", ""No external references found""]",True,True,1,86,success,"[""No movements found"", ""No instrumentation found"", ""No source references found"", ""No external references found""]",True,False,PASS,
cnw0056.xml,fb264425484af9d234991f8ebdaeffa29f315a0b4a056633178a24d2a5c652c3,249713,56,mei_idm140271653019424,work_d1e10671048,official_cnw_v401,CNW,87,87,cnw_sources_v1,complete,8,7,5,0,8,8,0,7,7,0,8,8,8,0,8,0,"{""descriptive"": 8}","{""descriptive"": 7}",[],1,87,success,"[""No movements found"", ""No instrumentation found"", ""No source references found"", ""No external references found""]",True,False,1,533,success,"[""No movements found"", ""No instrumentation found"", ""No source references found"", ""No external references found""]",True,True,1,87,success,"[""No movements found"", ""No instrumentation found"", ""No source references found"", ""No external references found""]",True,False,PASS,
cnw0057.xml,fb43cdb1908b425a95c05ef5577688e82bf666de8bbf79f9c74ca24cbe16df6c,140842,57,mei_idm140665642225904,work_d1e10581039,official_cnw_v401,CNW,88,88,cnw_sources_v1,complete,7,6,5,0,7,7,0,6,6,0,7,7,7,0,7,0,"{""descriptive"": 7}","{""descriptive"": 6}",[],1,88,success,"[""No movements found"", ""No instrumentation found"", ""No source references found"", ""No external references found""]",True,False,1,534,success,"[""No movements found"", ""No instrumentation found"", ""No source references found"", ""No external references found""]",True,True,1,88,success,"[""No movements found"", ""No instrumentation found"", ""No source references found"", ""No external references found""]",True,False,PASS,
cnw0058.xml,5855df7693e15b7f790468bed4c18796de7d67906f0b67e3cd0fb74423693512,158995,58,mei_idm140575955576864,work_d1e825810,official_cnw_v401,CNW,89,89,cnw_sources_v1,complete,7,5,5,0,7,7,0,5,5,0,6,6,6,0,6,0,"{""descriptive"": 7}","{""descriptive"": 5}",[],1,89,success,"[""No movements found"", ""No instrumentation found"", ""No source references found""]",True,False,1,535,success,"[""No movements found"", ""No instrumentation found"", ""No source references found""]",True,True,1,89,success,"[""No movements found"", ""No instrumentation found"", ""No source references found""]",True,False,PASS,
cnw0059.xml,1b40028d0bfcee760c8fdd372265f09e6c051a834c7a330fc0e40b755a46e6ab,77756,59,mei_idm140597445263136,work_d1e477469,official_cnw_v401,CNW,90,90,cnw_sources_v1,complete,3,3,5,0,3,3,0,3,3,0,3,3,3,0,3,0,"{""descriptive"": 3}","{""descriptive"": 3}",[],1,90,success,"[""No movements found"", ""No source references found"", ""No external references found""]",True,False,1,536,success,"[""No movements found"", ""No source references found"", ""No external references found""]",True,True,1,90,success,"[""No movements found"", ""No source references found"", ""No external references found""]",True,False,PASS,
cnw0060.xml,47be514548a0c46887206d2760ffa446c9f69648ffb628fa208d2413aec4c81c,28276,60,mei_idm140613692704768,work_d1e191187,official_cnw_v401,CNW,91,91,cnw_sources_v1,complete,2,2,1,0,2,2,0,2,2,0,1,1,1,0,1,0,"{""descriptive"": 2}","{""descriptive"": 2}",[],1,91,success,"[""No movements found"", ""No source references found"", ""No external references found""]",True,False,1,537,success,"[""No movements found"", ""No source references found"", ""No external references found""]",True,True,1,91,success,"[""No movements found"", ""No source references found"", ""No external references found""]",True,False,PASS,
cnw0061.xml,a2402edd2744bc13dd2e32a5e3904f2c210f88c2fb3b8ae4185d7209c5e9f23c,16027,61,mei_idm139772506759504,work_d1e191187,official_cnw_v401,CNW,92,92,cnw_sources_v1,complete,1,1,1,0,1,1,0,1,1,0,1,1,1,0,1,0,"{""descriptive"": 1}","{""descriptive"": 1}",[],1,92,success,"[""Missing composition date or year"", ""No movements found"", ""No source references found"", ""No performance information found"", ""No external references found""]",True,False,1,538,success,"[""Missing composition date or year"", ""No movements found"", ""No source references found"", ""No performance information found"", ""No external references found""]",True,True,1,92,success,"[""Missing composition date or year"", ""No movements found"", ""No source references found"", ""No performance information found"", ""No external references found""]",True,False,PASS,
cnw0062.xml,0c4cc551fc29e5753da5b1b0b115de2d93cef59b1e620ee27451632f236346a8,24341,62,mei_idm140508614586640,work_d1e191187,official_cnw_v401,CNW,93,93,cnw_sources_v1,complete,1,1,4,0,1,1,0,1,1,0,1,1,1,0,1,0,"{""descriptive"": 1}","{""descriptive"": 1}",[],1,93,success,"[""No movements found"", ""No source references found"", ""Skipped performance event with no supported direct values"", ""No external references found""]",True,False,1,539,success,"[""No movements found"", ""No source references found"", ""Skipped performance event with no supported direct values"", ""No external references found""]",True,True,1,93,success,"[""No movements found"", ""No source references found"", ""Skipped performance event with no supported direct values"", ""No external references found""]",True,False,PASS,
cnw0063.xml,8bf29bf5881b0cbfe03367d08806c6928eceb7395b6a61667ab2b57dcbd90a32,171164,63,mei_idm139933308024832,work_d1e948931,official_cnw_v401,CNW,94,94,cnw_sources_v1,complete,6,7,4,0,6,6,0,7,7,0,6,6,6,0,6,0,"{""descriptive"": 6}","{""descriptive"": 7}",[],1,94,success,"[""No movements found"", ""No source references found"", ""No external references found""]",True,False,1,540,success,"[""No movements found"", ""No source references found"", ""No external references found""]",True,True,1,94,success,"[""No movements found"", ""No source references found"", ""No external references found""]",True,False,PASS,
cnw0064.xml,d297a3b00c3c6448dd835dc02df635948ab0b52e5dd3e8dfe259cf5c2ebc34a9,165949,64,mei_idm139648619075616,work_d1e945928,official_cnw_v401,CNW,95,95,cnw_sources_v1,complete,7,6,4,0,7,7,0,6,6,0,7,7,7,0,7,0,"{""descriptive"": 7}","{""descriptive"": 6}",[],1,95,success,"[""No movements found"", ""No source references found"", ""No external references found""]",True,False,1,541,success,"[""No movements found"", ""No source references found"", ""No external references found""]",True,True,1,95,success,"[""No movements found"", ""No source references found"", ""No external references found""]",True,False,PASS,
cnw0065.xml,862dd64824795d3b4ebab9c9a08b7d1dc42f0cd7c8e5fa4cf1ca6feaab7fcd87,110912,65,mei_idm140110708914000,work_d1e950933,official_cnw_v401,CNW,96,96,cnw_sources_v1,complete,7,7,3,0,7,7,0,7,7,0,7,7,7,0,7,0,"{""descriptive"": 7}","{""descriptive"": 7}",[],1,96,success,"[""No movements found"", ""No source references found"", ""No external references found""]",True,False,1,542,success,"[""No movements found"", ""No source references found"", ""No external references found""]",True,True,1,96,success,"[""No movements found"", ""No source references found"", ""No external references found""]",True,False,PASS,
cnw0066.xml,888c78a839ba5c082d46055f7b96e48c425818d8df97de690dd1c25f44da2554,16204,66,mei_idm139883734077312,work_d1e191187,official_cnw_v401,CNW,97,97,cnw_sources_v1,complete,1,1,1,0,1,1,0,1,1,0,1,1,1,0,1,0,"{""descriptive"": 1}","{""descriptive"": 1}",[],1,97,success,"[""No movements found"", ""No source references found"", ""No performance information found"", ""No external references found""]",True,False,1,543,success,"[""No movements found"", ""No source references found"", ""No performance information found"", ""No external references found""]",True,True,1,97,success,"[""No movements found"", ""No source references found"", ""No performance information found"", ""No external references found""]",True,False,PASS,
cnw0067.xml,5acce19b4b90b6ccbee2b22eca92c9c10537b007a3339bd52c7f65921310c895,46000,67,mei_idm139727210207264,work_d1e10691050,official_cnw_v401,CNW,98,98,cnw_sources_v1,complete,10,10,3,0,10,10,0,10,10,0,10,10,10,0,10,0,"{""descriptive"": 10}","{""descriptive"": 10}",[],1,98,success,"[""Missing composition date or year"", ""No movements found"", ""No source references found"", ""No external references found""]",True,False,1,544,success,"[""Missing composition date or year"", ""No movements found"", ""No source references found"", ""No external references found""]",True,True,1,98,success,"[""Missing composition date or year"", ""No movements found"", ""No source references found"", ""No external references found""]",True,False,PASS,
cnw0068.xml,7ab12c6adafd71514018adea16a65e0fe628ab82ab056ba800fce5dded3d2356,19676,68,mei_idm139770519205824,work_d1e191187,official_cnw_v401,CNW,99,99,cnw_sources_v1,complete,1,1,4,0,1,1,0,1,1,0,1,1,1,0,1,0,"{""descriptive"": 1}","{""descriptive"": 1}",[],1,99,success,"[""No movements found"", ""No source references found"", ""No performance information found"", ""No external references found""]",True,False,1,545,success,"[""No movements found"", ""No source references found"", ""No performance information found"", ""No external references found""]",True,True,1,99,success,"[""No movements found"", ""No source references found"", ""No performance information found"", ""No external references found""]",True,False,PASS,
cnw0069.xml,6f2609fc440e3eb17cecf5dde87530e04b9db657ddf5d9d8d94d70685b7129aa,71459,69,mei_idm140719615369488,work_d1e712700,official_cnw_v401,CNW,100,100,cnw_sources_v1,complete,5,5,1,0,5,5,0,5,5,0,5,5,5,0,5,0,"{""descriptive"": 5}","{""descriptive"": 5}",[],1,100,success,"[""No movements found"", ""No source references found"", ""No external references found""]",True,False,1,546,success,"[""No movements found"", ""No source references found"", ""No external references found""]",True,True,1,100,success,"[""No movements found"", ""No source references found"", ""No external references found""]",True,False,PASS,
cnw0070.xml,25951260d56780befa9cc32f399cf520f777685a72dcd6ca33a6a45dd4159227,114939,70,mei_idm139797857351680,work_d1e853837,official_cnw_v401,CNW,101,101,cnw_sources_v1,complete,6,4,4,0,6,6,0,4,4,0,6,6,6,0,6,0,"{""descriptive"": 6}","{""descriptive"": 4}",[],1,101,success,"[""No movements found"", ""No source references found""]",True,False,1,547,success,"[""No movements found"", ""No source references found""]",True,True,1,101,success,"[""No movements found"", ""No source references found""]",True,False,PASS,
cnw0071.xml,2a3d3c640bfea475befe730181c7b66d77a10bb024255355d88cc513ad7530e3,23826,71,mei_idm140104085205232,work_d1e238234,official_cnw_v401,CNW,102,102,cnw_sources_v1,complete,1,0,4,0,1,1,0,0,0,0,1,1,1,0,1,0,"{""descriptive"": 1}",{},[],1,102,success,"[""No movements found"", ""No source references found"", ""Skipped performance event with no supported direct values"", ""No external references found""]",True,False,1,548,success,"[""No movements found"", ""No source references found"", ""Skipped performance event with no supported direct values"", ""No external references found""]",True,True,1,102,success,"[""No movements found"", ""No source references found"", ""Skipped performance event with no supported direct values"", ""No external references found""]",True,False,PASS,
cnw0072.xml,543478a320774d341350eb1ae66513364727cd5311eea2726dc15b72d35dee18,22628,72,mei_idm139849930163648,work_d1e475467,official_cnw_v401,CNW,103,103,cnw_sources_v1,complete,3,2,1,0,3,3,0,2,2,0,3,3,3,0,3,0,"{""descriptive"": 3}","{""descriptive"": 2}",[],1,103,success,"[""No movements found"", ""No source references found"", ""No external references found""]",True,False,1,549,success,"[""No movements found"", ""No source references found"", ""No external references found""]",True,True,1,103,success,"[""No movements found"", ""No source references found"", ""No external references found""]",True,False,PASS,
cnw0073.xml,dcd465091ef4e0246c6778a6a42e012e7f9c3984c85c6a7b0b2b57eb1f31b20a,18995,73,mei_idm140045041303488,work_d1e191187,official_cnw_v401,CNW,104,104,cnw_sources_v1,complete,1,1,3,0,1,1,0,1,1,0,1,1,1,0,1,0,"{""descriptive"": 1}","{""descriptive"": 1}",[],1,104,success,"[""No movements found"", ""No source references found"", ""No performance information found"", ""No external references found""]",True,False,1,550,success,"[""No movements found"", ""No source references found"", ""No performance information found"", ""No external references found""]",True,True,1,104,success,"[""No movements found"", ""No source references found"", ""No performance information found"", ""No external references found""]",True,False,PASS,
cnw0074.xml,5f3dc60ae1b26d57c6fd148a9ad180ba64530e3029a7e9bd1ebb5026c6bfd817,16902,74,mei_idm140301765965824,work_d1e191187,official_cnw_v401,CNW,105,105,cnw_sources_v1,complete,1,1,1,0,1,1,0,1,1,0,1,1,1,0,1,0,"{""descriptive"": 1}","{""descriptive"": 1}",[],1,105,success,"[""No movements found"", ""No source references found"", ""No performance information found"", ""No external references found""]",True,False,1,551,success,"[""No movements found"", ""No source references found"", ""No performance information found"", ""No external references found""]",True,True,1,105,success,"[""No movements found"", ""No source references found"", ""No performance information found"", ""No external references found""]",True,False,PASS,
cnw0075.xml,338d2792bbe439c218a9689b5d75a68ff605b0fceaebd9f5b107046287cdaaab,15922,75,mei_idm139895383683408,work_d1e191187,official_cnw_v401,CNW,106,106,cnw_sources_v1,complete,1,1,1,0,1,1,0,1,1,0,1,1,1,0,1,0,"{""descriptive"": 1}","{""descriptive"": 1}",[],1,106,success,"[""No movements found"", ""No source references found"", ""No performance information found"", ""No external references found""]",True,False,1,552,success,"[""No movements found"", ""No source references found"", ""No performance information found"", ""No external references found""]",True,True,1,106,success,"[""No movements found"", ""No source references found"", ""No performance information found"", ""No external references found""]",True,False,PASS,
cnw0076.xml,2770e2632467cae0862d922de682fab9b3edac5c0e5820b9776bf2fec95d0a7b,16840,76,mei_idm140633429196736,work_d1e191187,official_cnw_v401,CNW,107,107,cnw_sources_v1,complete,1,1,1,0,1,1,0,1,1,0,1,1,1,0,1,0,"{""descriptive"": 1}","{""descriptive"": 1}",[],1,107,success,"[""No movements found"", ""No source references found"", ""Skipped performance event with no supported direct values"", ""No external references found""]",True,False,1,553,success,"[""No movements found"", ""No source references found"", ""Skipped performance event with no supported direct values"", ""No external references found""]",True,True,1,107,success,"[""No movements found"", ""No source references found"", ""Skipped performance event with no supported direct values"", ""No external references found""]",True,False,PASS,
cnw0077.xml,bffaafcd4118a06f26f5a7184748402fd5adcdc24fe7c20479d4727f091eaa30,17037,77,mei_idm140527268978560,work_d1e191187,official_cnw_v401,CNW,108,108,cnw_sources_v1,complete,1,1,1,0,1,1,0,1,1,0,1,1,1,0,1,0,"{""descriptive"": 1}","{""descriptive"": 1}",[],1,108,success,"[""No movements found"", ""No source references found"", ""No performance information found"", ""No external references found""]",True,False,1,554,success,"[""No movements found"", ""No source references found"", ""No performance information found"", ""No external references found""]",True,True,1,108,success,"[""No movements found"", ""No source references found"", ""No performance information found"", ""No external references found""]",True,False,PASS,
cnw0078.xml,03ca69ea440f8e28ac5115dc48e465519f60d71c1bbb04627b8172261337e4f4,16437,78,mei_idm140530445180864,work_d1e191187,official_cnw_v401,CNW,109,109,cnw_sources_v1,complete,1,1,1,0,1,1,0,1,1,0,1,1,1,0,1,0,"{""descriptive"": 1}","{""descriptive"": 1}",[],1,109,success,"[""Missing composition date or year"", ""No movements found"", ""No source references found"", ""No performance information found"", ""No external references found""]",True,False,1,555,success,"[""Missing composition date or year"", ""No movements found"", ""No source references found"", ""No performance information found"", ""No external references found""]",True,True,1,109,success,"[""Missing composition date or year"", ""No movements found"", ""No source references found"", ""No performance information found"", ""No external references found""]",True,False,PASS,
cnw0079.xml,24f42908e9bb9ac25f1a9b44a87481f7de629b482a8de558eec680ad3f84dd9c,16177,79,mei_idm139732704421824,work_d1e191187,official_cnw_v401,CNW,110,110,cnw_sources_v1,complete,1,1,1,0,1,1,0,1,1,0,1,1,1,0,1,0,"{""descriptive"": 1}","{""descriptive"": 1}",[],1,110,success,"[""Missing composition date or year"", ""No movements found"", ""No source references found"", ""No performance information found"", ""No external references found""]",True,False,1,556,success,"[""Missing composition date or year"", ""No movements found"", ""No source references found"", ""No performance information found"", ""No external references found""]",True,True,1,110,success,"[""Missing composition date or year"", ""No movements found"", ""No source references found"", ""No performance information found"", ""No external references found""]",True,False,PASS,
cnw0080.xml,2bd0abe762618b2b7630023d791d04ccf7c416dfe5c21d6d5ae06d3b40cbeafe,16303,80,mei_idm140259323592480,work_d1e191187,official_cnw_v401,CNW,111,111,cnw_sources_v1,complete,1,1,1,0,1,1,0,1,1,0,1,1,1,0,1,0,"{""descriptive"": 1}","{""descriptive"": 1}",[],1,111,success,"[""Missing composition date or year"", ""No movements found"", ""No source references found"", ""No performance information found"", ""No external references found""]",True,False,1,557,success,"[""Missing composition date or year"", ""No movements found"", ""No source references found"", ""No performance information found"", ""No external references found""]",True,True,1,111,success,"[""Missing composition date or year"", ""No movements found"", ""No source references found"", ""No performance information found"", ""No external references found""]",True,False,PASS,
cnw0081.xml,1cfffec37751779949ef083419e7ea910fb2d2861228b5f37bf9d8bfd3da0c2e,88530,81,mei_idm140102215858000,work_d1e828813,official_cnw_v401,CNW,112,112,cnw_sources_v1,complete,6,5,6,0,6,6,0,5,5,0,6,6,6,0,6,0,"{""descriptive"": 6}","{""descriptive"": 5}",[],1,112,success,"[""No movements found"", ""No source references found""]",True,False,1,558,success,"[""No movements found"", ""No source references found""]",True,True,1,112,success,"[""No movements found"", ""No source references found""]",True,False,PASS,
cnw0082.xml,de6389e08dadb4a2cd3a434266308d6568c72c8b2c08145d4f9d99cfc0514b54,127416,82,mei_idm140543237310496,work_d1e595585,official_cnw_v401,CNW,113,113,cnw_sources_v1,complete,5,4,5,0,5,5,0,4,4,0,4,4,4,0,4,0,"{""descriptive"": 5}","{""descriptive"": 4}",[],1,113,success,"[""No movements found"", ""No source references found"", ""No external references found""]",True,False,1,559,success,"[""No movements found"", ""No source references found"", ""No external references found""]",True,True,1,113,success,"[""No movements found"", ""No source references found"", ""No external references found""]",True,False,PASS,
cnw0083.xml,b8acb3564cf8976f37428af6769b1bbe5ac5ac56ddd82b9b9c374fe8ab649339,88654,83,mei_idm140244693813072,work_d1e703691,official_cnw_v401,CNW,114,114,cnw_sources_v1,complete,5,4,7,0,5,5,0,4,4,0,5,5,5,0,5,0,"{""descriptive"": 5}","{""descriptive"": 4}",[],1,114,success,"[""No movements found"", ""No source references found"", ""No external references found""]",True,False,1,560,success,"[""No movements found"", ""No source references found"", ""No external references found""]",True,True,1,114,success,"[""No movements found"", ""No source references found"", ""No external references found""]",True,False,PASS,
cnw0084.xml,a63030cc690e61f4b63442e0b1043c4b835adef7eaf2ba87397e6db5eae2f17a,64610,84,mei_idm139720396033888,work_d1e355349,official_cnw_v401,CNW,115,115,cnw_sources_v1,complete,2,2,1,0,2,2,0,2,2,0,2,2,2,0,2,0,"{""descriptive"": 2}","{""descriptive"": 2}",[],1,115,success,"[""No movements found"", ""No source references found"", ""No external references found""]",True,False,1,561,success,"[""No movements found"", ""No source references found"", ""No external references found""]",True,True,1,115,success,"[""No movements found"", ""No source references found"", ""No external references found""]",True,False,PASS,
cnw0085.xml,3894fb7c1a61a5ff74891ccaff1a423e054b7af2f216899c7415b81e3a08b4e8,22576,85,mei_idm140490125443008,work_d1e475467,official_cnw_v401,CNW,116,116,cnw_sources_v1,complete,3,2,1,0,3,3,0,2,2,0,3,3,3,0,3,0,"{""descriptive"": 3}","{""descriptive"": 2}",[],1,116,success,"[""No movements found"", ""No source references found"", ""Skipped performance event with no supported direct values"", ""No external references found""]",True,False,1,562,success,"[""No movements found"", ""No source references found"", ""Skipped performance event with no supported direct values"", ""No external references found""]",True,True,1,116,success,"[""No movements found"", ""No source references found"", ""Skipped performance event with no supported direct values"", ""No external references found""]",True,False,PASS,
cnw0086.xml,9dee6a6b2695b9ea5de6c10da6bc55278181d5867882887bce25d0c746ed5b45,117169,86,mei_idm140208857219408,work_d1e593583,official_cnw_v401,CNW,117,117,cnw_sources_v1,complete,4,3,1,0,4,4,0,3,3,0,4,4,4,0,4,0,"{""descriptive"": 4}","{""descriptive"": 3}",[],1,117,success,"[""No movements found"", ""No source references found"", ""No external references found""]",True,False,1,563,success,"[""No movements found"", ""No source references found"", ""No external references found""]",True,True,1,117,success,"[""No movements found"", ""No source references found"", ""No external references found""]",True,False,PASS,
cnw0087.xml,0ff5e35e01756a32fdf8321cab0c89524dbc45426de9720f576d7bfb87f4ec21,105370,87,mei_idm140301929445088,work_d1e239235,official_cnw_v401,CNW,118,118,cnw_sources_v1,complete,1,0,1,0,1,1,0,0,0,0,1,1,1,0,1,0,"{""descriptive"": 1}",{},[],1,118,success,"[""No movements found"", ""No source references found"", ""No external references found""]",True,False,1,564,success,"[""No movements found"", ""No source references found"", ""No external references found""]",True,True,1,118,success,"[""No movements found"", ""No source references found"", ""No external references found""]",True,False,PASS,
cnw0088.xml,8e66673a4955675a9034b05133c64fd9cf271b2693c4273518832a0213a57c25,98403,88,mei_idm139811597964736,work_d1e593583,official_cnw_v401,CNW,119,119,cnw_sources_v1,complete,5,4,7,0,5,5,0,4,4,0,4,4,4,0,4,0,"{""descriptive"": 5}","{""descriptive"": 4}",[],1,119,success,"[""No movements found"", ""No source references found""]",True,False,1,565,success,"[""No movements found"", ""No source references found""]",True,True,1,119,success,"[""No movements found"", ""No source references found""]",True,False,PASS,
cnw0089.xml,3c0866e5f91fb185993d01cba2f94e39761a407aec8d4f2f689b7950830ef6fc,16968,89,mei_idm139765299106128,work_d1e191187,official_cnw_v401,CNW,120,120,cnw_sources_v1,complete,1,1,1,0,1,1,0,1,1,0,1,1,1,0,1,0,"{""descriptive"": 1}","{""descriptive"": 1}",[],1,120,success,"[""No movements found"", ""No source references found"", ""Skipped performance event with no supported direct values"", ""No external references found""]",True,False,1,566,success,"[""No movements found"", ""No source references found"", ""Skipped performance event with no supported direct values"", ""No external references found""]",True,True,1,120,success,"[""No movements found"", ""No source references found"", ""Skipped performance event with no supported direct values"", ""No external references found""]",True,False,PASS,
cnw0090.xml,0d280389a2bd3a285a7ea2cb8033c7b2718090ca440c3ec68e66f344d738fe61,68724,90,mei_idm139996040775712,work_d1e11841163,official_cnw_v401,CNW,121,121,cnw_sources_v1,complete,9,8,4,0,9,9,0,8,8,0,9,9,9,0,9,0,"{""descriptive"": 9}","{""descriptive"": 8}",[],1,121,success,"[""No movements found"", ""No source references found"", ""Skipped performance event with no supported direct values"", ""No external references found""]",True,False,1,567,success,"[""No movements found"", ""No source references found"", ""Skipped performance event with no supported direct values"", ""No external references found""]",True,True,1,121,success,"[""No movements found"", ""No source references found"", ""Skipped performance event with no supported direct values"", ""No external references found""]",True,False,PASS,
cnw0091.xml,22ee12d00f5e26543db8eb72c5d826ef1f8db16d9125e14690e2c94ee1f35c07,15962,91,mei_idm140424534744960,work_d1e191187,official_cnw_v401,CNW,122,122,cnw_sources_v1,complete,1,1,1,0,1,1,0,1,1,0,1,1,1,0,1,0,"{""descriptive"": 1}","{""descriptive"": 1}",[],1,122,success,"[""No movements found"", ""No source references found"", ""No performance information found"", ""No external references found""]",True,False,1,568,success,"[""No movements found"", ""No source references found"", ""No performance information found"", ""No external references found""]",True,True,1,122,success,"[""No movements found"", ""No source references found"", ""No performance information found"", ""No external references found""]",True,False,PASS,
cnw0092.xml,fdab69359c638caabbc4df7ea4b11bef6a532e2eecadec8b4fd671efcbf63a2c,128180,92,mei_idm140665659146576,work_d1e830815,official_cnw_v401,CNW,123,123,cnw_sources_v1,complete,6,5,26,0,6,6,0,5,5,0,6,6,6,0,6,0,"{""descriptive"": 6}","{""descriptive"": 5}",[],1,123,success,"[""No movements found"", ""No source references found"", ""No external references found""]",True,False,1,569,success,"[""No movements found"", ""No source references found"", ""No external references found""]",True,True,1,123,success,"[""No movements found"", ""No source references found"", ""No external references found""]",True,False,PASS,
cnw0093.xml,22eed419ad5994fcc658c1f19cca24b6026f230a1556066c4989823446f16aae,17584,93,mei_idm139858317947216,work_d1e191187,official_cnw_v401,CNW,124,124,cnw_sources_v1,complete,1,1,1,0,1,1,0,1,1,0,1,1,1,0,1,0,"{""descriptive"": 1}","{""descriptive"": 1}",[],1,124,success,"[""No movements found"", ""No source references found"", ""No performance information found"", ""No external references found""]",True,False,1,570,success,"[""No movements found"", ""No source references found"", ""No performance information found"", ""No external references found""]",True,True,1,124,success,"[""No movements found"", ""No source references found"", ""No performance information found"", ""No external references found""]",True,False,PASS,
cnw0094.xml,e12a87efd4d683e23dc670577198620009a6ec5430778d753ae56701754fb2e2,16587,94,mei_idm140409316158272,work_d1e191187,official_cnw_v401,CNW,125,125,cnw_sources_v1,complete,1,1,1,0,1,1,0,1,1,0,1,1,1,0,1,0,"{""descriptive"": 1}","{""descriptive"": 1}",[],1,125,success,"[""No movements found"", ""No source references found"", ""No performance information found"", ""No external references found""]",True,False,1,571,success,"[""No movements found"", ""No source references found"", ""No performance information found"", ""No external references found""]",True,True,1,125,success,"[""No movements found"", ""No source references found"", ""No performance information found"", ""No external references found""]",True,False,PASS,
cnw0095.xml,a4e7ff2c4335bea79fb37b2e4e493f7f055fc27da2ebb9380f2c693164f80c4a,16775,95,mei_idm139723221346336,work_d1e239235,official_cnw_v401,CNW,126,126,cnw_sources_v1,complete,1,0,1,0,1,1,0,0,0,0,1,1,1,0,1,0,"{""descriptive"": 1}",{},[],1,126,success,"[""No movements found"", ""No source references found"", ""Skipped performance event with no supported direct values"", ""No external references found""]",True,False,1,572,success,"[""No movements found"", ""No source references found"", ""Skipped performance event with no supported direct values"", ""No external references found""]",True,True,1,126,success,"[""No movements found"", ""No source references found"", ""Skipped performance event with no supported direct values"", ""No external references found""]",True,False,PASS,
cnw0096.xml,0c61d41098245e62eaf98f93990fff7aa492b346ee173412970e6df0aed11f61,118265,96,mei_idm140061176885184,work_d1e10631044,official_cnw_v401,CNW,127,127,cnw_sources_v1,complete,8,8,30,0,8,8,0,8,8,0,7,7,7,0,7,0,"{""descriptive"": 8}","{""descriptive"": 8}",[],1,127,success,"[""No movements found"", ""No source references found"", ""No external references found""]",True,False,1,573,success,"[""No movements found"", ""No source references found"", ""No external references found""]",True,True,1,127,success,"[""No movements found"", ""No source references found"", ""No external references found""]",True,False,PASS,
cnw0097.xml,9cbb80c7a951685f1ddd8ecd5fd916b3ab7e7a6a7c3b138389c1c93700297a74,16688,97,mei_idm139684692977584,work_d1e242238,official_cnw_v401,CNW,128,128,cnw_sources_v1,complete,1,1,1,0,1,1,0,1,1,0,1,1,1,0,1,0,"{""descriptive"": 1}","{""descriptive"": 1}",[],1,128,success,"[""No movements found"", ""No source references found"", ""Skipped performance event with no supported direct values"", ""No external references found""]",True,False,1,574,success,"[""No movements found"", ""No source references found"", ""Skipped performance event with no supported direct values"", ""No external references found""]",True,True,1,128,success,"[""No movements found"", ""No source references found"", ""Skipped performance event with no supported direct values"", ""No external references found""]",True,False,PASS,
cnw0098.xml,935ea3af2c8ae2bf91f01f5d10e737226642f894a64e574665fdeb2031e92c41,24824,98,mei_idm139784424474048,work_d1e478470,official_cnw_v401,CNW,129,129,cnw_sources_v1,complete,3,3,3,0,3,3,0,3,3,0,3,3,3,0,3,0,"{""descriptive"": 3}","{""descriptive"": 3}",[],1,129,success,"[""No movements found"", ""No source references found"", ""Skipped performance event with no supported direct values"", ""No external references found""]",True,False,1,575,success,"[""No movements found"", ""No source references found"", ""Skipped performance event with no supported direct values"", ""No external references found""]",True,True,1,129,success,"[""No movements found"", ""No source references found"", ""Skipped performance event with no supported direct values"", ""No external references found""]",True,False,PASS,
cnw0099.xml,80bd58cda4760e400737205ac93cfba6ab9a125c3ab320b095140b7dfa530dd1,103503,99,mei_idm140578902441824,work_d1e11831162,official_cnw_v401,CNW,130,130,cnw_sources_v1,complete,9,9,1,0,9,9,0,9,9,0,9,9,9,0,9,0,"{""descriptive"": 9}","{""descriptive"": 9}",[],1,130,success,"[""No movements found"", ""No source references found"", ""No external references found""]",True,False,1,576,success,"[""No movements found"", ""No source references found"", ""No external references found""]",True,True,1,130,success,"[""No movements found"", ""No source references found"", ""No external references found""]",True,False,PASS,
cnw0100.xml,8460de7f39c6162f497e24e933336cc57b4737771df026e7f092264bc49f0af8,225493,100,mei_idm140558883760032,work_d1e191187,official_cnw_v401,CNW,131,131,cnw_sources_v1,complete,14,13,6,0,14,14,0,13,13,0,4,4,4,0,4,0,"{""descriptive"": 14}","{""descriptive"": 13}",[],1,131,success,"[""No movements found"", ""No source references found""]",True,False,1,577,success,"[""No movements found"", ""No source references found""]",True,True,1,131,success,"[""No movements found"", ""No source references found""]",True,False,PASS,
cnw0101.xml,9b1fd1e0661d49a5c42758cbd2a04b21dc096037726a141dae1013bc470f502e,123748,101,mei_idm139661168492880,work_d1e191187,official_cnw_v401,CNW,132,132,cnw_sources_v1,complete,7,7,3,0,7,7,0,7,7,0,1,1,1,0,1,0,"{""descriptive"": 7}","{""descriptive"": 7}",[],1,132,success,"[""No movements found"", ""No source references found"", ""Skipped performance event with no supported direct values"", ""No external references found""]",True,False,1,578,success,"[""No movements found"", ""No source references found"", ""Skipped performance event with no supported direct values"", ""No external references found""]",True,True,1,132,success,"[""No movements found"", ""No source references found"", ""Skipped performance event with no supported direct values"", ""No external references found""]",True,False,PASS,
cnw0102.xml,7bde05183e3dc77178baebf9453cea0ec260cdff49fedc3b50540122b3813eb9,156563,102,mei_idm139997768542032,work_d1e191187,official_cnw_v401,CNW,133,133,cnw_sources_v1,complete,6,4,9,0,6,6,0,4,4,0,3,3,3,0,3,0,"{""descriptive"": 6}","{""descriptive"": 4}",[],1,133,success,"[""No movements found"", ""No source references found"", ""No external references found""]",True,False,1,579,success,"[""No movements found"", ""No source references found"", ""No external references found""]",True,True,1,133,success,"[""No movements found"", ""No source references found"", ""No external references found""]",True,False,PASS,
cnw0103.xml,9eded81588a19b3f420e9f18855b17fff566c1d237706f7400055d82dbd4b33b,29672,103,mei_idm140010274799952,work_d1e191187,official_cnw_v401,CNW,134,134,cnw_sources_v1,complete,4,4,1,0,4,4,0,4,4,0,1,1,1,0,1,0,"{""descriptive"": 4}","{""descriptive"": 4}",[],1,134,success,"[""No movements found"", ""No source references found"", ""No external references found""]",True,False,1,580,success,"[""No movements found"", ""No source references found"", ""No external references found""]",True,True,1,134,success,"[""No movements found"", ""No source references found"", ""No external references found""]",True,False,PASS,
cnw0104.xml,3d569fbeaf93e07584695bb0d975b8210ac7fa08a7249eb1c389fb7d28d2d17d,44629,104,mei_idm140436751982864,work_d1e191187,official_cnw_v401,CNW,135,135,cnw_sources_v1,complete,6,5,4,0,6,6,0,5,5,0,1,1,1,0,1,0,"{""descriptive"": 6}","{""descriptive"": 5}",[],1,135,success,"[""No movements found"", ""No source references found"", ""No external references found""]",True,False,1,581,success,"[""No movements found"", ""No source references found"", ""No external references found""]",True,True,1,135,success,"[""No movements found"", ""No source references found"", ""No external references found""]",True,False,PASS,
cnw0105.xml,568e7a86c2563989a4ca1e96cbae7375cf66244cf40525295065bc97d8f075e9,134011,105,mei_idm140153176780640,work_d1e191187,official_cnw_v401,CNW,136,136,cnw_sources_v1,complete,13,12,8,0,13,13,0,12,12,0,1,1,1,0,1,0,"{""descriptive"": 13}","{""descriptive"": 12}",[],1,136,success,"[""No movements found"", ""No source references found"", ""No external references found""]",True,False,1,582,success,"[""No movements found"", ""No source references found"", ""No external references found""]",True,True,1,136,success,"[""No movements found"", ""No source references found"", ""No external references found""]",True,False,PASS,
cnw0106.xml,39b4b578519a6ba1dea484a38dae5231048c4f7fe253ec098b3c649c28c47dda,36020,106,mei_idm140254289883072,work_d1e191187,official_cnw_v401,CNW,137,137,cnw_sources_v1,complete,4,3,3,0,4,4,0,3,3,0,1,1,1,0,1,0,"{""descriptive"": 4}","{""descriptive"": 3}",[],1,137,success,"[""No movements found"", ""No source references found"", ""No external references found""]",True,False,1,583,success,"[""No movements found"", ""No source references found"", ""No external references found""]",True,True,1,137,success,"[""No movements found"", ""No source references found"", ""No external references found""]",True,False,PASS,
cnw0107.xml,a5f058ea3e6d35cb44a1ff50938096d47a34a94ad40bffc2bfeb6c3981dbd9af,106261,107,mei_idm140520990234048,work_d1e191187,official_cnw_v401,CNW,138,138,cnw_sources_v1,complete,13,11,11,0,13,13,0,11,11,0,4,4,4,0,4,0,"{""descriptive"": 13}","{""descriptive"": 11}",[],1,138,success,"[""No movements found"", ""No source references found"", ""No external references found""]",True,False,1,584,success,"[""No movements found"", ""No source references found"", ""No external references found""]",True,True,1,138,success,"[""No movements found"", ""No source references found"", ""No external references found""]",True,False,PASS,
cnw0108.xml,72a29e3e1421ff7f8c49211c1a031a52536fea6498743a1ac1878e225d1a2779,42271,108,mei_idm140105545668528,work_d1e191187,official_cnw_v401,CNW,139,139,cnw_sources_v1,complete,4,3,6,0,4,4,0,3,3,0,1,1,1,0,1,0,"{""descriptive"": 4}","{""descriptive"": 3}",[],1,139,success,"[""No movements found"", ""No source references found"", ""Skipped performance event with no supported direct values"", ""No external references found""]",True,False,1,585,success,"[""No movements found"", ""No source references found"", ""Skipped performance event with no supported direct values"", ""No external references found""]",True,True,1,139,success,"[""No movements found"", ""No source references found"", ""Skipped performance event with no supported direct values"", ""No external references found""]",True,False,PASS,
cnw0109.xml,3a18a33805260ca04543f3abf5f54fe1d80422ad19b6cc0fed775e1823cbb643,27653,109,mei_idm140593253167040,work_d1e191187,official_cnw_v401,CNW,140,140,cnw_sources_v1,complete,2,2,1,0,2,2,0,2,2,0,1,1,1,0,1,0,"{""descriptive"": 2}","{""descriptive"": 2}",[],1,140,success,"[""No movements found"", ""No source references found"", ""No external references found""]",True,False,1,586,success,"[""No movements found"", ""No source references found"", ""No external references found""]",True,True,1,140,success,"[""No movements found"", ""No source references found"", ""No external references found""]",True,False,PASS,
cnw0110.xml,5a5309ad7ddb7540c6acd01bd5d6c88f80e0301720211ee1d0fe95a7504e4b47,26915,110,mei_idm139825114126336,work_d1e191187,official_cnw_v401,CNW,141,141,cnw_sources_v1,complete,4,4,1,0,4,4,0,4,4,0,1,1,1,0,1,0,"{""descriptive"": 4}","{""descriptive"": 4}",[],1,141,success,"[""No movements found"", ""No source references found"", ""No external references found""]",True,False,1,587,success,"[""No movements found"", ""No source references found"", ""No external references found""]",True,True,1,141,success,"[""No movements found"", ""No source references found"", ""No external references found""]",True,False,PASS,
cnw0111.xml,04fb2517553b51a71ea1e0a47caa82879c774179baad650012fdd8e88835cec2,84604,111,mei_idm139862332110784,work_d1e191187,official_cnw_v401,CNW,142,142,cnw_sources_v1,complete,10,9,13,0,10,10,0,9,9,0,2,2,2,0,2,0,"{""descriptive"": 10}","{""descriptive"": 9}",[],1,142,success,"[""No movements found"", ""No source references found"", ""No external references found""]",True,False,1,588,success,"[""No movements found"", ""No source references found"", ""No external references found""]",True,True,1,142,success,"[""No movements found"", ""No source references found"", ""No external references found""]",True,False,PASS,
cnw0112.xml,84c1b9d151b99e4d41479a828fe825f3798a6773ae58439ed2e768989c26c9d7,172279,112,mei_idm139967907932096,work_d1e191187,official_cnw_v401,CNW,143,143,cnw_sources_v1,complete,13,13,6,0,13,13,0,13,13,0,13,13,13,0,13,0,"{""descriptive"": 13}","{""descriptive"": 13}",[],1,143,success,"[""No movements found"", ""No source references found"", ""No external references found""]",True,False,1,589,success,"[""No movements found"", ""No source references found"", ""No external references found""]",True,True,1,143,success,"[""No movements found"", ""No source references found"", ""No external references found""]",True,False,PASS,
cnw0113.xml,364aa4fb0030aeabf1ac7956b63e6d3b2fb62dbabf20afb058c609b2a2f86b56,62860,113,mei_idm140306430046544,work_d1e191187,official_cnw_v401,CNW,144,144,cnw_sources_v1,complete,7,7,1,0,7,7,0,7,7,0,1,1,1,0,1,0,"{""descriptive"": 7}","{""descriptive"": 7}",[],1,144,success,"[""No movements found"", ""No source references found"", ""No external references found""]",True,False,1,590,success,"[""No movements found"", ""No source references found"", ""No external references found""]",True,True,1,144,success,"[""No movements found"", ""No source references found"", ""No external references found""]",True,False,PASS,
cnw0114.xml,659bc731d34e82b16e7df48d8a6ca0c64b2f222721df2a3e440be3b000b19591,77647,114,mei_idm139965094056272,work_d1e191187,official_cnw_v401,CNW,145,145,cnw_sources_v1,complete,9,9,6,0,9,9,0,9,9,0,3,3,3,0,3,0,"{""descriptive"": 9}","{""descriptive"": 9}",[],1,145,success,"[""No movements found"", ""No source references found"", ""No external references found""]",True,False,1,591,success,"[""No movements found"", ""No source references found"", ""No external references found""]",True,True,1,145,success,"[""No movements found"", ""No source references found"", ""No external references found""]",True,False,PASS,
cnw0115.xml,f0cb77861d327d78c5667b3a3ea12bba9a197461b667001054fb219ac9b15c97,43865,115,mei_idm139892616431552,work_d1e191187,official_cnw_v401,CNW,146,146,cnw_sources_v1,complete,8,8,4,0,8,8,0,8,8,0,1,1,1,0,1,0,"{""descriptive"": 8}","{""descriptive"": 8}",[],1,146,success,"[""No movements found"", ""No source references found"", ""No external references found""]",True,False,1,592,success,"[""No movements found"", ""No source references found"", ""No external references found""]",True,True,1,146,success,"[""No movements found"", ""No source references found"", ""No external references found""]",True,False,PASS,
cnw0116.xml,b19a52b85df1f1bb9f6ff0a1b7d3f9e5e5dce82132969f9ee5a276e930f1eefe,79623,116,mei_idm140219470676304,work_d1e191187,official_cnw_v401,CNW,147,147,cnw_sources_v1,complete,6,2,1,0,6,6,0,2,2,0,2,2,2,0,2,0,"{""descriptive"": 6}","{""descriptive"": 2}",[],1,147,success,"[""No movements found"", ""No source references found""]",True,False,1,593,success,"[""No movements found"", ""No source references found""]",True,True,1,147,success,"[""No movements found"", ""No source references found""]",True,False,PASS,
cnw0117.xml,6c3aefdcc319698c2fd5fc870f2935b7b5b4631bb24f52ad5e045b7518a54d39,90017,117,mei_idm140255327502208,work_d1e191187,official_cnw_v401,CNW,148,148,cnw_sources_v1,complete,5,1,1,0,5,5,0,1,1,0,2,2,2,0,2,0,"{""descriptive"": 5}","{""descriptive"": 1}",[],1,148,success,"[""No movements found"", ""No source references found""]",True,False,1,594,success,"[""No movements found"", ""No source references found""]",True,True,1,148,success,"[""No movements found"", ""No source references found""]",True,False,PASS,
cnw0118.xml,1fe100765e7719eafee030bf4ae8a37deae33e27a26f78767824ddbded33e41c,42839,118,mei_idm140094262706512,work_d1e191187,official_cnw_v401,CNW,149,149,cnw_sources_v1,complete,4,1,1,0,4,4,0,1,1,0,0,0,0,0,0,0,"{""descriptive"": 4}","{""descriptive"": 1}",[],1,149,success,"[""No movements found"", ""No source references found"", ""Skipped performance event with no supported direct values""]",True,False,1,595,success,"[""No movements found"", ""No source references found"", ""Skipped performance event with no supported direct values""]",True,True,1,149,success,"[""No movements found"", ""No source references found"", ""Skipped performance event with no supported direct values""]",True,False,PASS,
cnw0119.xml,1700f06a210fc451b97e92f5fa478bf6b1b0d9033a6366d80ec98edb383bbff2,90077,119,mei_idm140401099712544,work_d1e191187,official_cnw_v401,CNW,150,150,cnw_sources_v1,complete,7,2,1,0,7,7,0,2,2,0,3,3,3,0,3,0,"{""descriptive"": 7}","{""descriptive"": 2}",[],1,150,success,"[""No movements found"", ""No source references found""]",True,False,1,596,success,"[""No movements found"", ""No source references found""]",True,True,1,150,success,"[""No movements found"", ""No source references found""]",True,False,PASS,
cnw0120.xml,d3cd4c52554ba787bd8645830d0e8d5c56a9dadeaa1106974051571054c33096,55952,120,mei_idm139772857857760,work_d1e191187,official_cnw_v401,CNW,151,151,cnw_sources_v1,complete,5,1,1,0,5,5,0,1,1,0,2,2,2,0,2,0,"{""descriptive"": 5}","{""descriptive"": 1}",[],1,151,success,"[""No movements found"", ""No source references found""]",True,False,1,597,success,"[""No movements found"", ""No source references found""]",True,True,1,151,success,"[""No movements found"", ""No source references found""]",True,False,PASS,
cnw0121.xml,5853c8ad5b513676912d023ddc8b929eb8701cf8eb15ecc04de5fc1c9367d38d,116855,121,mei_idm139913511745248,work_d1e191187,official_cnw_v401,CNW,152,152,cnw_sources_v1,complete,5,1,1,0,5,5,0,1,1,0,2,2,2,0,2,0,"{""descriptive"": 5}","{""descriptive"": 1}",[],1,152,success,"[""No movements found"", ""No source references found"", ""Skipped performance event with no supported direct values""]",True,False,1,598,success,"[""No movements found"", ""No source references found"", ""Skipped performance event with no supported direct values""]",True,True,1,152,success,"[""No movements found"", ""No source references found"", ""Skipped performance event with no supported direct values""]",True,False,PASS,
cnw0122.xml,4596173f0ac308de03c39fdaaa871d659b772578757c007fecce59384b4c5543,35951,122,mei_idm140443595329808,work_d1e191187,official_cnw_v401,CNW,153,153,cnw_sources_v1,complete,4,1,1,0,4,4,0,1,1,0,1,1,1,0,1,0,"{""descriptive"": 4}","{""descriptive"": 1}",[],1,153,success,"[""No movements found"", ""No source references found""]",True,False,1,599,success,"[""No movements found"", ""No source references found""]",True,True,1,153,success,"[""No movements found"", ""No source references found""]",True,False,PASS,
cnw0123.xml,2993757b85fbf1168ccdbcfcd842f1f3cc803dab948fe9bf64fb3344afb67e78,153300,123,mei_idm140297646966816,work_d1e191187,official_cnw_v401,CNW,154,154,cnw_sources_v1,complete,6,2,1,0,6,6,0,2,2,0,2,2,2,0,2,0,"{""descriptive"": 6}","{""descriptive"": 2}",[],1,154,success,"[""No movements found"", ""No source references found""]",True,False,1,600,success,"[""No movements found"", ""No source references found""]",True,True,1,154,success,"[""No movements found"", ""No source references found""]",True,False,PASS,
cnw0124.xml,1e42b1d1de944b65f42f237fdcbda33faa931f6f338c98c9fee6b0041965d00d,77874,124,mei_idm139794713628448,work_d1e191187,official_cnw_v401,CNW,155,155,cnw_sources_v1,complete,4,0,1,0,4,4,0,0,0,0,2,2,2,0,2,0,"{""descriptive"": 4}",{},[],1,155,success,"[""No movements found"", ""No source references found""]",True,False,1,601,success,"[""No movements found"", ""No source references found""]",True,True,1,155,success,"[""No movements found"", ""No source references found""]",True,False,PASS,
cnw0125.xml,9a82619113f0cab74e46e8156db6165f74017afbeb9dee14fe2bf0bc5194ccd5,80431,125,mei_idm139659101343616,work_d1e191187,official_cnw_v401,CNW,156,156,cnw_sources_v1,complete,4,1,1,0,4,4,0,1,1,0,1,1,1,0,1,0,"{""descriptive"": 4}","{""descriptive"": 1}",[],1,156,success,"[""No movements found"", ""No source references found""]",True,False,1,602,success,"[""No movements found"", ""No source references found""]",True,True,1,156,success,"[""No movements found"", ""No source references found""]",True,False,PASS,
cnw0126.xml,ff9acfbb0ef33fa486ee1e21f69d7f9d15f35b6fd56b1c4cfce6bd809aab8275,175854,126,mei_idm140026882459680,work_d1e191187,official_cnw_v401,CNW,157,157,cnw_sources_v1,complete,3,1,1,0,3,3,0,1,1,0,1,1,1,0,1,0,"{""descriptive"": 3}","{""descriptive"": 1}",[],1,157,success,"[""No movements found"", ""No source references found"", ""Skipped performance event with no supported direct values""]",True,False,1,603,success,"[""No movements found"", ""No source references found"", ""Skipped performance event with no supported direct values""]",True,True,1,157,success,"[""No movements found"", ""No source references found"", ""Skipped performance event with no supported direct values""]",True,False,PASS,
cnw0127.xml,7f17b6c7044a989cf2b55a6e5ff0d2b68417325cfb19066b27bb64563fc23f3a,33498,127,mei_idm140103682498496,work_d1e191187,official_cnw_v401,CNW,158,158,cnw_sources_v1,complete,3,2,1,0,3,3,0,2,2,0,0,0,0,0,0,0,"{""descriptive"": 3}","{""descriptive"": 2}",[],1,158,success,"[""No movements found"", ""No source references found""]",True,False,1,604,success,"[""No movements found"", ""No source references found""]",True,True,1,158,success,"[""No movements found"", ""No source references found""]",True,False,PASS,
cnw0128.xml,4c6ff8476c288f3437e82f6e48e46bfee4a77a6864fdc595146b8e1e5d365a77,52975,128,mei_idm140219089909760,work_d1e191187,official_cnw_v401,CNW,159,159,cnw_sources_v1,complete,2,1,1,0,2,2,0,1,1,0,0,0,0,0,0,0,"{""descriptive"": 2}","{""descriptive"": 1}",[],1,159,success,"[""No movements found"", ""No source references found""]",True,False,1,605,success,"[""No movements found"", ""No source references found""]",True,True,1,159,success,"[""No movements found"", ""No source references found""]",True,False,PASS,
cnw0129.xml,469f502afe6cad54accb618709cf585c07d00a81b802da7e14b85bc99d5fa5c9,177319,129,mei_idm140027018022848,work_d1e191187,official_cnw_v401,CNW,160,160,cnw_sources_v1,complete,8,4,2,0,8,8,0,4,4,0,8,8,8,0,8,0,"{""descriptive"": 7, ""label_or_link_stub"": 1}","{""descriptive"": 4}",[],1,160,success,"[""No movements found"", ""No source references found""]",True,False,1,606,success,"[""No movements found"", ""No source references found""]",True,True,1,160,success,"[""No movements found"", ""No source references found""]",True,False,PASS,
cnw0130.xml,651092034121a52900462917cf5e41e65b7c52b76e0cb488e7f0fdfb6ab9eaba,62960,130,mei_idm140181082800064,work_d1e191187,official_cnw_v401,CNW,161,161,cnw_sources_v1,complete,3,2,1,0,3,3,0,2,2,0,0,0,0,0,0,0,"{""descriptive"": 3}","{""descriptive"": 2}",[],1,161,success,"[""No movements found"", ""No source references found""]",True,False,1,607,success,"[""No movements found"", ""No source references found""]",True,True,1,161,success,"[""No movements found"", ""No source references found""]",True,False,PASS,
cnw0131.xml,53bd5ab7fab4f56783be5615c61012f31f1af39e0828c5d5cad7f26d0b8d910f,41894,131,mei_idm139671160438656,work_d1e191187,official_cnw_v401,CNW,162,162,cnw_sources_v1,complete,3,2,1,0,3,3,0,2,2,0,0,0,0,0,0,0,"{""descriptive"": 3}","{""descriptive"": 2}",[],1,162,success,"[""No movements found"", ""No source references found""]",True,False,1,608,success,"[""No movements found"", ""No source references found""]",True,True,1,162,success,"[""No movements found"", ""No source references found""]",True,False,PASS,
cnw0132.xml,4ea321e6690bcc5dcf2e3c9a5f8837410a2ef9e62067449776a530848cf18dde,32862,132,mei_idm140685125783888,work_d1e191187,official_cnw_v401,CNW,163,163,cnw_sources_v1,complete,3,2,1,0,3,3,0,2,2,0,1,1,1,0,1,0,"{""descriptive"": 3}","{""descriptive"": 2}",[],1,163,success,"[""No movements found"", ""No source references found"", ""Skipped performance event with no supported direct values""]",True,False,1,609,success,"[""No movements found"", ""No source references found"", ""Skipped performance event with no supported direct values""]",True,True,1,163,success,"[""No movements found"", ""No source references found"", ""Skipped performance event with no supported direct values""]",True,False,PASS,
cnw0133.xml,778a5d3e66bf40032b0e21d3d9684a6015ec390a4bf736186fa19423324b47f6,23821,133,mei_idm140185430175680,work_d1e191187,official_cnw_v401,CNW,164,164,cnw_sources_v1,complete,2,1,1,0,2,2,0,1,1,0,1,1,1,0,1,0,"{""descriptive"": 2}","{""descriptive"": 1}",[],1,164,success,"[""No movements found"", ""No source references found"", ""Skipped performance event with no supported direct values""]",True,False,1,610,success,"[""No movements found"", ""No source references found"", ""Skipped performance event with no supported direct values""]",True,True,1,164,success,"[""No movements found"", ""No source references found"", ""Skipped performance event with no supported direct values""]",True,False,PASS,
cnw0134.xml,6a339d52a6c70bc52a7a86b00adc13dba21935c08d482fb73c24ca2d9ac96c50,23805,134,mei_idm139828305051984,work_d1e191187,official_cnw_v401,CNW,165,165,cnw_sources_v1,complete,2,1,1,0,2,2,0,1,1,0,0,0,0,0,0,0,"{""descriptive"": 2}","{""descriptive"": 1}",[],1,165,success,"[""No movements found"", ""No source references found"", ""Skipped performance event with no supported direct values""]",True,False,1,611,success,"[""No movements found"", ""No source references found"", ""Skipped performance event with no supported direct values""]",True,True,1,165,success,"[""No movements found"", ""No source references found"", ""Skipped performance event with no supported direct values""]",True,False,PASS,
cnw0135.xml,e4205ffae09337d423021ecb2954d0cd0036fec5da3b094ba5f8456f30c65727,43569,135,mei_idm139724024623040,work_d1e191187,official_cnw_v401,CNW,166,166,cnw_sources_v1,complete,4,2,1,0,4,4,0,2,2,0,2,2,2,0,2,0,"{""descriptive"": 4}","{""descriptive"": 2}",[],1,166,success,"[""No movements found"", ""No source references found""]",True,False,1,612,success,"[""No movements found"", ""No source references found""]",True,True,1,166,success,"[""No movements found"", ""No source references found""]",True,False,PASS,
cnw0136.xml,f7329c9270f00a50727ba5552a4f0e32fcd45cd7803dd6b71c85f311a80f5898,39427,136,mei_idm140365090836256,work_d1e191187,official_cnw_v401,CNW,167,167,cnw_sources_v1,complete,4,2,1,0,4,4,0,2,2,0,0,0,0,0,0,0,"{""descriptive"": 4}","{""descriptive"": 2}",[],1,167,success,"[""No movements found"", ""No source references found""]",True,False,1,613,success,"[""No movements found"", ""No source references found""]",True,True,1,167,success,"[""No movements found"", ""No source references found""]",True,False,PASS,
cnw0137.xml,d8c3a29e02991f9b7d08b64dc97c3577f44a5a027b6664082a88eab8c3274628,258979,137,mei_idm140617534070528,work_d1e191187,official_cnw_v401,CNW,168,168,cnw_sources_v1,complete,9,2,3,0,9,9,0,2,2,0,9,9,9,0,9,0,"{""descriptive"": 9}","{""descriptive"": 2}",[],1,168,success,"[""No movements found"", ""No source references found""]",True,False,1,614,success,"[""No movements found"", ""No source references found""]",True,True,1,168,success,"[""No movements found"", ""No source references found""]",True,False,PASS,
cnw0138.xml,2ef9e4637dec9764455de59e8da573f27fd08407972f2ba84f4c36099bce39ee,146778,138,mei_idm140036512907040,work_d1e191187,official_cnw_v401,CNW,169,169,cnw_sources_v1,complete,9,7,2,0,9,9,0,7,7,0,9,9,9,0,9,0,"{""descriptive"": 9}","{""descriptive"": 7}",[],1,169,success,"[""No movements found"", ""No source references found""]",True,False,1,615,success,"[""No movements found"", ""No source references found""]",True,True,1,169,success,"[""No movements found"", ""No source references found""]",True,False,PASS,
cnw0139.xml,12cfed8872344a571e27f5efa0cfb8f6621d3088a88018f4bd76479eda74aac9,59201,139,mei_idm139707420406000,work_d1e191187,official_cnw_v401,CNW,170,170,cnw_sources_v1,complete,3,2,1,0,3,3,0,2,2,0,0,0,0,0,0,0,"{""descriptive"": 3}","{""descriptive"": 2}",[],1,170,success,"[""No movements found"", ""No source references found""]",True,False,1,616,success,"[""No movements found"", ""No source references found""]",True,True,1,170,success,"[""No movements found"", ""No source references found""]",True,False,PASS,
cnw0140.xml,338f4b3c3eacff94d1b72581bfa7c81892196f0f5213264e52c2e17723295ad5,49539,140,mei_idm140192644411328,work_d1e191187,official_cnw_v401,CNW,171,171,cnw_sources_v1,complete,4,2,2,0,4,4,0,2,2,0,4,4,4,0,4,0,"{""descriptive"": 3, ""label_or_link_stub"": 1}","{""descriptive"": 2}",[],1,171,success,"[""No movements found"", ""No source references found""]",True,False,1,617,success,"[""No movements found"", ""No source references found""]",True,True,1,171,success,"[""No movements found"", ""No source references found""]",True,False,PASS,
cnw0141.xml,fc434b6b618ab8949eec480c05baf55e1bcf95738b14b38d482e361bb1264d9e,48052,141,mei_idm139715263062352,work_d1e191187,official_cnw_v401,CNW,172,172,cnw_sources_v1,complete,3,2,1,0,3,3,0,2,2,0,0,0,0,0,0,0,"{""descriptive"": 3}","{""descriptive"": 2}",[],1,172,success,"[""No movements found"", ""No source references found""]",True,False,1,618,success,"[""No movements found"", ""No source references found""]",True,True,1,172,success,"[""No movements found"", ""No source references found""]",True,False,PASS,
cnw0142.xml,6eb573fcf5826b8dc86d119189ee18b9389ad858868ff488592e839ef5c58e6d,22821,142,mei_idm140729214081056,work_d1e191187,official_cnw_v401,CNW,173,173,cnw_sources_v1,complete,2,1,1,0,2,2,0,1,1,0,0,0,0,0,0,0,"{""descriptive"": 2}","{""descriptive"": 1}",[],1,173,success,"[""No movements found"", ""No source references found""]",True,False,1,619,success,"[""No movements found"", ""No source references found""]",True,True,1,173,success,"[""No movements found"", ""No source references found""]",True,False,PASS,
cnw0143.xml,ca47186a5ab9e479ef0b35d113b94bb13bb2565a908a432a46c479c756d11526,30859,143,mei_idm140323372410592,work_d1e191187,official_cnw_v401,CNW,174,174,cnw_sources_v1,complete,3,2,2,0,3,3,0,2,2,0,3,3,3,0,3,0,"{""descriptive"": 3}","{""descriptive"": 2}",[],1,174,success,"[""No movements found"", ""No source references found""]",True,False,1,620,success,"[""No movements found"", ""No source references found""]",True,True,1,174,success,"[""No movements found"", ""No source references found""]",True,False,PASS,
cnw0144.xml,2316a864af1cd4cbb1593a04c1ac7694b01b6198fce70eefffd1c098a425c37b,19289,144,mei_idm139727568429328,work_d1e191187,official_cnw_v401,CNW,175,175,cnw_sources_v1,complete,1,0,1,0,1,1,0,0,0,0,0,0,0,0,0,0,"{""descriptive"": 1}",{},[],1,175,success,"[""No movements found"", ""No source references found"", ""No performance information found""]",True,False,1,621,success,"[""No movements found"", ""No source references found"", ""No performance information found""]",True,True,1,175,success,"[""No movements found"", ""No source references found"", ""No performance information found""]",True,False,PASS,
cnw0145.xml,8c9989eb073b12b7e921b1925dc6056c06c38773121781c58446aac100e90778,25703,145,mei_idm140543417333472,work_d1e191187,official_cnw_v401,CNW,176,176,cnw_sources_v1,complete,2,1,1,0,2,2,0,1,1,0,0,0,0,0,0,0,"{""descriptive"": 2}","{""descriptive"": 1}",[],1,176,success,"[""No movements found"", ""No source references found""]",True,False,1,622,success,"[""No movements found"", ""No source references found""]",True,True,1,176,success,"[""No movements found"", ""No source references found""]",True,False,PASS,
cnw0146.xml,301214a3ce78c01af542e3ce08beb51ecbe89ca23c74e024a9243258aadf0564,84724,146,mei_idm140268212035360,work_d1e191187,official_cnw_v401,CNW,177,177,cnw_sources_v1,complete,10,2,4,0,10,10,0,2,2,0,10,10,10,0,10,0,"{""descriptive"": 10}","{""descriptive"": 2}",[],1,177,success,"[""No movements found"", ""No source references found""]",True,False,1,623,success,"[""No movements found"", ""No source references found""]",True,True,1,177,success,"[""No movements found"", ""No source references found""]",True,False,PASS,
cnw0147.xml,fefa1f99595415ad8f0a82ba367e424bd04f16383a05bd4f51fca435ccf9d56e,74149,147,mei_idm139671925954272,work_d1e191187,official_cnw_v401,CNW,178,178,cnw_sources_v1,complete,6,1,3,0,6,6,0,1,1,0,6,6,6,0,6,0,"{""descriptive"": 6}","{""descriptive"": 1}",[],1,178,success,"[""No movements found"", ""No source references found""]",True,False,1,624,success,"[""No movements found"", ""No source references found""]",True,True,1,178,success,"[""No movements found"", ""No source references found""]",True,False,PASS,
cnw0148.xml,26a6ec84b99208aa862dc2e7f30ef9b3255b723248f33edbd5bee7287c6c7eb5,21546,148,mei_idm140702651031888,work_d1e191187,official_cnw_v401,CNW,179,179,cnw_sources_v1,complete,1,0,1,0,1,1,0,0,0,0,0,0,0,0,0,0,"{""descriptive"": 1}",{},[],1,179,success,"[""No movements found"", ""No source references found""]",True,False,1,625,success,"[""No movements found"", ""No source references found""]",True,True,1,179,success,"[""No movements found"", ""No source references found""]",True,False,PASS,
cnw0149.xml,df28f6fad3a36a14f6d9dc9f1b8ec6b9496489d237a32e47ad91e028dc7b7b34,26495,149,mei_idm140589385678688,work_d1e191187,official_cnw_v401,CNW,180,180,cnw_sources_v1,complete,1,0,1,0,1,1,0,0,0,0,0,0,0,0,0,0,"{""descriptive"": 1}",{},[],1,180,success,"[""No movements found"", ""No source references found""]",True,False,1,626,success,"[""No movements found"", ""No source references found""]",True,True,1,180,success,"[""No movements found"", ""No source references found""]",True,False,PASS,
cnw0150.xml,1557f8a0232ee2eb612302e5be0b087f5a4774b4fb8a2af37570325418a78cd5,87046,150,mei_idm140572171356192,work_d1e191187,official_cnw_v401,CNW,181,181,cnw_sources_v1,complete,1,0,1,0,1,1,0,0,0,0,0,0,0,0,0,0,"{""descriptive"": 1}",{},[],1,181,success,"[""No movements found"", ""No source references found""]",True,False,1,627,success,"[""No movements found"", ""No source references found""]",True,True,1,181,success,"[""No movements found"", ""No source references found""]",True,False,PASS,
cnw0151.xml,0c89c8f3b1fdca6f73b91efe2ab1ff3da3b598aaa829644fdcb70bef7766a61e,35012,151,mei_idm140463615647680,work_d1e191187,official_cnw_v401,CNW,182,182,cnw_sources_v1,complete,7,0,2,0,7,7,0,0,0,0,7,7,7,0,7,0,"{""descriptive"": 1, ""label_or_link_stub"": 6}",{},[],1,182,success,"[""No movements found"", ""No source references found""]",True,False,1,628,success,"[""No movements found"", ""No source references found""]",True,True,1,182,success,"[""No movements found"", ""No source references found""]",True,False,PASS,
cnw0152.xml,3fbf7f0f8c8ccac69630b647e34d90e0566b27681501e2e7ff0a3f2da077ef61,36630,152,mei_idm139972619306432,work_d1e191187,official_cnw_v401,CNW,183,183,cnw_sources_v1,complete,6,4,1,0,6,6,0,4,4,0,5,5,5,0,5,0,"{""descriptive"": 6}","{""descriptive"": 4}",[],1,183,success,"[""No movements found"", ""No source references found"", ""No external references found""]",True,False,1,629,success,"[""No movements found"", ""No source references found"", ""No external references found""]",True,True,1,183,success,"[""No movements found"", ""No source references found"", ""No external references found""]",True,False,PASS,
cnw0153.xml,cbdc2ed7021f5da46749ba27da62ea86431a384cd204d9a2cd58382dfd794398,40669,153,mei_idm140125094346992,work_d1e191187,official_cnw_v401,CNW,184,184,cnw_sources_v1,complete,4,4,2,0,4,4,0,4,4,0,4,4,4,0,4,0,"{""descriptive"": 4}","{""descriptive"": 4}",[],1,184,success,"[""No movements found"", ""No source references found""]",True,False,1,630,success,"[""No movements found"", ""No source references found""]",True,True,1,184,success,"[""No movements found"", ""No source references found""]",True,False,PASS,
cnw0154.xml,8291b71a892d51f27bd4934ae08288fe588a0a9893eaa2186acc45426133ca34,44284,154,mei_idm140396609468336,work_d1e191187,official_cnw_v401,CNW,185,185,cnw_sources_v1,complete,7,6,2,0,7,7,0,6,6,0,7,7,7,0,7,0,"{""descriptive"": 7}","{""descriptive"": 6}",[],1,185,success,"[""No movements found"", ""No source references found""]",True,False,1,631,success,"[""No movements found"", ""No source references found""]",True,True,1,185,success,"[""No movements found"", ""No source references found""]",True,False,PASS,
cnw0155.xml,4ff880b5964862f175cad38c1dc663d8c8677732ec7b19b16733aea3521cdc82,25837,155,mei_idm139886622547808,work_d1e191187,official_cnw_v401,CNW,186,186,cnw_sources_v1,complete,3,3,1,0,3,3,0,3,3,0,0,0,0,0,0,0,"{""descriptive"": 3}","{""descriptive"": 3}",[],1,186,success,"[""No movements found"", ""No source references found"", ""Skipped performance event with no supported direct values""]",True,False,1,632,success,"[""No movements found"", ""No source references found"", ""Skipped performance event with no supported direct values""]",True,True,1,186,success,"[""No movements found"", ""No source references found"", ""Skipped performance event with no supported direct values""]",True,False,PASS,
cnw0156.xml,a24e05fefe0c8f4e78ad6025f646f87f5976430186c1f7484a27d61a94dc517a,26417,156,mei_idm139814709653776,work_d1e191187,official_cnw_v401,CNW,187,187,cnw_sources_v1,complete,4,4,1,0,4,4,0,4,4,0,0,0,0,0,0,0,"{""descriptive"": 4}","{""descriptive"": 4}",[],1,187,success,"[""No movements found"", ""No source references found"", ""Skipped performance event with no supported direct values""]",True,False,1,633,success,"[""No movements found"", ""No source references found"", ""Skipped performance event with no supported direct values""]",True,True,1,187,success,"[""No movements found"", ""No source references found"", ""Skipped performance event with no supported direct values""]",True,False,PASS,
cnw0157.xml,eb680f704dbbb0f6658521509bcb65c32d359adec7fefeb804cebfe52d8c6c70,30761,157,mei_idm139862825095104,work_d1e191187,official_cnw_v401,CNW,188,188,cnw_sources_v1,complete,4,4,1,0,4,4,0,4,4,0,0,0,0,0,0,0,"{""descriptive"": 4}","{""descriptive"": 4}",[],1,188,success,"[""No movements found"", ""No source references found"", ""Skipped performance event with no supported direct values""]",True,False,1,634,success,"[""No movements found"", ""No source references found"", ""Skipped performance event with no supported direct values""]",True,True,1,188,success,"[""No movements found"", ""No source references found"", ""Skipped performance event with no supported direct values""]",True,False,PASS,
cnw0158.xml,cb395af60698e427a65d777c2000b3a0263ef1b955e9c67bf18283770bb93d3b,27460,158,mei_idm140603799681056,work_d1e191187,official_cnw_v401,CNW,189,189,cnw_sources_v1,complete,3,3,1,0,3,3,0,3,3,0,0,0,0,0,0,0,"{""descriptive"": 3}","{""descriptive"": 3}",[],1,189,success,"[""No movements found"", ""No source references found"", ""Skipped performance event with no supported direct values""]",True,False,1,635,success,"[""No movements found"", ""No source references found"", ""Skipped performance event with no supported direct values""]",True,True,1,189,success,"[""No movements found"", ""No source references found"", ""Skipped performance event with no supported direct values""]",True,False,PASS,
cnw0159.xml,78feecfd695cc73457d6e2019fdbc6d1ac2d835b0c53ff081481db84a75213fd,28201,159,mei_idm139791644340160,work_d1e191187,official_cnw_v401,CNW,190,190,cnw_sources_v1,complete,4,4,1,0,4,4,0,4,4,0,0,0,0,0,0,0,"{""descriptive"": 4}","{""descriptive"": 4}",[],1,190,success,"[""No movements found"", ""No source references found"", ""Skipped performance event with no supported direct values""]",True,False,1,636,success,"[""No movements found"", ""No source references found"", ""Skipped performance event with no supported direct values""]",True,True,1,190,success,"[""No movements found"", ""No source references found"", ""Skipped performance event with no supported direct values""]",True,False,PASS,
cnw0160.xml,adff22e4b40ada64eac88c68b76190bd83f36e0040da58fe2960161049b06173,30296,160,mei_idm140209821098320,work_d1e191187,official_cnw_v401,CNW,191,191,cnw_sources_v1,complete,4,4,1,0,4,4,0,4,4,0,0,0,0,0,0,0,"{""descriptive"": 4}","{""descriptive"": 4}",[],1,191,success,"[""No movements found"", ""No source references found"", ""Skipped performance event with no supported direct values""]",True,False,1,637,success,"[""No movements found"", ""No source references found"", ""Skipped performance event with no supported direct values""]",True,True,1,191,success,"[""No movements found"", ""No source references found"", ""Skipped performance event with no supported direct values""]",True,False,PASS,
cnw0161.xml,f6fb9ccb1475fb3f0b6100682b72a1fbf275d665c348520fe81649e72191b2d0,28824,161,mei_idm139814251792320,work_d1e191187,official_cnw_v401,CNW,192,192,cnw_sources_v1,complete,4,4,1,0,4,4,0,4,4,0,0,0,0,0,0,0,"{""descriptive"": 4}","{""descriptive"": 4}",[],1,192,success,"[""No movements found"", ""No source references found"", ""Skipped performance event with no supported direct values""]",True,False,1,638,success,"[""No movements found"", ""No source references found"", ""Skipped performance event with no supported direct values""]",True,True,1,192,success,"[""No movements found"", ""No source references found"", ""Skipped performance event with no supported direct values""]",True,False,PASS,
cnw0162.xml,e650b2d7c549f04529caeb0fb6402c9e64af610e9d0eddb6d14204384e0193ba,27929,162,mei_idm140084694617952,work_d1e191187,official_cnw_v401,CNW,193,193,cnw_sources_v1,complete,4,4,1,0,4,4,0,4,4,0,0,0,0,0,0,0,"{""descriptive"": 4}","{""descriptive"": 4}",[],1,193,success,"[""No movements found"", ""No source references found"", ""Skipped performance event with no supported direct values""]",True,False,1,639,success,"[""No movements found"", ""No source references found"", ""Skipped performance event with no supported direct values""]",True,True,1,193,success,"[""No movements found"", ""No source references found"", ""Skipped performance event with no supported direct values""]",True,False,PASS,
cnw0163.xml,4caced5316839de76e63a2bff99b698567675ec357e76e7d591b4dec40de5610,33889,163,mei_idm140115270491936,work_d1e191187,official_cnw_v401,CNW,194,194,cnw_sources_v1,complete,4,4,1,0,4,4,0,4,4,0,0,0,0,0,0,0,"{""descriptive"": 4}","{""descriptive"": 4}",[],1,194,success,"[""No movements found"", ""No source references found"", ""Skipped performance event with no supported direct values""]",True,False,1,640,success,"[""No movements found"", ""No source references found"", ""Skipped performance event with no supported direct values""]",True,True,1,194,success,"[""No movements found"", ""No source references found"", ""Skipped performance event with no supported direct values""]",True,False,PASS,
cnw0164.xml,d5ee9ca3f4da4da4a9d09c2f2dc02ab688088eeba0b45c4bdd3ca723b684924c,35218,164,mei_idm140531253221312,work_d1e191187,official_cnw_v401,CNW,195,195,cnw_sources_v1,complete,4,4,1,0,4,4,0,4,4,0,0,0,0,0,0,0,"{""descriptive"": 4}","{""descriptive"": 4}",[],1,195,success,"[""No movements found"", ""No source references found"", ""Skipped performance event with no supported direct values""]",True,False,1,641,success,"[""No movements found"", ""No source references found"", ""Skipped performance event with no supported direct values""]",True,True,1,195,success,"[""No movements found"", ""No source references found"", ""Skipped performance event with no supported direct values""]",True,False,PASS,
cnw0165.xml,225596e13a21bf4803ee77d4c8326d29d6af34475ae9d4a06f8c7221ee5c97dd,61937,165,mei_idm140415111413632,work_d1e191187,official_cnw_v401,CNW,196,196,cnw_sources_v1,complete,6,5,1,0,6,6,0,5,5,0,0,0,0,0,0,0,"{""descriptive"": 6}","{""descriptive"": 5}",[],1,196,success,"[""No movements found"", ""No source references found"", ""Skipped performance event with no supported direct values""]",True,False,1,642,success,"[""No movements found"", ""No source references found"", ""Skipped performance event with no supported direct values""]",True,True,1,196,success,"[""No movements found"", ""No source references found"", ""Skipped performance event with no supported direct values""]",True,False,PASS,
cnw0166.xml,02893fbdfcfe221fdff2adea1db209f96a27bf8f57233445376d954b57dcc0ba,29809,166,mei_idm140713435529488,work_d1e191187,official_cnw_v401,CNW,197,197,cnw_sources_v1,complete,3,3,1,0,3,3,0,3,3,0,0,0,0,0,0,0,"{""descriptive"": 3}","{""descriptive"": 3}",[],1,197,success,"[""No movements found"", ""No source references found"", ""Skipped performance event with no supported direct values""]",True,False,1,643,success,"[""No movements found"", ""No source references found"", ""Skipped performance event with no supported direct values""]",True,True,1,197,success,"[""No movements found"", ""No source references found"", ""Skipped performance event with no supported direct values""]",True,False,PASS,
cnw0167.xml,7a34e6f9754b8c0619713b7d2ec98ac43762abff57f0f1ca26b8907f9439910e,25608,167,mei_idm139654059763744,work_d1e191187,official_cnw_v401,CNW,198,198,cnw_sources_v1,complete,3,3,1,0,3,3,0,3,3,0,0,0,0,0,0,0,"{""descriptive"": 3}","{""descriptive"": 3}",[],1,198,success,"[""No movements found"", ""No source references found"", ""Skipped performance event with no supported direct values""]",True,False,1,644,success,"[""No movements found"", ""No source references found"", ""Skipped performance event with no supported direct values""]",True,True,1,198,success,"[""No movements found"", ""No source references found"", ""Skipped performance event with no supported direct values""]",True,False,PASS,
cnw0168.xml,63fce8c67827457fc675f682680814d4c015a776ec3de42674e0b94983b5fc85,29641,168,mei_idm139783946012592,work_d1e191187,official_cnw_v401,CNW,199,199,cnw_sources_v1,complete,4,4,1,0,4,4,0,4,4,0,0,0,0,0,0,0,"{""descriptive"": 4}","{""descriptive"": 4}",[],1,199,success,"[""No movements found"", ""No source references found"", ""Skipped performance event with no supported direct values""]",True,False,1,645,success,"[""No movements found"", ""No source references found"", ""Skipped performance event with no supported direct values""]",True,True,1,199,success,"[""No movements found"", ""No source references found"", ""Skipped performance event with no supported direct values""]",True,False,PASS,
cnw0169.xml,316293ba46954b134c40208c5ca2b6e405d204558d837d9a593520d365867734,30615,169,mei_idm140436022083520,work_d1e191187,official_cnw_v401,CNW,200,200,cnw_sources_v1,complete,4,4,1,0,4,4,0,4,4,0,0,0,0,0,0,0,"{""descriptive"": 4}","{""descriptive"": 4}",[],1,200,success,"[""No movements found"", ""No source references found"", ""Skipped performance event with no supported direct values""]",True,False,1,646,success,"[""No movements found"", ""No source references found"", ""Skipped performance event with no supported direct values""]",True,True,1,200,success,"[""No movements found"", ""No source references found"", ""Skipped performance event with no supported direct values""]",True,False,PASS,
cnw0170.xml,bbee995fa6aef5912e4d63bdda5f0e7cbe51343fcebb6200877d9becb7b3dcfc,38183,170,mei_idm139946646508992,work_d1e191187,official_cnw_v401,CNW,201,201,cnw_sources_v1,complete,3,3,2,0,3,3,0,3,3,0,3,3,3,0,3,0,"{""descriptive"": 3}","{""descriptive"": 3}",[],1,201,success,"[""No movements found"", ""No source references found""]",True,False,1,647,success,"[""No movements found"", ""No source references found""]",True,True,1,201,success,"[""No movements found"", ""No source references found""]",True,False,PASS,
cnw0171.xml,2e91118c056e4bdfb92be625a938829016b68c54568e30cd56532d2e65991751,29724,171,mei_idm140218905715024,work_d1e191187,official_cnw_v401,CNW,202,202,cnw_sources_v1,complete,4,4,1,0,4,4,0,4,4,0,0,0,0,0,0,0,"{""descriptive"": 4}","{""descriptive"": 4}",[],1,202,success,"[""No movements found"", ""No source references found"", ""Skipped performance event with no supported direct values""]",True,False,1,648,success,"[""No movements found"", ""No source references found"", ""Skipped performance event with no supported direct values""]",True,True,1,202,success,"[""No movements found"", ""No source references found"", ""Skipped performance event with no supported direct values""]",True,False,PASS,
cnw0172.xml,b0536111074a2cec80d24b09da7ad974f01f45d4ea10b00017063a572600594e,25977,172,mei_idm139924614432800,work_d1e191187,official_cnw_v401,CNW,203,203,cnw_sources_v1,complete,3,3,1,0,3,3,0,3,3,0,0,0,0,0,0,0,"{""descriptive"": 3}","{""descriptive"": 3}",[],1,203,success,"[""No movements found"", ""No source references found"", ""Skipped performance event with no supported direct values""]",True,False,1,649,success,"[""No movements found"", ""No source references found"", ""Skipped performance event with no supported direct values""]",True,True,1,203,success,"[""No movements found"", ""No source references found"", ""Skipped performance event with no supported direct values""]",True,False,PASS,
cnw0173.xml,3d469225785ec89b2bd35b5371785d454178e7cdc0f53663fbbb2b5e470b76cc,28068,173,mei_idm140165941159936,work_d1e191187,official_cnw_v401,CNW,204,204,cnw_sources_v1,complete,4,4,1,0,4,4,0,4,4,0,0,0,0,0,0,0,"{""descriptive"": 4}","{""descriptive"": 4}",[],1,204,success,"[""No movements found"", ""No source references found"", ""Skipped performance event with no supported direct values""]",True,False,1,650,success,"[""No movements found"", ""No source references found"", ""Skipped performance event with no supported direct values""]",True,True,1,204,success,"[""No movements found"", ""No source references found"", ""Skipped performance event with no supported direct values""]",True,False,PASS,
cnw0174.xml,e61da9b27e74c43441906731af7aa621ebfd99e16d994e896c24252527981329,27980,174,mei_idm140163397625856,work_d1e191187,official_cnw_v401,CNW,205,205,cnw_sources_v1,complete,4,4,1,0,4,4,0,4,4,0,0,0,0,0,0,0,"{""descriptive"": 4}","{""descriptive"": 4}",[],1,205,success,"[""No movements found"", ""No source references found"", ""Skipped performance event with no supported direct values""]",True,False,1,651,success,"[""No movements found"", ""No source references found"", ""Skipped performance event with no supported direct values""]",True,True,1,205,success,"[""No movements found"", ""No source references found"", ""Skipped performance event with no supported direct values""]",True,False,PASS,
cnw0175.xml,cd5e07541358f06e54e0dabb0fb443fb8835b2cbbeb46218e7841c8aaa33e24b,27347,175,mei_idm140058086694848,work_d1e191187,official_cnw_v401,CNW,206,206,cnw_sources_v1,complete,4,4,1,0,4,4,0,4,4,0,0,0,0,0,0,0,"{""descriptive"": 4}","{""descriptive"": 4}",[],1,206,success,"[""No movements found"", ""No source references found"", ""Skipped performance event with no supported direct values""]",True,False,1,652,success,"[""No movements found"", ""No source references found"", ""Skipped performance event with no supported direct values""]",True,True,1,206,success,"[""No movements found"", ""No source references found"", ""Skipped performance event with no supported direct values""]",True,False,PASS,
cnw0176.xml,34e1d343a460cb9cc3975d9e1aa0679d073748ed1e5efed6ea7d71e252f2aabf,25715,176,mei_idm140539312713664,work_d1e191187,official_cnw_v401,CNW,207,207,cnw_sources_v1,complete,3,3,1,0,3,3,0,3,3,0,0,0,0,0,0,0,"{""descriptive"": 3}","{""descriptive"": 3}",[],1,207,success,"[""No movements found"", ""No source references found"", ""Skipped performance event with no supported direct values""]",True,False,1,653,success,"[""No movements found"", ""No source references found"", ""Skipped performance event with no supported direct values""]",True,True,1,207,success,"[""No movements found"", ""No source references found"", ""Skipped performance event with no supported direct values""]",True,False,PASS,
cnw0177.xml,87f7caab411ee087b8aa93ab6df5a8fdd47bb0f7f63a29e54c8f129586ca7b7f,33245,177,mei_idm139665500991424,work_d1e191187,official_cnw_v401,CNW,208,208,cnw_sources_v1,complete,4,4,1,0,4,4,0,4,4,0,0,0,0,0,0,0,"{""descriptive"": 4}","{""descriptive"": 4}",[],1,208,success,"[""No movements found"", ""No source references found"", ""Skipped performance event with no supported direct values""]",True,False,1,654,success,"[""No movements found"", ""No source references found"", ""Skipped performance event with no supported direct values""]",True,True,1,208,success,"[""No movements found"", ""No source references found"", ""Skipped performance event with no supported direct values""]",True,False,PASS,
cnw0178.xml,faec0cc0ac4722ac705867f1cbdd5696ffedbe0abe8662f2dc044d75c7810c28,28954,178,mei_idm139718780868544,work_d1e191187,official_cnw_v401,CNW,209,209,cnw_sources_v1,complete,3,3,1,0,3,3,0,3,3,0,0,0,0,0,0,0,"{""descriptive"": 3}","{""descriptive"": 3}",[],1,209,success,"[""No movements found"", ""No source references found"", ""Skipped performance event with no supported direct values""]",True,False,1,655,success,"[""No movements found"", ""No source references found"", ""Skipped performance event with no supported direct values""]",True,True,1,209,success,"[""No movements found"", ""No source references found"", ""Skipped performance event with no supported direct values""]",True,False,PASS,
cnw0179.xml,24868740cac63fad940b785b2e76af798a30bfabcf187bd623c3197d30b2d998,31358,179,mei_idm140220119513120,work_d1e191187,official_cnw_v401,CNW,210,210,cnw_sources_v1,complete,4,4,1,0,4,4,0,4,4,0,0,0,0,0,0,0,"{""descriptive"": 4}","{""descriptive"": 4}",[],1,210,success,"[""No movements found"", ""No source references found"", ""Skipped performance event with no supported direct values""]",True,False,1,656,success,"[""No movements found"", ""No source references found"", ""Skipped performance event with no supported direct values""]",True,True,1,210,success,"[""No movements found"", ""No source references found"", ""Skipped performance event with no supported direct values""]",True,False,PASS,
cnw0180.xml,a17deb09d5c36b295be5edf7b452d3dbc8354453f4b0a1b3dae19b1afe7fea97,31322,180,mei_idm140438321332160,work_d1e191187,official_cnw_v401,CNW,211,211,cnw_sources_v1,complete,4,4,1,0,4,4,0,4,4,0,0,0,0,0,0,0,"{""descriptive"": 4}","{""descriptive"": 4}",[],1,211,success,"[""No movements found"", ""No source references found"", ""Skipped performance event with no supported direct values""]",True,False,1,657,success,"[""No movements found"", ""No source references found"", ""Skipped performance event with no supported direct values""]",True,True,1,211,success,"[""No movements found"", ""No source references found"", ""Skipped performance event with no supported direct values""]",True,False,PASS,
cnw0181.xml,d7cb20300860396dbebf8b18af9667eaf756802482b7281f29e435457911df44,38037,181,mei_idm140462804689232,work_d1e191187,official_cnw_v401,CNW,212,212,cnw_sources_v1,complete,6,5,1,0,6,6,0,5,5,0,1,1,1,0,1,0,"{""descriptive"": 6}","{""descriptive"": 5}",[],1,212,success,"[""No movements found"", ""No source references found"", ""Skipped performance event with no supported direct values""]",True,False,1,658,success,"[""No movements found"", ""No source references found"", ""Skipped performance event with no supported direct values""]",True,True,1,212,success,"[""No movements found"", ""No source references found"", ""Skipped performance event with no supported direct values""]",True,False,PASS,
cnw0182.xml,3ab595b12394d1511172e476fef91f83f60c07875491c60c91e4fa811d6119fc,37122,182,mei_idm139702020394944,work_d1e191187,official_cnw_v401,CNW,213,213,cnw_sources_v1,complete,4,4,2,0,4,4,0,4,4,0,4,4,4,0,4,0,"{""descriptive"": 4}","{""descriptive"": 4}",[],1,213,success,"[""No movements found"", ""No source references found""]",True,False,1,659,success,"[""No movements found"", ""No source references found""]",True,True,1,213,success,"[""No movements found"", ""No source references found""]",True,False,PASS,
cnw0183.xml,8e42619d7fa1c7d67c7c174cc83fc10418c10d34b8c09ceb5af86441b8009560,34627,183,mei_idm139673659625744,work_d1e191187,official_cnw_v401,CNW,214,214,cnw_sources_v1,complete,5,4,1,0,5,5,0,4,4,0,3,3,3,0,3,0,"{""descriptive"": 5}","{""descriptive"": 4}",[],1,214,success,"[""No movements found"", ""No source references found"", ""Skipped performance event with no supported direct values""]",True,False,1,660,success,"[""No movements found"", ""No source references found"", ""Skipped performance event with no supported direct values""]",True,True,1,214,success,"[""No movements found"", ""No source references found"", ""Skipped performance event with no supported direct values""]",True,False,PASS,
cnw0184.xml,d95438dd3bf63f2b202272e6582c8aaa5edc990cb00c2217e2a31275e35eab98,36213,184,mei_idm140534543044480,work_d1e191187,official_cnw_v401,CNW,215,215,cnw_sources_v1,complete,4,4,1,0,4,4,0,4,4,0,0,0,0,0,0,0,"{""descriptive"": 4}","{""descriptive"": 4}",[],1,215,success,"[""No movements found"", ""No source references found"", ""Skipped performance event with no supported direct values""]",True,False,1,661,success,"[""No movements found"", ""No source references found"", ""Skipped performance event with no supported direct values""]",True,True,1,215,success,"[""No movements found"", ""No source references found"", ""Skipped performance event with no supported direct values""]",True,False,PASS,
cnw0185.xml,ae102f9525e1548ca8230a8e02211c6ae806f231e070a55d1db537443883f8a8,40105,185,mei_idm139784559136608,work_d1e191187,official_cnw_v401,CNW,216,216,cnw_sources_v1,complete,3,3,1,0,3,3,0,3,3,0,0,0,0,0,0,0,"{""descriptive"": 3}","{""descriptive"": 3}",[],1,216,success,"[""No movements found"", ""No source references found"", ""Skipped performance event with no supported direct values""]",True,False,1,662,success,"[""No movements found"", ""No source references found"", ""Skipped performance event with no supported direct values""]",True,True,1,216,success,"[""No movements found"", ""No source references found"", ""Skipped performance event with no supported direct values""]",True,False,PASS,
cnw0186.xml,fb0f96faa5248aec2538fe6e8a97ce467e5cb8ef74abc3c3ec529762ee4b408c,49648,186,mei_idm140623373162528,work_d1e191187,official_cnw_v401,CNW,217,217,cnw_sources_v1,complete,8,6,2,0,8,8,0,6,6,0,8,8,8,0,8,0,"{""descriptive"": 8}","{""descriptive"": 6}",[],1,217,success,"[""No movements found"", ""No source references found""]",True,False,1,663,success,"[""No movements found"", ""No source references found""]",True,True,1,217,success,"[""No movements found"", ""No source references found""]",True,False,PASS,
cnw0187.xml,7946681e0e12619ce9d2c41abfefe633f4e899d5854052ea14e10d48c8fbe27d,31280,187,mei_idm139778715834400,work_d1e191187,official_cnw_v401,CNW,218,218,cnw_sources_v1,complete,5,5,1,0,5,5,0,5,5,0,0,0,0,0,0,0,"{""descriptive"": 5}","{""descriptive"": 5}",[],1,218,success,"[""No movements found"", ""No source references found"", ""Skipped performance event with no supported direct values""]",True,False,1,664,success,"[""No movements found"", ""No source references found"", ""Skipped performance event with no supported direct values""]",True,True,1,218,success,"[""No movements found"", ""No source references found"", ""Skipped performance event with no supported direct values""]",True,False,PASS,
cnw0188.xml,ae0c9eb0d73091931671e96f891729678f89a14dd01ab7fea4a556e27152c641,27528,188,mei_idm140406088665120,work_d1e191187,official_cnw_v401,CNW,219,219,cnw_sources_v1,complete,4,4,1,0,4,4,0,4,4,0,0,0,0,0,0,0,"{""descriptive"": 4}","{""descriptive"": 4}",[],1,219,success,"[""No movements found"", ""No source references found"", ""Skipped performance event with no supported direct values""]",True,False,1,665,success,"[""No movements found"", ""No source references found"", ""Skipped performance event with no supported direct values""]",True,True,1,219,success,"[""No movements found"", ""No source references found"", ""Skipped performance event with no supported direct values""]",True,False,PASS,
cnw0189.xml,4a1591967253299f511ff55b63ebb44d14d5cca6b9ec4d19a28032d99c6715fd,27974,189,mei_idm140264392597280,work_d1e191187,official_cnw_v401,CNW,220,220,cnw_sources_v1,complete,4,4,1,0,4,4,0,4,4,0,0,0,0,0,0,0,"{""descriptive"": 4}","{""descriptive"": 4}",[],1,220,success,"[""No movements found"", ""No source references found"", ""Skipped performance event with no supported direct values""]",True,False,1,666,success,"[""No movements found"", ""No source references found"", ""Skipped performance event with no supported direct values""]",True,True,1,220,success,"[""No movements found"", ""No source references found"", ""Skipped performance event with no supported direct values""]",True,False,PASS,
cnw0190.xml,ade7330fc1f0eeb8e45cd4d2bc277b0f3286003e098c8dcc945c927989c1c1a7,27909,190,mei_idm139826534139328,work_d1e191187,official_cnw_v401,CNW,221,221,cnw_sources_v1,complete,4,4,1,0,4,4,0,4,4,0,0,0,0,0,0,0,"{""descriptive"": 4}","{""descriptive"": 4}",[],1,221,success,"[""No movements found"", ""No source references found"", ""Skipped performance event with no supported direct values""]",True,False,1,667,success,"[""No movements found"", ""No source references found"", ""Skipped performance event with no supported direct values""]",True,True,1,221,success,"[""No movements found"", ""No source references found"", ""Skipped performance event with no supported direct values""]",True,False,PASS,
cnw0191.xml,7eb1eb65a1c816b82d6518897b03a4f5a1b3e0895f4bdd3c9f40f6b1398774d5,28536,191,mei_idm140336945418080,work_d1e191187,official_cnw_v401,CNW,222,222,cnw_sources_v1,complete,4,4,1,0,4,4,0,4,4,0,0,0,0,0,0,0,"{""descriptive"": 4}","{""descriptive"": 4}",[],1,222,success,"[""No movements found"", ""No source references found"", ""Skipped performance event with no supported direct values""]",True,False,1,668,success,"[""No movements found"", ""No source references found"", ""Skipped performance event with no supported direct values""]",True,True,1,222,success,"[""No movements found"", ""No source references found"", ""Skipped performance event with no supported direct values""]",True,False,PASS,
cnw0192.xml,dc31d3790097c0e750cbfd554d7bf2d9c41dbbac8e51c5d88aea36f856d43a1e,25885,192,mei_idm140492495832800,work_d1e191187,official_cnw_v401,CNW,223,223,cnw_sources_v1,complete,3,3,1,0,3,3,0,3,3,0,0,0,0,0,0,0,"{""descriptive"": 3}","{""descriptive"": 3}",[],1,223,success,"[""No movements found"", ""No source references found"", ""Skipped performance event with no supported direct values""]",True,False,1,669,success,"[""No movements found"", ""No source references found"", ""Skipped performance event with no supported direct values""]",True,True,1,223,success,"[""No movements found"", ""No source references found"", ""Skipped performance event with no supported direct values""]",True,False,PASS,
cnw0193.xml,a53d786346df470788b3eefe1cbb9ab6e5df64c67f28662b84344954df109533,32079,193,mei_idm140390105125200,work_d1e191187,official_cnw_v401,CNW,224,224,cnw_sources_v1,complete,5,5,1,0,5,5,0,5,5,0,0,0,0,0,0,0,"{""descriptive"": 5}","{""descriptive"": 5}",[],1,224,success,"[""No movements found"", ""No source references found"", ""Skipped performance event with no supported direct values""]",True,False,1,670,success,"[""No movements found"", ""No source references found"", ""Skipped performance event with no supported direct values""]",True,True,1,224,success,"[""No movements found"", ""No source references found"", ""Skipped performance event with no supported direct values""]",True,False,PASS,
cnw0194.xml,888c96ed7c209518f6a8c9671e339424095157021375b40d0a81ba917973125f,27008,194,mei_idm139985696108480,work_d1e191187,official_cnw_v401,CNW,225,225,cnw_sources_v1,complete,4,4,1,0,4,4,0,4,4,0,0,0,0,0,0,0,"{""descriptive"": 4}","{""descriptive"": 4}",[],1,225,success,"[""No movements found"", ""No source references found"", ""Skipped performance event with no supported direct values""]",True,False,1,671,success,"[""No movements found"", ""No source references found"", ""Skipped performance event with no supported direct values""]",True,True,1,225,success,"[""No movements found"", ""No source references found"", ""Skipped performance event with no supported direct values""]",True,False,PASS,
cnw0195.xml,071244a59bc55c935ced303e92d74b563702a7897013c8f61668bab370baeb45,25492,195,mei_idm140226609790912,work_d1e191187,official_cnw_v401,CNW,226,226,cnw_sources_v1,complete,3,3,1,0,3,3,0,3,3,0,0,0,0,0,0,0,"{""descriptive"": 3}","{""descriptive"": 3}",[],1,226,success,"[""No movements found"", ""No source references found"", ""Skipped performance event with no supported direct values""]",True,False,1,672,success,"[""No movements found"", ""No source references found"", ""Skipped performance event with no supported direct values""]",True,True,1,226,success,"[""No movements found"", ""No source references found"", ""Skipped performance event with no supported direct values""]",True,False,PASS,
cnw0196.xml,9e4af053a2b923ed171a6331b3e533a130e42256f284c57cd6fc85fd09afad92,31690,196,mei_idm140680805480480,work_d1e191187,official_cnw_v401,CNW,227,227,cnw_sources_v1,complete,5,5,1,0,5,5,0,5,5,0,0,0,0,0,0,0,"{""descriptive"": 5}","{""descriptive"": 5}",[],1,227,success,"[""No movements found"", ""No source references found"", ""Skipped performance event with no supported direct values""]",True,False,1,673,success,"[""No movements found"", ""No source references found"", ""Skipped performance event with no supported direct values""]",True,True,1,227,success,"[""No movements found"", ""No source references found"", ""Skipped performance event with no supported direct values""]",True,False,PASS,
cnw0197.xml,f5a8e7452fc14dcbb6cd14a6490fdc0a614615e6843013837c52f004c17aedf0,26541,197,mei_idm140497350866656,work_d1e191187,official_cnw_v401,CNW,228,228,cnw_sources_v1,complete,4,4,1,0,4,4,0,4,4,0,0,0,0,0,0,0,"{""descriptive"": 4}","{""descriptive"": 4}",[],1,228,success,"[""No movements found"", ""No source references found"", ""Skipped performance event with no supported direct values""]",True,False,1,674,success,"[""No movements found"", ""No source references found"", ""Skipped performance event with no supported direct values""]",True,True,1,228,success,"[""No movements found"", ""No source references found"", ""Skipped performance event with no supported direct values""]",True,False,PASS,
cnw0198.xml,f1b8913f6794a05910686856f0c1593118177ea0f77de24c930c7c0f3a369318,37090,198,mei_idm140479213195104,work_d1e191187,official_cnw_v401,CNW,229,229,cnw_sources_v1,complete,4,3,1,0,4,4,0,3,3,0,0,0,0,0,0,0,"{""descriptive"": 4}","{""descriptive"": 3}",[],1,229,success,"[""No movements found"", ""No source references found"", ""Skipped performance event with no supported direct values""]",True,False,1,675,success,"[""No movements found"", ""No source references found"", ""Skipped performance event with no supported direct values""]",True,True,1,229,success,"[""No movements found"", ""No source references found"", ""Skipped performance event with no supported direct values""]",True,False,PASS,
cnw0199.xml,41a6442c67bac9ca117f03b7dfafb655395b458e897207642260fd1e769d1c5a,34820,199,mei_idm140485926064464,work_d1e191187,official_cnw_v401,CNW,230,230,cnw_sources_v1,complete,4,4,1,0,4,4,0,4,4,0,0,0,0,0,0,0,"{""descriptive"": 4}","{""descriptive"": 4}",[],1,230,success,"[""No movements found"", ""No source references found"", ""Skipped performance event with no supported direct values""]",True,False,1,676,success,"[""No movements found"", ""No source references found"", ""Skipped performance event with no supported direct values""]",True,True,1,230,success,"[""No movements found"", ""No source references found"", ""Skipped performance event with no supported direct values""]",True,False,PASS,
cnw0200.xml,075fa80405e0873e0db441225dfd85ef8f838db797de9f7da39c6899c39a34c6,24481,200,mei_idm139757483779520,work_d1e191187,official_cnw_v401,CNW,231,231,cnw_sources_v1,complete,3,3,1,0,3,3,0,3,3,0,0,0,0,0,0,0,"{""descriptive"": 3}","{""descriptive"": 3}",[],1,231,success,"[""No movements found"", ""No source references found"", ""Skipped performance event with no supported direct values""]",True,False,1,677,success,"[""No movements found"", ""No source references found"", ""Skipped performance event with no supported direct values""]",True,True,1,231,success,"[""No movements found"", ""No source references found"", ""Skipped performance event with no supported direct values""]",True,False,PASS,
cnw0201.xml,c2eb48341da91fbefad75b3a1e584a6d007321a16b19f277a5934783a709796d,25779,201,mei_idm139730503137312,work_d1e191187,official_cnw_v401,CNW,232,232,cnw_sources_v1,complete,4,4,1,0,4,4,0,4,4,0,0,0,0,0,0,0,"{""descriptive"": 4}","{""descriptive"": 4}",[],1,232,success,"[""No movements found"", ""No source references found"", ""Skipped performance event with no supported direct values""]",True,False,1,678,success,"[""No movements found"", ""No source references found"", ""Skipped performance event with no supported direct values""]",True,True,1,232,success,"[""No movements found"", ""No source references found"", ""Skipped performance event with no supported direct values""]",True,False,PASS,
cnw0202.xml,2033e285f12acf277378da6ad4a8b2d27bd9d5a5b5c893a88433e9366972794e,75577,202,mei_idm140399864008544,work_d1e191187,official_cnw_v401,CNW,233,233,cnw_sources_v1,complete,7,1,2,0,7,7,0,1,1,0,9,9,9,0,9,0,"{""descriptive"": 7}","{""descriptive"": 1}",[],1,233,success,"[""No movements found"", ""No source references found""]",True,False,1,679,success,"[""No movements found"", ""No source references found""]",True,True,1,233,success,"[""No movements found"", ""No source references found""]",True,False,PASS,
cnw0203.xml,36a1cb749d8151761f3b4b27d897f8ee651972827c362122203f8d17a33981de,58529,203,mei_idm140555367864352,work_d1e191187,official_cnw_v401,CNW,234,234,cnw_sources_v1,complete,11,2,3,0,11,11,0,2,2,0,11,11,11,0,11,0,"{""descriptive"": 9, ""label_or_link_stub"": 2}","{""descriptive"": 2}",[],1,234,success,"[""No movements found"", ""No source references found""]",True,False,1,680,success,"[""No movements found"", ""No source references found""]",True,True,1,234,success,"[""No movements found"", ""No source references found""]",True,False,PASS,
cnw0204.xml,d1396365325be59ec6fde4748364f516a4000aca8b484702059007b7bcb564b1,73149,204,mei_idm140053641269248,work_d1e191187,official_cnw_v401,CNW,235,235,cnw_sources_v1,complete,10,1,5,0,10,10,0,1,1,0,12,12,12,0,12,0,"{""descriptive"": 9, ""label_or_link_stub"": 1}","{""descriptive"": 1}",[],1,235,success,"[""No movements found"", ""No source references found""]",True,False,1,681,success,"[""No movements found"", ""No source references found""]",True,True,1,235,success,"[""No movements found"", ""No source references found""]",True,False,PASS,
cnw0205.xml,d85d9684565ad20c74c69dc0de84021ee91f79c6008f2c41069d4e002fc9b64c,165399,205,mei_idm139789799833936,work_d1e191187,official_cnw_v401,CNW,236,236,cnw_sources_v1,complete,18,4,4,0,18,18,0,4,4,0,28,28,28,0,28,0,"{""descriptive"": 18}","{""descriptive"": 4}",[],1,236,success,"[""No movements found"", ""No source references found""]",True,False,1,682,success,"[""No movements found"", ""No source references found""]",True,True,1,236,success,"[""No movements found"", ""No source references found""]",True,False,PASS,
cnw0206.xml,fa41d02af7a959484529593bb2aea197cf4a25e2a7407360bcf26cb9cde7421d,33870,206,mei_idm140722806007744,work_d1e191187,official_cnw_v401,CNW,237,237,cnw_sources_v1,complete,3,1,1,0,3,3,0,1,1,0,1,1,1,0,1,0,"{""descriptive"": 3}","{""descriptive"": 1}",[],1,237,success,"[""No movements found"", ""No source references found"", ""Skipped performance event with no supported direct values""]",True,False,1,683,success,"[""No movements found"", ""No source references found"", ""Skipped performance event with no supported direct values""]",True,True,1,237,success,"[""No movements found"", ""No source references found"", ""Skipped performance event with no supported direct values""]",True,False,PASS,
cnw0207.xml,0d37fe4890b6b9e8cbcfc3870f0178682a7e7d689564a79bf49289e136b4f51f,65586,207,mei_idm140507718319968,work_d1e191187,official_cnw_v401,CNW,238,238,cnw_sources_v1,complete,8,1,3,0,8,8,0,1,1,0,10,10,10,0,10,0,"{""descriptive"": 7, ""label_or_link_stub"": 1}","{""descriptive"": 1}",[],1,238,success,"[""No movements found"", ""No source references found""]",True,False,1,684,success,"[""No movements found"", ""No source references found""]",True,True,1,238,success,"[""No movements found"", ""No source references found""]",True,False,PASS,
cnw0208.xml,9f8f63938ca02ce036d2fdbb0a61a0a1a6e2ff7ef1ed020df354ab49f00dc02e,40404,208,mei_idm140001158759872,work_d1e191187,official_cnw_v401,CNW,239,239,cnw_sources_v1,complete,4,2,1,0,4,4,0,2,2,0,1,1,1,0,1,0,"{""descriptive"": 4}","{""descriptive"": 2}",[],1,239,success,"[""No movements found"", ""No source references found"", ""Skipped performance event with no supported direct values""]",True,False,1,685,success,"[""No movements found"", ""No source references found"", ""Skipped performance event with no supported direct values""]",True,True,1,239,success,"[""No movements found"", ""No source references found"", ""Skipped performance event with no supported direct values""]",True,False,PASS,
cnw0209.xml,cca4d1cd6fb89ebefd90d40a5e6331144ee684ccd4c36b6af21ea984aaa1f7ce,79387,209,mei_idm140264103114176,work_d1e191187,official_cnw_v401,CNW,240,240,cnw_sources_v1,complete,12,4,3,0,12,12,0,4,4,0,14,14,14,0,14,0,"{""descriptive"": 12}","{""descriptive"": 4}",[],1,240,success,"[""No movements found"", ""No source references found""]",True,False,1,686,success,"[""No movements found"", ""No source references found""]",True,True,1,240,success,"[""No movements found"", ""No source references found""]",True,False,PASS,
cnw0210.xml,042f9642201ca5e1795b3098c929404f9a2b4c58ec40a3ad4407c898034096a2,60370,210,mei_idm140464984469440,work_d1e191187,official_cnw_v401,CNW,241,241,cnw_sources_v1,complete,4,2,1,0,4,4,0,2,2,0,1,1,1,0,1,0,"{""descriptive"": 4}","{""descriptive"": 2}",[],1,241,success,"[""No movements found"", ""No source references found"", ""Skipped performance event with no supported direct values""]",True,False,1,687,success,"[""No movements found"", ""No source references found"", ""Skipped performance event with no supported direct values""]",True,True,1,241,success,"[""No movements found"", ""No source references found"", ""Skipped performance event with no supported direct values""]",True,False,PASS,
cnw0211.xml,cd5f04088d3264067485c9013118c4ffb87e22f0f8080edd98f93384b366b92d,66596,211,mei_idm140384014086480,work_d1e191187,official_cnw_v401,CNW,242,242,cnw_sources_v1,complete,10,2,3,0,10,10,0,2,2,0,12,12,12,0,12,0,"{""descriptive"": 10}","{""descriptive"": 2}",[],1,242,success,"[""No movements found"", ""No source references found""]",True,False,1,688,success,"[""No movements found"", ""No source references found""]",True,True,1,242,success,"[""No movements found"", ""No source references found""]",True,False,PASS,
cnw0212.xml,d57d53b0bbee664a95b9dfe3d8fcaa7f228b1448f072aaaa8bffdcf4155185fa,304234,212,mei_idm140008210475040,work_d1e191187,official_cnw_v401,CNW,243,243,cnw_sources_v1,complete,18,5,4,0,18,18,0,5,5,0,21,21,21,0,21,0,"{""descriptive"": 17, ""label_or_link_stub"": 1}","{""descriptive"": 5}",[],1,243,success,"[""No movements found"", ""No source references found""]",True,False,1,689,success,"[""No movements found"", ""No source references found""]",True,True,1,243,success,"[""No movements found"", ""No source references found""]",True,False,PASS,
cnw0213.xml,791406f36f78eac632bc0ee9ac774b6356eb3c60e68f1c18b65181bc247d8e48,167145,213,mei_idm140177204301600,work_d1e191187,official_cnw_v401,CNW,244,244,cnw_sources_v1,complete,14,4,4,0,14,14,0,4,4,0,16,16,16,0,16,0,"{""descriptive"": 13, ""label_or_link_stub"": 1}","{""descriptive"": 4}",[],1,244,success,"[""No movements found"", ""No source references found""]",True,False,1,690,success,"[""No movements found"", ""No source references found""]",True,True,1,244,success,"[""No movements found"", ""No source references found""]",True,False,PASS,
cnw0214.xml,ac1cb4a9c0355383e665b68b0391be10e27413773be1e2ab05eb4d969fe5d5e1,34400,214,mei_idm140418997956448,work_d1e191187,official_cnw_v401,CNW,245,245,cnw_sources_v1,complete,3,1,1,0,3,3,0,1,1,0,1,1,1,0,1,0,"{""descriptive"": 3}","{""descriptive"": 1}",[],1,245,success,"[""No movements found"", ""No source references found"", ""Skipped performance event with no supported direct values""]",True,False,1,691,success,"[""No movements found"", ""No source references found"", ""Skipped performance event with no supported direct values""]",True,True,1,245,success,"[""No movements found"", ""No source references found"", ""Skipped performance event with no supported direct values""]",True,False,PASS,
cnw0215.xml,69e7ef7e6eed3cd9ec6e4130112b9d0bab74e0041c69ad69f7130d54748e26ed,44547,215,mei_idm140396769877888,work_d1e191187,official_cnw_v401,CNW,246,246,cnw_sources_v1,complete,3,1,1,0,3,3,0,1,1,0,1,1,1,0,1,0,"{""descriptive"": 3}","{""descriptive"": 1}",[],1,246,success,"[""No movements found"", ""No source references found"", ""Skipped performance event with no supported direct values""]",True,False,1,692,success,"[""No movements found"", ""No source references found"", ""Skipped performance event with no supported direct values""]",True,True,1,246,success,"[""No movements found"", ""No source references found"", ""Skipped performance event with no supported direct values""]",True,False,PASS,
cnw0216.xml,e108fdf65fef8ae0efdace0a0b05d661fdbc6265386ea4d6f4cd5acc84c0730c,78238,216,mei_idm139755662952480,work_d1e191187,official_cnw_v401,CNW,247,247,cnw_sources_v1,complete,6,4,1,0,6,6,0,4,4,0,5,5,5,0,5,0,"{""descriptive"": 6}","{""descriptive"": 4}",[],1,247,success,"[""No movements found"", ""No source references found"", ""Skipped performance event with no supported direct values""]",True,False,1,693,success,"[""No movements found"", ""No source references found"", ""Skipped performance event with no supported direct values""]",True,True,1,247,success,"[""No movements found"", ""No source references found"", ""Skipped performance event with no supported direct values""]",True,False,PASS,
cnw0217.xml,a22f8ab22d4812e21f459f5ab4582a066050c2a8b4577cd27edbeb89632653f9,38396,217,mei_idm139925838262608,work_d1e191187,official_cnw_v401,CNW,248,248,cnw_sources_v1,complete,4,2,1,0,4,4,0,2,2,0,3,3,3,0,3,0,"{""descriptive"": 4}","{""descriptive"": 2}",[],1,248,success,"[""No movements found"", ""No source references found"", ""Skipped performance event with no supported direct values""]",True,False,1,694,success,"[""No movements found"", ""No source references found"", ""Skipped performance event with no supported direct values""]",True,True,1,248,success,"[""No movements found"", ""No source references found"", ""Skipped performance event with no supported direct values""]",True,False,PASS,
cnw0218.xml,261e43eb2ebfe566b637e6cfd48b82b7b2e2d4b0ad7840fc132e1b09235c7f5c,31632,218,mei_idm140352388616528,work_d1e191187,official_cnw_v401,CNW,249,249,cnw_sources_v1,complete,3,1,1,0,3,3,0,1,1,0,2,2,2,0,2,0,"{""descriptive"": 3}","{""descriptive"": 1}",[],1,249,success,"[""No movements found"", ""No source references found"", ""Skipped performance event with no supported direct values""]",True,False,1,695,success,"[""No movements found"", ""No source references found"", ""Skipped performance event with no supported direct values""]",True,True,1,249,success,"[""No movements found"", ""No source references found"", ""Skipped performance event with no supported direct values""]",True,False,PASS,
cnw0219.xml,72c4ff0a5ca766ca261f0405645622308ee9e14688f442637873ea3b3e60c84a,41181,219,mei_idm140498121343312,work_d1e191187,official_cnw_v401,CNW,250,250,cnw_sources_v1,complete,4,2,1,0,4,4,0,2,2,0,3,3,3,0,3,0,"{""descriptive"": 4}","{""descriptive"": 2}",[],1,250,success,"[""No movements found"", ""No source references found"", ""Skipped performance event with no supported direct values""]",True,False,1,696,success,"[""No movements found"", ""No source references found"", ""Skipped performance event with no supported direct values""]",True,True,1,250,success,"[""No movements found"", ""No source references found"", ""Skipped performance event with no supported direct values""]",True,False,PASS,
cnw0220.xml,5fced979c000a50ebcadd9abd58f4529aae3dbcf97f2b44e3e7764f8f961b919,55213,220,mei_idm139944526454560,work_d1e191187,official_cnw_v401,CNW,251,251,cnw_sources_v1,complete,8,1,2,0,8,8,0,1,1,0,10,10,10,0,10,0,"{""descriptive"": 8}","{""descriptive"": 1}",[],1,251,success,"[""No movements found"", ""No source references found""]",True,False,1,697,success,"[""No movements found"", ""No source references found""]",True,True,1,251,success,"[""No movements found"", ""No source references found""]",True,False,PASS,
cnw0221.xml,ea659437e859541883b0fa9b50f429f9812fe1b208076ec2fe9022d8e52d4792,132867,221,mei_idm140079151986624,work_d1e191187,official_cnw_v401,CNW,252,252,cnw_sources_v1,complete,14,4,4,0,14,14,0,4,4,0,16,16,16,0,16,0,"{""descriptive"": 13, ""label_or_link_stub"": 1}","{""descriptive"": 4}",[],1,252,success,"[""No movements found"", ""No source references found""]",True,False,1,698,success,"[""No movements found"", ""No source references found""]",True,True,1,252,success,"[""No movements found"", ""No source references found""]",True,False,PASS,
cnw0222.xml,aecd24e7c6e8a75c7f367db6f5b503b5b03a69b0d781075c5af1edfd541ee2e1,71878,222,mei_idm140547472175376,work_d1e191187,official_cnw_v401,CNW,253,253,cnw_sources_v1,complete,11,2,4,0,11,11,0,2,2,0,11,11,11,0,11,0,"{""descriptive"": 10, ""label_or_link_stub"": 1}","{""descriptive"": 2}",[],1,253,success,"[""No movements found"", ""No source references found""]",True,False,1,699,success,"[""No movements found"", ""No source references found""]",True,True,1,253,success,"[""No movements found"", ""No source references found""]",True,False,PASS,
cnw0223.xml,b44993fad602df90dcccb0fcb3a06a1900e8faa4b3bb52de208369b5cdf2cfd5,59626,223,mei_idm139949465552320,work_d1e191187,official_cnw_v401,CNW,254,254,cnw_sources_v1,complete,6,2,2,0,6,6,0,2,2,0,6,6,6,0,6,0,"{""descriptive"": 5, ""label_or_link_stub"": 1}","{""descriptive"": 2}",[],1,254,success,"[""No movements found"", ""No source references found""]",True,False,1,700,success,"[""No movements found"", ""No source references found""]",True,True,1,254,success,"[""No movements found"", ""No source references found""]",True,False,PASS,
cnw0224.xml,b70e93ad1bffd0f7cdaf7013d0aec75d3200d581c12cb360e1d51f1110be1b0d,32842,224,mei_idm140651623190400,work_d1e191187,official_cnw_v401,CNW,255,255,cnw_sources_v1,complete,3,1,1,0,3,3,0,1,1,0,2,2,2,0,2,0,"{""descriptive"": 3}","{""descriptive"": 1}",[],1,255,success,"[""No movements found"", ""No source references found"", ""Skipped performance event with no supported direct values""]",True,False,1,701,success,"[""No movements found"", ""No source references found"", ""Skipped performance event with no supported direct values""]",True,True,1,255,success,"[""No movements found"", ""No source references found"", ""Skipped performance event with no supported direct values""]",True,False,PASS,
cnw0225.xml,73ed4a646678da5fc8ef84e91c1f3223fdd1786a86ae082a83f5ac7815963482,27058,225,mei_idm140207041524048,work_d1e191187,official_cnw_v401,CNW,256,256,cnw_sources_v1,complete,3,2,1,0,3,3,0,2,2,0,3,3,3,0,3,0,"{""descriptive"": 3}","{""descriptive"": 2}",[],1,256,success,"[""No movements found"", ""No source references found"", ""Skipped performance event with no supported direct values""]",True,False,1,702,success,"[""No movements found"", ""No source references found"", ""Skipped performance event with no supported direct values""]",True,True,1,256,success,"[""No movements found"", ""No source references found"", ""Skipped performance event with no supported direct values""]",True,False,PASS,
cnw0226.xml,3e9e777373000b4350960b8f4bb4b91bb00cd5f14b4c141f7a84bd49f64fa3c6,51330,226,mei_idm140576727197728,work_d1e191187,official_cnw_v401,CNW,257,257,cnw_sources_v1,complete,6,3,3,0,6,6,0,3,3,0,6,6,6,0,6,0,"{""descriptive"": 6}","{""descriptive"": 3}",[],1,257,success,"[""No movements found"", ""No source references found"", ""Skipped performance event with no supported direct values""]",True,False,1,703,success,"[""No movements found"", ""No source references found"", ""Skipped performance event with no supported direct values""]",True,True,1,257,success,"[""No movements found"", ""No source references found"", ""Skipped performance event with no supported direct values""]",True,False,PASS,
cnw0227.xml,49aacd4b28860d1127cfd1aa58de8781b1d13640e3fbf068d0dd442a5b9f676b,23424,227,mei_idm139861266571040,work_d1e191187,official_cnw_v401,CNW,258,258,cnw_sources_v1,complete,2,0,1,0,2,2,0,0,0,0,0,0,0,0,0,0,"{""descriptive"": 2}",{},[],1,258,success,"[""No movements found"", ""No source references found"", ""Skipped performance event with no supported direct values""]",True,False,1,704,success,"[""No movements found"", ""No source references found"", ""Skipped performance event with no supported direct values""]",True,True,1,258,success,"[""No movements found"", ""No source references found"", ""Skipped performance event with no supported direct values""]",True,False,PASS,
cnw0228.xml,0fecb8afde81a7f193783c19468141a9f53e8ecde3a9f8b2a78cc3f5acd7f66a,23600,228,mei_idm139809105244496,work_d1e191187,official_cnw_v401,CNW,259,259,cnw_sources_v1,complete,3,1,1,0,3,3,0,1,1,0,1,1,1,0,1,0,"{""descriptive"": 3}","{""descriptive"": 1}",[],1,259,success,"[""No movements found"", ""No source references found"", ""Skipped performance event with no supported direct values""]",True,False,1,705,success,"[""No movements found"", ""No source references found"", ""Skipped performance event with no supported direct values""]",True,True,1,259,success,"[""No movements found"", ""No source references found"", ""Skipped performance event with no supported direct values""]",True,False,PASS,
cnw0229.xml,5b554f94af7f1da3b525f32879d12942a93ae0ea9ad2057b025bd6860a497dc6,26800,229,mei_idm140048458473408,work_d1e191187,official_cnw_v401,CNW,260,260,cnw_sources_v1,complete,2,0,1,0,2,2,0,0,0,0,0,0,0,0,0,0,"{""descriptive"": 2}",{},[],1,260,success,"[""No movements found"", ""No source references found"", ""Skipped performance event with no supported direct values""]",True,False,1,706,success,"[""No movements found"", ""No source references found"", ""Skipped performance event with no supported direct values""]",True,True,1,260,success,"[""No movements found"", ""No source references found"", ""Skipped performance event with no supported direct values""]",True,False,PASS,
cnw0230.xml,3a787374d4541fb55236a25fdc1354817cbefb20f5111ac2d33d95d13d2e0595,27465,230,mei_idm140692666618128,work_d1e191187,official_cnw_v401,CNW,261,261,cnw_sources_v1,complete,3,2,1,0,3,3,0,2,2,0,3,3,3,0,3,0,"{""descriptive"": 3}","{""descriptive"": 2}",[],1,261,success,"[""No movements found"", ""No source references found"", ""Skipped performance event with no supported direct values""]",True,False,1,707,success,"[""No movements found"", ""No source references found"", ""Skipped performance event with no supported direct values""]",True,True,1,261,success,"[""No movements found"", ""No source references found"", ""Skipped performance event with no supported direct values""]",True,False,PASS,
cnw0231.xml,7c5512402850b3a95b25c66d8af0bf1fcdb9067e318ee65ae88b3705bd9d7c01,52492,231,mei_idm140198160844512,work_d1e191187,official_cnw_v401,CNW,262,262,cnw_sources_v1,complete,4,1,2,0,4,4,0,1,1,0,4,4,4,0,4,0,"{""descriptive"": 2, ""label_or_link_stub"": 2}","{""descriptive"": 1}",[],1,262,success,"[""No movements found"", ""No source references found""]",True,False,1,708,success,"[""No movements found"", ""No source references found""]",True,True,1,262,success,"[""No movements found"", ""No source references found""]",True,False,PASS,
cnw0232.xml,4fe5bc818303835cf0dd273ed091f897c109abcb3d77373ef1d1316f5e765f7d,20336,232,mei_idm140251084259664,work_d1e191187,official_cnw_v401,CNW,263,263,cnw_sources_v1,complete,3,0,1,0,3,3,0,0,0,0,0,0,0,0,0,0,"{""label_or_link_stub"": 3}",{},[],1,263,success,"[""No movements found"", ""No source references found"", ""Skipped performance event with no supported direct values""]",True,False,1,709,success,"[""No movements found"", ""No source references found"", ""Skipped performance event with no supported direct values""]",True,True,1,263,success,"[""No movements found"", ""No source references found"", ""Skipped performance event with no supported direct values""]",True,False,PASS,
cnw0233.xml,acf5384986a9288ec15fdf74052a13dd62705b3f0e8dfc4405a4c220d08b6125,17467,233,mei_idm140134777196320,work_d1e191187,official_cnw_v401,CNW,264,264,cnw_sources_v1,complete,3,0,1,0,3,3,0,0,0,0,0,0,0,0,0,0,"{""label_or_link_stub"": 3}",{},[],1,264,success,"[""No movements found"", ""No source references found"", ""Skipped performance event with no supported direct values""]",True,False,1,710,success,"[""No movements found"", ""No source references found"", ""Skipped performance event with no supported direct values""]",True,True,1,264,success,"[""No movements found"", ""No source references found"", ""Skipped performance event with no supported direct values""]",True,False,PASS,
cnw0234.xml,538730567827d6a33753810cb37ebe7289fcdc9ec3a914d7d8a69c153b2edf69,17453,234,mei_idm140417341731152,work_d1e191187,official_cnw_v401,CNW,265,265,cnw_sources_v1,complete,3,0,1,0,3,3,0,0,0,0,0,0,0,0,0,0,"{""label_or_link_stub"": 3}",{},[],1,265,success,"[""No movements found"", ""No source references found"", ""Skipped performance event with no supported direct values""]",True,False,1,711,success,"[""No movements found"", ""No source references found"", ""Skipped performance event with no supported direct values""]",True,True,1,265,success,"[""No movements found"", ""No source references found"", ""Skipped performance event with no supported direct values""]",True,False,PASS,
cnw0235.xml,5538963ed5679863c8e49bef0217dcf84d43ada11d50fc5af27c90d536a3c597,20680,235,mei_idm139971677906368,work_d1e191187,official_cnw_v401,CNW,266,266,cnw_sources_v1,complete,3,0,1,0,3,3,0,0,0,0,0,0,0,0,0,0,"{""label_or_link_stub"": 3}",{},[],1,266,success,"[""No movements found"", ""No source references found"", ""Skipped performance event with no supported direct values""]",True,False,1,712,success,"[""No movements found"", ""No source references found"", ""Skipped performance event with no supported direct values""]",True,True,1,266,success,"[""No movements found"", ""No source references found"", ""Skipped performance event with no supported direct values""]",True,False,PASS,
cnw0236.xml,a81e680e2bf62c34a9655041d6ca253f373eed715ef7183bff8491e5205badf5,17464,236,mei_idm139961117450480,work_d1e191187,official_cnw_v401,CNW,267,267,cnw_sources_v1,complete,3,0,1,0,3,3,0,0,0,0,0,0,0,0,0,0,"{""label_or_link_stub"": 3}",{},[],1,267,success,"[""No movements found"", ""No source references found"", ""Skipped performance event with no supported direct values""]",True,False,1,713,success,"[""No movements found"", ""No source references found"", ""Skipped performance event with no supported direct values""]",True,True,1,267,success,"[""No movements found"", ""No source references found"", ""Skipped performance event with no supported direct values""]",True,False,PASS,
cnw0237.xml,8d31f16ab1f5dba21fc22e5cde687dba35e4c7ea8ac33e511758a8be7b43289f,118668,237,mei_idm139640588513552,work_d1e191187,official_cnw_v401,CNW,268,268,cnw_sources_v1,complete,18,5,4,0,18,18,0,5,5,0,22,22,22,0,22,0,"{""descriptive"": 16, ""label_or_link_stub"": 2}","{""descriptive"": 5}",[],1,268,success,"[""No movements found"", ""No source references found"", ""Non-exact performance date was not stored""]",True,False,1,714,success,"[""No movements found"", ""No source references found"", ""Non-exact performance date was not stored""]",True,True,1,268,success,"[""No movements found"", ""No source references found"", ""Non-exact performance date was not stored""]",True,False,PASS,
cnw0238.xml,17f49dadb6a79a03b9f529196f0a3e2642d0fad9bfe618a643a87689842ed542,59547,238,mei_idm139807209920544,work_d1e191187,official_cnw_v401,CNW,269,269,cnw_sources_v1,complete,9,2,2,0,9,9,0,2,2,0,11,11,11,0,11,0,"{""descriptive"": 9}","{""descriptive"": 2}",[],1,269,success,"[""No movements found"", ""No source references found""]",True,False,1,715,success,"[""No movements found"", ""No source references found""]",True,True,1,269,success,"[""No movements found"", ""No source references found""]",True,False,PASS,
cnw0239.xml,ec4fb8655a13d882ccfc917ca8d32b08948ccaad21afbe0ea78d66b3373f08f0,45046,239,mei_idm140095249719568,work_d1e191187,official_cnw_v401,CNW,270,270,cnw_sources_v1,complete,8,3,2,0,8,8,0,3,3,0,10,10,10,0,10,0,"{""descriptive"": 8}","{""descriptive"": 3}",[],1,270,success,"[""No movements found"", ""No source references found"", ""Skipped performance event with no supported direct values""]",True,False,1,716,success,"[""No movements found"", ""No source references found"", ""Skipped performance event with no supported direct values""]",True,True,1,270,success,"[""No movements found"", ""No source references found"", ""Skipped performance event with no supported direct values""]",True,False,PASS,
cnw0240.xml,8d15bd72700eba766eade319b7ee0df9db000e250a2461a0b61113072b21bf88,40311,240,mei_idm139810394810368,work_d1e191187,official_cnw_v401,CNW,271,271,cnw_sources_v1,complete,7,2,2,0,7,7,0,2,2,0,9,9,9,0,9,0,"{""descriptive"": 7}","{""descriptive"": 2}",[],1,271,success,"[""No movements found"", ""No source references found"", ""No performance information found""]",True,False,1,717,success,"[""No movements found"", ""No source references found"", ""No performance information found""]",True,True,1,271,success,"[""No movements found"", ""No source references found"", ""No performance information found""]",True,False,PASS,
cnw0241.xml,d72dd9155aae480842067425dce9e56a2f7adfb0b295a310eb4ff00ce1291a91,56757,241,mei_idm140668152954816,work_d1e191187,official_cnw_v401,CNW,272,272,cnw_sources_v1,complete,8,1,2,0,8,8,0,1,1,0,10,10,10,0,10,0,"{""descriptive"": 8}","{""descriptive"": 1}",[],1,272,success,"[""No movements found"", ""No source references found""]",True,False,1,718,success,"[""No movements found"", ""No source references found""]",True,True,1,272,success,"[""No movements found"", ""No source references found""]",True,False,PASS,
cnw0242.xml,b4b952953e19ce9d67e7337545924631da62f004614d29fa5388860f800a0769,34836,242,mei_idm140338398367584,work_d1e191187,official_cnw_v401,CNW,273,273,cnw_sources_v1,complete,6,1,1,0,6,6,0,1,1,0,4,4,4,0,4,0,"{""descriptive"": 6}","{""descriptive"": 1}",[],1,273,success,"[""No movements found"", ""No source references found"", ""No performance information found""]",True,False,1,719,success,"[""No movements found"", ""No source references found"", ""No performance information found""]",True,True,1,273,success,"[""No movements found"", ""No source references found"", ""No performance information found""]",True,False,PASS,
cnw0243.xml,fab4d06ea447c138f3a617633cd7056d91f6c92a70bed7d4a4eb17306dcefc98,50881,243,mei_idm140409558089504,work_d1e191187,official_cnw_v401,CNW,274,274,cnw_sources_v1,complete,7,1,2,0,7,7,0,1,1,0,9,9,9,0,9,0,"{""descriptive"": 7}","{""descriptive"": 1}",[],1,274,success,"[""No movements found"", ""No source references found""]",True,False,1,720,success,"[""No movements found"", ""No source references found""]",True,True,1,274,success,"[""No movements found"", ""No source references found""]",True,False,PASS,
cnw0244.xml,14328dc2049bfef042e2324bd62aa9620768169834cc77f933ba49fed0c46640,47341,244,mei_idm140597882134864,work_d1e191187,official_cnw_v401,CNW,275,275,cnw_sources_v1,complete,7,1,2,0,7,7,0,1,1,0,9,9,9,0,9,0,"{""descriptive"": 7}","{""descriptive"": 1}",[],1,275,success,"[""No movements found"", ""No source references found""]",True,False,1,721,success,"[""No movements found"", ""No source references found""]",True,True,1,275,success,"[""No movements found"", ""No source references found""]",True,False,PASS,
cnw0245.xml,d088bfd9dc8466bbcd876f4c4c0f9b83fca573334451488b91f140c05a6729f6,47757,245,mei_idm140327680735168,work_d1e191187,official_cnw_v401,CNW,276,276,cnw_sources_v1,complete,8,3,2,0,8,8,0,3,3,0,10,10,10,0,10,0,"{""descriptive"": 8}","{""descriptive"": 3}",[],1,276,success,"[""No movements found"", ""No source references found""]",True,False,1,722,success,"[""No movements found"", ""No source references found""]",True,True,1,276,success,"[""No movements found"", ""No source references found""]",True,False,PASS,
cnw0246.xml,55e718506c6a480e4e7a90ac8eeac6c158fdf7aee03718d5c38802bbaf1103d4,34985,246,mei_idm140529993085264,work_d1e191187,official_cnw_v401,CNW,277,277,cnw_sources_v1,complete,6,1,1,0,6,6,0,1,1,0,8,8,8,0,8,0,"{""descriptive"": 6}","{""descriptive"": 1}",[],1,277,success,"[""No movements found"", ""No source references found"", ""No performance information found""]",True,False,1,723,success,"[""No movements found"", ""No source references found"", ""No performance information found""]",True,True,1,277,success,"[""No movements found"", ""No source references found"", ""No performance information found""]",True,False,PASS,
cnw0247.xml,75eb82954fb4717f0f56969ee9f709cb45a1e9e4369c77898723d18d61401006,53469,247,mei_idm139971464384784,work_d1e191187,official_cnw_v401,CNW,278,278,cnw_sources_v1,complete,11,4,3,0,11,11,0,4,4,0,13,13,13,0,13,0,"{""descriptive"": 11}","{""descriptive"": 4}",[],1,278,success,"[""No movements found"", ""No source references found"", ""Skipped performance event with no supported direct values""]",True,False,1,724,success,"[""No movements found"", ""No source references found"", ""Skipped performance event with no supported direct values""]",True,True,1,278,success,"[""No movements found"", ""No source references found"", ""Skipped performance event with no supported direct values""]",True,False,PASS,
cnw0248.xml,eb8767b7a82a92e5b9a4853c429d27a0ddd88b644176a90f3dcb1b6727f74160,58861,248,mei_idm139685449814288,work_d1e191187,official_cnw_v401,CNW,279,279,cnw_sources_v1,complete,9,2,2,0,9,9,0,2,2,0,11,11,11,0,11,0,"{""descriptive"": 9}","{""descriptive"": 2}",[],1,279,success,"[""No movements found"", ""No source references found""]",True,False,1,725,success,"[""No movements found"", ""No source references found""]",True,True,1,279,success,"[""No movements found"", ""No source references found""]",True,False,PASS,
cnw0249.xml,be05ba184062678f97f8531a7c37bfce53b313673081ee3e266afde9af93d764,35330,249,mei_idm140709265114560,work_d1e191187,official_cnw_v401,CNW,280,280,cnw_sources_v1,complete,7,2,1,0,7,7,0,2,2,0,2,2,2,0,2,0,"{""descriptive"": 7}","{""descriptive"": 2}",[],1,280,success,"[""No movements found"", ""No source references found"", ""No performance information found""]",True,False,1,726,success,"[""No movements found"", ""No source references found"", ""No performance information found""]",True,True,1,280,success,"[""No movements found"", ""No source references found"", ""No performance information found""]",True,False,PASS,
cnw0250.xml,e30e37d61ddd3760dfffef94a26b4b3e7de12f0855cee3779f59d77c0e03ad95,55170,250,mei_idm140354147659712,work_d1e191187,official_cnw_v401,CNW,281,281,cnw_sources_v1,complete,10,3,2,0,10,10,0,3,3,0,12,12,12,0,12,0,"{""descriptive"": 10}","{""descriptive"": 3}",[],1,281,success,"[""No movements found"", ""No source references found""]",True,False,1,727,success,"[""No movements found"", ""No source references found""]",True,True,1,281,success,"[""No movements found"", ""No source references found""]",True,False,PASS,
cnw0251.xml,3f7763e54788f12b8877bd4a592cc93575474a22d6136b287d018ded942636ba,44841,251,mei_idm139852531204368,work_d1e191187,official_cnw_v401,CNW,282,282,cnw_sources_v1,complete,7,3,2,0,7,7,0,3,3,0,9,9,9,0,9,0,"{""descriptive"": 7}","{""descriptive"": 3}",[],1,282,success,"[""No movements found"", ""No source references found"", ""Skipped performance event with no supported direct values""]",True,False,1,728,success,"[""No movements found"", ""No source references found"", ""Skipped performance event with no supported direct values""]",True,True,1,282,success,"[""No movements found"", ""No source references found"", ""Skipped performance event with no supported direct values""]",True,False,PASS,
cnw0252.xml,f1e94022cfb1548a13bdab1541f9e6e88f1b7693a83ce0dbb9e33b494152a7d4,49765,252,mei_idm140337090969936,work_d1e191187,official_cnw_v401,CNW,283,283,cnw_sources_v1,complete,6,4,2,0,6,6,0,4,4,0,6,6,6,0,6,0,"{""descriptive"": 6}","{""descriptive"": 4}",[],1,283,success,"[""No movements found"", ""No source references found""]",True,False,1,729,success,"[""No movements found"", ""No source references found""]",True,True,1,283,success,"[""No movements found"", ""No source references found""]",True,False,PASS,
cnw0253.xml,977cbc6dd84bcfad3f2f186d02c3006547919bbcc1bbcc7a0be48abc4ae2c310,84084,253,mei_idm140389427578304,work_d1e191187,official_cnw_v401,CNW,284,284,cnw_sources_v1,complete,15,4,4,0,15,15,0,4,4,0,18,18,18,0,18,0,"{""descriptive"": 15}","{""descriptive"": 4}",[],1,284,success,"[""No movements found"", ""No source references found""]",True,False,1,730,success,"[""No movements found"", ""No source references found""]",True,True,1,284,success,"[""No movements found"", ""No source references found""]",True,False,PASS,
cnw0254.xml,83204c3bd0ccc004176a9ed33219c96f1350ffa7a8dbdc1ab30e79e9b9b8e259,34152,254,mei_idm140257616687440,work_d1e191187,official_cnw_v401,CNW,285,285,cnw_sources_v1,complete,6,1,1,0,6,6,0,1,1,0,4,4,4,0,4,0,"{""descriptive"": 6}","{""descriptive"": 1}",[],1,285,success,"[""No movements found"", ""No source references found"", ""Skipped performance event with no supported direct values""]",True,False,1,731,success,"[""No movements found"", ""No source references found"", ""Skipped performance event with no supported direct values""]",True,True,1,285,success,"[""No movements found"", ""No source references found"", ""Skipped performance event with no supported direct values""]",True,False,PASS,
cnw0255.xml,d7cc9eabea17e4fb9bc6f60cf7ae5204f022b048b150eb9d205e13c2f7adaaf8,44261,255,mei_idm140053115162624,work_d1e191187,official_cnw_v401,CNW,286,286,cnw_sources_v1,complete,7,2,2,0,7,7,0,2,2,0,9,9,9,0,9,0,"{""descriptive"": 7}","{""descriptive"": 2}",[],1,286,success,"[""No movements found"", ""No source references found""]",True,False,1,732,success,"[""No movements found"", ""No source references found""]",True,True,1,286,success,"[""No movements found"", ""No source references found""]",True,False,PASS,
cnw0256.xml,96d435ff0bb1dc78fbc7fa878cc0907debe4f7f32bbced2ecbadce80ffd96d34,69013,256,mei_idm140336654190592,work_d1e191187,official_cnw_v401,CNW,287,287,cnw_sources_v1,complete,10,3,3,0,10,10,0,3,3,0,12,12,12,0,12,0,"{""descriptive"": 10}","{""descriptive"": 3}",[],1,287,success,"[""No movements found"", ""No source references found""]",True,False,1,733,success,"[""No movements found"", ""No source references found""]",True,True,1,287,success,"[""No movements found"", ""No source references found""]",True,False,PASS,
cnw0257.xml,a485523dbd7c6008e81803cffb7c1773be6ef67abfb1021e25bad81ee42242d2,35452,257,mei_idm140624046888960,work_d1e191187,official_cnw_v401,CNW,288,288,cnw_sources_v1,complete,6,1,1,0,6,6,0,1,1,0,8,8,8,0,8,0,"{""descriptive"": 6}","{""descriptive"": 1}",[],1,288,success,"[""No movements found"", ""No source references found"", ""No performance information found""]",True,False,1,734,success,"[""No movements found"", ""No source references found"", ""No performance information found""]",True,True,1,288,success,"[""No movements found"", ""No source references found"", ""No performance information found""]",True,False,PASS,
cnw0258.xml,7dea6a3b9bfeebaa6f281f7c69c3564796b367a4c5f2299c326d8f637f394c42,42060,258,mei_idm139832685437200,work_d1e191187,official_cnw_v401,CNW,289,289,cnw_sources_v1,complete,6,2,1,0,6,6,0,2,2,0,4,4,4,0,4,0,"{""descriptive"": 6}","{""descriptive"": 2}",[],1,289,success,"[""No movements found"", ""No source references found""]",True,False,1,735,success,"[""No movements found"", ""No source references found""]",True,True,1,289,success,"[""No movements found"", ""No source references found""]",True,False,PASS,
cnw0259.xml,1354565b1cb0021a1df29bdf64ee44a0f797e864d4b7b9f5bb9ea7ba3c66a9b7,36169,259,mei_idm139886441193808,work_d1e191187,official_cnw_v401,CNW,290,290,cnw_sources_v1,complete,6,2,1,0,6,6,0,2,2,0,5,5,5,0,5,0,"{""descriptive"": 6}","{""descriptive"": 2}",[],1,290,success,"[""No movements found"", ""No source references found"", ""Skipped performance event with no supported direct values""]",True,False,1,736,success,"[""No movements found"", ""No source references found"", ""Skipped performance event with no supported direct values""]",True,True,1,290,success,"[""No movements found"", ""No source references found"", ""Skipped performance event with no supported direct values""]",True,False,PASS,
cnw0260.xml,1b9b28fa4e1a0cfc72dcf081fc2794681a7fdc933e0c281324d4321bffe03c45,40208,260,mei_idm140266399217696,work_d1e191187,official_cnw_v401,CNW,291,291,cnw_sources_v1,complete,8,3,1,0,8,8,0,3,3,0,2,2,2,0,2,0,"{""descriptive"": 8}","{""descriptive"": 3}",[],1,291,success,"[""No movements found"", ""No source references found""]",True,False,1,737,success,"[""No movements found"", ""No source references found""]",True,True,1,291,success,"[""No movements found"", ""No source references found""]",True,False,PASS,
cnw0261.xml,60b717bc6f92fd56f73221380909e3e549cbf1657cb1ebd6f5c125f3bf4cbc2c,40032,261,mei_idm140219680579824,work_d1e191187,official_cnw_v401,CNW,292,292,cnw_sources_v1,complete,8,2,1,0,8,8,0,2,2,0,3,3,3,0,3,0,"{""descriptive"": 8}","{""descriptive"": 2}",[],1,292,success,"[""No movements found"", ""No source references found"", ""No performance information found""]",True,False,1,738,success,"[""No movements found"", ""No source references found"", ""No performance information found""]",True,True,1,292,success,"[""No movements found"", ""No source references found"", ""No performance information found""]",True,False,PASS,
cnw0262.xml,045ecc812c38bc010410be6dd42be81bfe687806966675a35f984abb85093740,83992,262,mei_idm139937337626560,work_d1e191187,official_cnw_v401,CNW,293,293,cnw_sources_v1,complete,5,2,2,0,5,5,0,2,2,0,5,5,5,0,5,0,"{""descriptive"": 5}","{""descriptive"": 2}",[],1,293,success,"[""No movements found"", ""No source references found""]",True,False,1,739,success,"[""No movements found"", ""No source references found""]",True,True,1,293,success,"[""No movements found"", ""No source references found""]",True,False,PASS,
cnw0263.xml,4ef57395e96fa2205d63e549a59b7f8e8f12245a40524abf37e7359734d49e3a,78839,263,mei_idm140532618962656,work_d1e191187,official_cnw_v401,CNW,294,294,cnw_sources_v1,complete,6,3,3,0,6,6,0,3,3,0,6,6,6,0,6,0,"{""descriptive"": 6}","{""descriptive"": 3}",[],1,294,success,"[""No movements found"", ""No source references found""]",True,False,1,740,success,"[""No movements found"", ""No source references found""]",True,True,1,294,success,"[""No movements found"", ""No source references found""]",True,False,PASS,
cnw0264.xml,5a99f479860e13ed4eef8bee20483204d5d003b84d112285f2592834a1895881,51848,264,mei_idm139732445828832,work_d1e191187,official_cnw_v401,CNW,295,295,cnw_sources_v1,complete,8,5,4,0,8,8,0,5,5,0,8,8,8,0,8,0,"{""descriptive"": 8}","{""descriptive"": 5}",[],1,295,success,"[""No movements found"", ""No source references found""]",True,False,1,741,success,"[""No movements found"", ""No source references found""]",True,True,1,295,success,"[""No movements found"", ""No source references found""]",True,False,PASS,
cnw0265.xml,8e205e7b0f39eddd23aa6d4c1ce4a3bdf39317e41c412bddc1c8eee335fdbe8f,83807,265,mei_idm139693172170624,work_d1e191187,official_cnw_v401,CNW,296,296,cnw_sources_v1,complete,9,4,3,0,9,9,0,4,4,0,9,9,9,0,9,0,"{""descriptive"": 9}","{""descriptive"": 4}",[],1,296,success,"[""No movements found"", ""No source references found""]",True,False,1,742,success,"[""No movements found"", ""No source references found""]",True,True,1,296,success,"[""No movements found"", ""No source references found""]",True,False,PASS,
cnw0266.xml,3d19138588fb876f8d508c0f284f305f360922b3e8bbeba52f082fe7ef431297,45626,266,mei_idm139897997260800,work_d1e191187,official_cnw_v401,CNW,297,297,cnw_sources_v1,complete,7,3,3,0,7,7,0,3,3,0,7,7,7,0,7,0,"{""descriptive"": 7}","{""descriptive"": 3}",[],1,297,success,"[""No movements found"", ""No source references found""]",True,False,1,743,success,"[""No movements found"", ""No source references found""]",True,True,1,297,success,"[""No movements found"", ""No source references found""]",True,False,PASS,
cnw0267.xml,2b0ac16a260663703078878aff603ae05e76d9cbe64b63cdd5cb193b70f6470a,54671,267,mei_idm140317189275424,work_d1e191187,official_cnw_v401,CNW,298,298,cnw_sources_v1,complete,7,4,3,0,7,7,0,4,4,0,7,7,7,0,7,0,"{""descriptive"": 7}","{""descriptive"": 4}",[],1,298,success,"[""No movements found"", ""No source references found""]",True,False,1,744,success,"[""No movements found"", ""No source references found""]",True,True,1,298,success,"[""No movements found"", ""No source references found""]",True,False,PASS,
cnw0268.xml,3da435b8ad77ee3b729476b7f8168290a3a9b32c8b54f5d564721c6bb27e2665,62605,268,mei_idm140349292146528,work_d1e191187,official_cnw_v401,CNW,299,299,cnw_sources_v1,complete,9,4,3,0,9,9,0,4,4,0,9,9,9,0,9,0,"{""descriptive"": 9}","{""descriptive"": 4}",[],1,299,success,"[""No movements found"", ""No source references found""]",True,False,1,745,success,"[""No movements found"", ""No source references found""]",True,True,1,299,success,"[""No movements found"", ""No source references found""]",True,False,PASS,
cnw0269.xml,930fb927231a05a8dbfee2bba1a93ea2dce96108df3c6b7a51ff37c2bab8b913,52564,269,mei_idm139719346118528,work_d1e191187,official_cnw_v401,CNW,300,300,cnw_sources_v1,complete,5,2,2,0,5,5,0,2,2,0,5,5,5,0,5,0,"{""descriptive"": 5}","{""descriptive"": 2}",[],1,300,success,"[""No movements found"", ""No source references found""]",True,False,1,746,success,"[""No movements found"", ""No source references found""]",True,True,1,300,success,"[""No movements found"", ""No source references found""]",True,False,PASS,
cnw0270.xml,374da52ea7f8ba306abdce843d1c8821c028761bcb91efa4a6cb91e10da55ec1,61672,270,mei_idm139690097504032,work_d1e191187,official_cnw_v401,CNW,301,301,cnw_sources_v1,complete,8,5,3,0,8,8,0,5,5,0,8,8,8,0,8,0,"{""descriptive"": 8}","{""descriptive"": 5}",[],1,301,success,"[""No movements found"", ""No source references found""]",True,False,1,747,success,"[""No movements found"", ""No source references found""]",True,True,1,301,success,"[""No movements found"", ""No source references found""]",True,False,PASS,
cnw0271.xml,6fe3d4ecbd9eb0084b083648def9a08cd438d505e3e510e80e6e3e86e0f4eb03,62517,271,mei_idm140028810661632,work_d1e191187,official_cnw_v401,CNW,302,302,cnw_sources_v1,complete,4,3,2,0,4,4,0,3,3,0,4,4,4,0,4,0,"{""descriptive"": 4}","{""descriptive"": 3}",[],1,302,success,"[""No movements found"", ""No source references found""]",True,False,1,748,success,"[""No movements found"", ""No source references found""]",True,True,1,302,success,"[""No movements found"", ""No source references found""]",True,False,PASS,
cnw0272.xml,ff5c9073ecbaf4e24250473db8af7cdbd7d0a54bcd22e7c253f2a0c7aa484246,29401,272,mei_idm140188839956752,work_d1e191187,official_cnw_v401,CNW,303,303,cnw_sources_v1,complete,3,2,1,0,3,3,0,2,2,0,2,2,2,0,2,0,"{""descriptive"": 3}","{""descriptive"": 2}",[],1,303,success,"[""No movements found"", ""No source references found"", ""Skipped performance event with no supported direct values""]",True,False,1,749,success,"[""No movements found"", ""No source references found"", ""Skipped performance event with no supported direct values""]",True,True,1,303,success,"[""No movements found"", ""No source references found"", ""Skipped performance event with no supported direct values""]",True,False,PASS,
cnw0273.xml,3ce2dd852b10a1c4f6a871674da8352afa817adc29cfe0ca283deadb6b418b2d,26220,273,mei_idm140452987752288,work_d1e191187,official_cnw_v401,CNW,304,304,cnw_sources_v1,complete,3,2,1,0,3,3,0,2,2,0,2,2,2,0,2,0,"{""descriptive"": 3}","{""descriptive"": 2}",[],1,304,success,"[""No movements found"", ""No source references found"", ""Skipped performance event with no supported direct values""]",True,False,1,750,success,"[""No movements found"", ""No source references found"", ""Skipped performance event with no supported direct values""]",True,True,1,304,success,"[""No movements found"", ""No source references found"", ""Skipped performance event with no supported direct values""]",True,False,PASS,
cnw0274.xml,c5fb5369963954a13f32764e655c2f123a074b79434a0895096761a31fa0babb,36764,274,mei_idm140496990363424,work_d1e191187,official_cnw_v401,CNW,305,305,cnw_sources_v1,complete,3,2,1,0,3,3,0,2,2,0,2,2,2,0,2,0,"{""descriptive"": 3}","{""descriptive"": 2}",[],1,305,success,"[""No movements found"", ""No source references found"", ""Skipped performance event with no supported direct values""]",True,False,1,751,success,"[""No movements found"", ""No source references found"", ""Skipped performance event with no supported direct values""]",True,True,1,305,success,"[""No movements found"", ""No source references found"", ""Skipped performance event with no supported direct values""]",True,False,PASS,
cnw0275.xml,ed43d1752f5efb880cf4641c6edf6afb5e825990a71568d716e7bb8e13e0231e,29202,275,mei_idm140197633134464,work_d1e191187,official_cnw_v401,CNW,306,306,cnw_sources_v1,complete,3,2,1,0,3,3,0,2,2,0,2,2,2,0,2,0,"{""descriptive"": 3}","{""descriptive"": 2}",[],1,306,success,"[""No movements found"", ""No source references found"", ""Skipped performance event with no supported direct values""]",True,False,1,752,success,"[""No movements found"", ""No source references found"", ""Skipped performance event with no supported direct values""]",True,True,1,306,success,"[""No movements found"", ""No source references found"", ""Skipped performance event with no supported direct values""]",True,False,PASS,
cnw0276.xml,d9aca40f5c2fae7cd392a56f2e61af4dbcdea2a33b70f59f46ab11c3c035fc38,26508,276,mei_idm140011540410304,work_d1e191187,official_cnw_v401,CNW,307,307,cnw_sources_v1,complete,4,3,1,0,4,4,0,3,3,0,2,2,2,0,2,0,"{""descriptive"": 4}","{""descriptive"": 3}",[],1,307,success,"[""No movements found"", ""No source references found"", ""Skipped performance event with no supported direct values""]",True,False,1,753,success,"[""No movements found"", ""No source references found"", ""Skipped performance event with no supported direct values""]",True,True,1,307,success,"[""No movements found"", ""No source references found"", ""Skipped performance event with no supported direct values""]",True,False,PASS,
cnw0277.xml,e47af881a96e9d981c287c0660030da8bb173bdbd0e162b8efee7b8c5cb1ce2a,23641,277,mei_idm140719710990672,work_d1e191187,official_cnw_v401,CNW,308,308,cnw_sources_v1,complete,2,1,1,0,2,2,0,1,1,0,2,2,2,0,2,0,"{""descriptive"": 2}","{""descriptive"": 1}",[],1,308,success,"[""No movements found"", ""No source references found"", ""Skipped performance event with no supported direct values""]",True,False,1,754,success,"[""No movements found"", ""No source references found"", ""Skipped performance event with no supported direct values""]",True,True,1,308,success,"[""No movements found"", ""No source references found"", ""Skipped performance event with no supported direct values""]",True,False,PASS,
cnw0278.xml,f55d50310baf80d388dd1837fe35e476b576c285d0652dec3e204e3cfc595873,23695,278,mei_idm140484906016704,work_d1e191187,official_cnw_v401,CNW,309,309,cnw_sources_v1,complete,2,1,1,0,2,2,0,1,1,0,2,2,2,0,2,0,"{""descriptive"": 2}","{""descriptive"": 1}",[],1,309,success,"[""No movements found"", ""No source references found"", ""Skipped performance event with no supported direct values""]",True,False,1,755,success,"[""No movements found"", ""No source references found"", ""Skipped performance event with no supported direct values""]",True,True,1,309,success,"[""No movements found"", ""No source references found"", ""Skipped performance event with no supported direct values""]",True,False,PASS,
cnw0279.xml,d0bc99ce3be7e63e42f414c6cbae232956eeb59b0fd45b12b96ebcbe27719a41,23557,279,mei_idm140288333998080,work_d1e191187,official_cnw_v401,CNW,310,310,cnw_sources_v1,complete,2,1,1,0,2,2,0,1,1,0,2,2,2,0,2,0,"{""descriptive"": 2}","{""descriptive"": 1}",[],1,310,success,"[""No movements found"", ""No source references found"", ""Skipped performance event with no supported direct values""]",True,False,1,756,success,"[""No movements found"", ""No source references found"", ""Skipped performance event with no supported direct values""]",True,True,1,310,success,"[""No movements found"", ""No source references found"", ""Skipped performance event with no supported direct values""]",True,False,PASS,
cnw0280.xml,b47526f4534eeeffedc1d5025f2b567956d42d34fb3dc3a1511d3aff09ae5303,20121,280,mei_idm139905519640912,work_d1e191187,official_cnw_v401,CNW,311,311,cnw_sources_v1,complete,1,1,1,0,1,1,0,1,1,0,1,1,1,0,1,0,"{""descriptive"": 1}","{""descriptive"": 1}",[],1,311,success,"[""No movements found"", ""No source references found"", ""Skipped performance event with no supported direct values""]",True,False,1,757,success,"[""No movements found"", ""No source references found"", ""Skipped performance event with no supported direct values""]",True,True,1,311,success,"[""No movements found"", ""No source references found"", ""Skipped performance event with no supported direct values""]",True,False,PASS,
cnw0281.xml,0ca31a729323477309c0d42a922f4bc1552a6dca5ca5d3df026ed481bcf0ce38,25946,281,mei_idm140067811901776,work_d1e191187,official_cnw_v401,CNW,312,312,cnw_sources_v1,complete,3,2,2,0,3,3,0,2,2,0,3,3,3,0,3,0,"{""descriptive"": 3}","{""descriptive"": 2}",[],1,312,success,"[""No movements found"", ""No source references found"", ""Skipped performance event with no supported direct values""]",True,False,1,758,success,"[""No movements found"", ""No source references found"", ""Skipped performance event with no supported direct values""]",True,True,1,312,success,"[""No movements found"", ""No source references found"", ""Skipped performance event with no supported direct values""]",True,False,PASS,
cnw0282.xml,0205153ad29d9da1b4eb0d5031a466f9ed8c24b73b86848648d393b016761f13,18651,282,mei_idm140469205750096,work_d1e191187,official_cnw_v401,CNW,313,313,cnw_sources_v1,complete,1,1,1,0,1,1,0,1,1,0,1,1,1,0,1,0,"{""descriptive"": 1}","{""descriptive"": 1}",[],1,313,success,"[""No movements found"", ""No source references found"", ""Skipped performance event with no supported direct values""]",True,False,1,759,success,"[""No movements found"", ""No source references found"", ""Skipped performance event with no supported direct values""]",True,True,1,313,success,"[""No movements found"", ""No source references found"", ""Skipped performance event with no supported direct values""]",True,False,PASS,
cnw0283.xml,dcbf713ef8e2a65d8a4948936c95937690b2af3bdb6f553f345e0dd1940e20a3,18513,283,mei_idm140032447905728,work_d1e191187,official_cnw_v401,CNW,314,314,cnw_sources_v1,complete,1,1,1,0,1,1,0,1,1,0,1,1,1,0,1,0,"{""descriptive"": 1}","{""descriptive"": 1}",[],1,314,success,"[""No movements found"", ""No source references found"", ""Skipped performance event with no supported direct values""]",True,False,1,760,success,"[""No movements found"", ""No source references found"", ""Skipped performance event with no supported direct values""]",True,True,1,314,success,"[""No movements found"", ""No source references found"", ""Skipped performance event with no supported direct values""]",True,False,PASS,
cnw0284.xml,98859022dd415f9c7116c56b35605cb25b977f8c067d3ecf1041ec35c1b7fe79,18205,284,mei_idm139683764545568,work_d1e191187,official_cnw_v401,CNW,315,315,cnw_sources_v1,complete,1,1,1,0,1,1,0,1,1,0,1,1,1,0,1,0,"{""descriptive"": 1}","{""descriptive"": 1}",[],1,315,success,"[""No movements found"", ""No source references found"", ""Skipped performance event with no supported direct values""]",True,False,1,761,success,"[""No movements found"", ""No source references found"", ""Skipped performance event with no supported direct values""]",True,True,1,315,success,"[""No movements found"", ""No source references found"", ""Skipped performance event with no supported direct values""]",True,False,PASS,
cnw0285.xml,2ac3e1bc8432a0061f94dfa989855c97467ba19c4dd488a4bbafab64bbb380ce,25724,285,mei_idm139879897278384,work_d1e191187,official_cnw_v401,CNW,316,316,cnw_sources_v1,complete,3,2,1,0,3,3,0,2,2,0,3,3,3,0,3,0,"{""descriptive"": 3}","{""descriptive"": 2}",[],1,316,success,"[""No movements found"", ""No source references found"", ""Skipped performance event with no supported direct values""]",True,False,1,762,success,"[""No movements found"", ""No source references found"", ""Skipped performance event with no supported direct values""]",True,True,1,316,success,"[""No movements found"", ""No source references found"", ""Skipped performance event with no supported direct values""]",True,False,PASS,
cnw0286.xml,827521d52fdabfd7f2c76bb9fb2e2e1c00987a7e52804cf3c6eb9c2fe694b303,22791,286,mei_idm140118088372496,work_d1e191187,official_cnw_v401,CNW,317,317,cnw_sources_v1,complete,3,2,1,0,3,3,0,2,2,0,3,3,3,0,3,0,"{""descriptive"": 3}","{""descriptive"": 2}",[],1,317,success,"[""No movements found"", ""No source references found"", ""Skipped performance event with no supported direct values""]",True,False,1,763,success,"[""No movements found"", ""No source references found"", ""Skipped performance event with no supported direct values""]",True,True,1,317,success,"[""No movements found"", ""No source references found"", ""Skipped performance event with no supported direct values""]",True,False,PASS,
cnw0287.xml,41efc270d8bca61d4b86cf2e170cd59662ac43688950d1f471918673a409b486,22950,287,mei_idm139643820490992,work_d1e191187,official_cnw_v401,CNW,318,318,cnw_sources_v1,complete,2,2,1,0,2,2,0,2,2,0,1,1,1,0,1,0,"{""descriptive"": 2}","{""descriptive"": 2}",[],1,318,success,"[""No movements found"", ""No source references found"", ""Skipped performance event with no supported direct values""]",True,False,1,764,success,"[""No movements found"", ""No source references found"", ""Skipped performance event with no supported direct values""]",True,True,1,318,success,"[""No movements found"", ""No source references found"", ""Skipped performance event with no supported direct values""]",True,False,PASS,
cnw0288.xml,a28c05fe63f35616f029c99a8b9b7d0d890a684e4889adf3f6621b9cdd5a1834,256486,288,mei_idm140285403177200,work_d1e191187,official_cnw_v401,CNW,319,319,cnw_sources_v1,complete,29,8,8,0,29,29,0,8,8,0,37,37,37,0,37,0,"{""descriptive"": 29}","{""descriptive"": 8}",[],1,319,success,"[""No movements found"", ""No source references found"", ""Non-exact performance date was not stored""]",True,False,1,765,success,"[""No movements found"", ""No source references found"", ""Non-exact performance date was not stored""]",True,True,1,319,success,"[""No movements found"", ""No source references found"", ""Non-exact performance date was not stored""]",True,False,PASS,
cnw0289.xml,5450a87a43220ae647a3a71a907f0d98e15e7541a5535c44121389123d57c812,19864,289,mei_idm140732845227904,work_d1e191187,official_cnw_v401,CNW,320,320,cnw_sources_v1,complete,2,1,1,0,2,2,0,1,1,0,1,1,1,0,1,0,"{""descriptive"": 2}","{""descriptive"": 1}",[],1,320,success,"[""No movements found"", ""No source references found"", ""Skipped performance event with no supported direct values""]",True,False,1,766,success,"[""No movements found"", ""No source references found"", ""Skipped performance event with no supported direct values""]",True,True,1,320,success,"[""No movements found"", ""No source references found"", ""Skipped performance event with no supported direct values""]",True,False,PASS,
cnw0290.xml,5fd68c8cfc97a1f5efbac546e3359f1cdc825e26ef35a5822d6c53e0558372c9,28936,290,mei_idm140121442766720,work_d1e191187,official_cnw_v401,CNW,321,321,cnw_sources_v1,complete,4,3,1,0,4,4,0,3,3,0,3,3,3,0,3,0,"{""descriptive"": 4}","{""descriptive"": 3}",[],1,321,success,"[""No movements found"", ""No source references found"", ""Skipped performance event with no supported direct values"", ""No external references found""]",True,False,1,767,success,"[""No movements found"", ""No source references found"", ""Skipped performance event with no supported direct values"", ""No external references found""]",True,True,1,321,success,"[""No movements found"", ""No source references found"", ""Skipped performance event with no supported direct values"", ""No external references found""]",True,False,PASS,
cnw0291.xml,5f40efa0190cf4bde00dc4c2afd7ad85fea07a31e649d7df20dd0f88e56a370f,75524,291,mei_idm140359774941120,work_d1e191187,official_cnw_v401,CNW,322,322,cnw_sources_v1,complete,13,5,4,0,13,13,0,5,5,0,15,15,15,0,15,0,"{""descriptive"": 13}","{""descriptive"": 5}",[],1,322,success,"[""No movements found"", ""No source references found""]",True,False,1,768,success,"[""No movements found"", ""No source references found""]",True,True,1,322,success,"[""No movements found"", ""No source references found""]",True,False,PASS,
cnw0292.xml,dbc9bbaab854f6621e5a9d767d09af18fc6bdff39c90d9f468e89f72ed3b4f27,20212,292,mei_idm140262149230832,work_d1e191187,official_cnw_v401,CNW,323,323,cnw_sources_v1,complete,1,0,1,0,1,1,0,0,0,0,1,1,1,0,1,0,"{""descriptive"": 1}",{},[],1,323,success,"[""No movements found"", ""No source references found"", ""Skipped performance event with no supported direct values""]",True,False,1,769,success,"[""No movements found"", ""No source references found"", ""Skipped performance event with no supported direct values""]",True,True,1,323,success,"[""No movements found"", ""No source references found"", ""Skipped performance event with no supported direct values""]",True,False,PASS,
cnw0293.xml,8ffb2d4ca9234af91a288f059d0a0eadc3bbf9c520f24cde09d9398cb48cf9a1,50738,293,mei_idm140715743707472,work_d1e191187,official_cnw_v401,CNW,324,324,cnw_sources_v1,complete,10,7,4,0,10,10,0,7,7,0,10,10,10,0,10,0,"{""descriptive"": 10}","{""descriptive"": 7}",[],1,324,success,"[""No movements found"", ""No source references found"", ""Skipped performance event with no supported direct values""]",True,False,1,770,success,"[""No movements found"", ""No source references found"", ""Skipped performance event with no supported direct values""]",True,True,1,324,success,"[""No movements found"", ""No source references found"", ""Skipped performance event with no supported direct values""]",True,False,PASS,
cnw0294.xml,c525cd3cc413562f406db8bca19e9b23f114b3207e87f1a0e3cebc1d58cb2db8,26529,294,mei_idm139753437146912,work_d1e191187,official_cnw_v401,CNW,325,325,cnw_sources_v1,complete,2,1,1,0,2,2,0,1,1,0,1,1,1,0,1,0,"{""descriptive"": 2}","{""descriptive"": 1}",[],1,325,success,"[""No movements found"", ""No source references found"", ""Skipped performance event with no supported direct values""]",True,False,1,771,success,"[""No movements found"", ""No source references found"", ""Skipped performance event with no supported direct values""]",True,True,1,325,success,"[""No movements found"", ""No source references found"", ""Skipped performance event with no supported direct values""]",True,False,PASS,
cnw0295.xml,97e03fe95072d9a34a8e07496eba66c079bfcda06e1004405176b648c72bc55f,49218,295,mei_idm140298914820432,work_d1e191187,official_cnw_v401,CNW,326,326,cnw_sources_v1,complete,4,1,2,0,4,4,0,1,1,0,4,4,4,0,4,0,"{""descriptive"": 4}","{""descriptive"": 1}",[],1,326,success,"[""No movements found"", ""No source references found""]",True,False,1,772,success,"[""No movements found"", ""No source references found""]",True,True,1,326,success,"[""No movements found"", ""No source references found""]",True,False,PASS,
cnw0296.xml,186bd67cd3cde13b1fcab143150b828bedc52066f9a02e0c122e421d9956ba2a,23364,296,mei_idm140134162550656,work_d1e191187,official_cnw_v401,CNW,327,327,cnw_sources_v1,complete,1,1,1,0,1,1,0,1,1,0,1,1,1,0,1,0,"{""descriptive"": 1}","{""descriptive"": 1}",[],1,327,success,"[""No movements found"", ""No source references found"", ""Skipped performance event with no supported direct values""]",True,False,1,773,success,"[""No movements found"", ""No source references found"", ""Skipped performance event with no supported direct values""]",True,True,1,327,success,"[""No movements found"", ""No source references found"", ""Skipped performance event with no supported direct values""]",True,False,PASS,
cnw0297.xml,f5e520d25aa0da61408ea8eb72606f2609767371048a9d34ddf0155a62c79fda,19465,297,mei_idm140604963139824,work_d1e191187,official_cnw_v401,CNW,328,328,cnw_sources_v1,complete,1,1,1,0,1,1,0,1,1,0,1,1,1,0,1,0,"{""descriptive"": 1}","{""descriptive"": 1}",[],1,328,success,"[""No movements found"", ""No source references found"", ""Skipped performance event with no supported direct values""]",True,False,1,774,success,"[""No movements found"", ""No source references found"", ""Skipped performance event with no supported direct values""]",True,True,1,328,success,"[""No movements found"", ""No source references found"", ""Skipped performance event with no supported direct values""]",True,False,PASS,
cnw0298.xml,041b5f001e9e65df973fb7eff7aaf9662de277e23c06d857355693d4e1b4864e,21266,298,mei_idm140358221305280,work_d1e191187,official_cnw_v401,CNW,329,329,cnw_sources_v1,complete,2,1,1,0,2,2,0,1,1,0,2,2,2,0,2,0,"{""descriptive"": 2}","{""descriptive"": 1}",[],1,329,success,"[""No movements found"", ""No source references found"", ""Skipped performance event with no supported direct values""]",True,False,1,775,success,"[""No movements found"", ""No source references found"", ""Skipped performance event with no supported direct values""]",True,True,1,329,success,"[""No movements found"", ""No source references found"", ""Skipped performance event with no supported direct values""]",True,False,PASS,
cnw0299.xml,0919648d1f266bc4cafcd452b101ba55e154b4483a3115367070b7830aeae32b,22744,299,mei_idm139725763432784,work_d1e191187,official_cnw_v401,CNW,330,330,cnw_sources_v1,complete,3,2,1,0,3,3,0,2,2,0,2,2,2,0,2,0,"{""descriptive"": 3}","{""descriptive"": 2}",[],1,330,success,"[""No movements found"", ""No source references found"", ""Skipped performance event with no supported direct values""]",True,False,1,776,success,"[""No movements found"", ""No source references found"", ""Skipped performance event with no supported direct values""]",True,True,1,330,success,"[""No movements found"", ""No source references found"", ""Skipped performance event with no supported direct values""]",True,False,PASS,
cnw0300.xml,286288e442bb9a274074d4e0dc16670a0c591274a1f0e68c85c7b30a31bdc60c,27366,300,mei_idm139957225586528,work_d1e191187,official_cnw_v401,CNW,331,331,cnw_sources_v1,complete,4,3,1,0,4,4,0,3,3,0,2,2,2,0,2,0,"{""descriptive"": 4}","{""descriptive"": 3}",[],1,331,success,"[""No movements found"", ""No source references found"", ""Skipped performance event with no supported direct values""]",True,False,1,777,success,"[""No movements found"", ""No source references found"", ""Skipped performance event with no supported direct values""]",True,True,1,331,success,"[""No movements found"", ""No source references found"", ""Skipped performance event with no supported direct values""]",True,False,PASS,
cnw0301.xml,59fadb6075cfcf1c3e40ba745104cb62cc2c1fda284538f5ed8f2f58624eaa00,31717,301,mei_idm140665755707312,work_d1e191187,official_cnw_v401,CNW,332,332,cnw_sources_v1,complete,5,4,2,0,5,5,0,4,4,0,5,5,5,0,5,0,"{""descriptive"": 5}","{""descriptive"": 4}",[],1,332,success,"[""No movements found"", ""No source references found"", ""Skipped performance event with no supported direct values""]",True,False,1,778,success,"[""No movements found"", ""No source references found"", ""Skipped performance event with no supported direct values""]",True,True,1,332,success,"[""No movements found"", ""No source references found"", ""Skipped performance event with no supported direct values""]",True,False,PASS,
cnw0302.xml,df9a76c650ccf6a15cf33f4ff75733da014cb24fb5f0634361171419fdf1abf9,40419,302,mei_idm140188456757184,work_d1e191187,official_cnw_v401,CNW,333,333,cnw_sources_v1,complete,2,1,1,0,2,2,0,1,1,0,1,1,1,0,1,0,"{""descriptive"": 2}","{""descriptive"": 1}",[],1,333,success,"[""No movements found"", ""No source references found""]",True,False,1,779,success,"[""No movements found"", ""No source references found""]",True,True,1,333,success,"[""No movements found"", ""No source references found""]",True,False,PASS,
cnw0303.xml,0a46ec1b07ff1a5bae47803074d4e7ea6ac454511fed880ab17e16c2323f6dbd,102404,303,mei_idm140424837087104,work_d1e191187,official_cnw_v401,CNW,334,334,cnw_sources_v1,complete,2,1,1,0,2,2,0,1,1,0,1,1,1,0,1,0,"{""descriptive"": 2}","{""descriptive"": 1}",[],1,334,success,"[""No movements found"", ""No source references found""]",True,False,1,780,success,"[""No movements found"", ""No source references found""]",True,True,1,334,success,"[""No movements found"", ""No source references found""]",True,False,PASS,
cnw0304.xml,b3402d2e86ec727fd43da87eaa8776842f4b86e20d245a535f87a0843e28f2a9,35395,304,mei_idm139726889316224,work_d1e191187,official_cnw_v401,CNW,335,335,cnw_sources_v1,complete,5,2,2,0,5,5,0,2,2,0,5,5,5,0,5,0,"{""descriptive"": 5}","{""descriptive"": 2}",[],1,335,success,"[""No movements found"", ""No source references found""]",True,False,1,781,success,"[""No movements found"", ""No source references found""]",True,True,1,335,success,"[""No movements found"", ""No source references found""]",True,False,PASS,
cnw0305.xml,ed7304ac70aa67343279e7600efd4930a023e633a45bab13373bff1846cdb6fb,31488,305,mei_idm139970195190032,work_d1e191187,official_cnw_v401,CNW,336,336,cnw_sources_v1,complete,3,3,1,0,3,3,0,3,3,0,1,1,1,0,1,0,"{""descriptive"": 3}","{""descriptive"": 3}",[],1,336,success,"[""No movements found"", ""No source references found""]",True,False,1,782,success,"[""No movements found"", ""No source references found""]",True,True,1,336,success,"[""No movements found"", ""No source references found""]",True,False,PASS,
cnw0306.xml,b8d4bc136e8d5e60c2855d256fea4bce7f5765ec28f0556cd852995ea19ada0b,29617,306,mei_idm140268446107584,work_d1e191187,official_cnw_v401,CNW,337,337,cnw_sources_v1,complete,2,1,1,0,2,2,0,1,1,0,2,2,2,0,2,0,"{""descriptive"": 2}","{""descriptive"": 1}",[],1,337,success,"[""No movements found"", ""No source references found"", ""Skipped performance event with no supported direct values""]",True,False,1,783,success,"[""No movements found"", ""No source references found"", ""Skipped performance event with no supported direct values""]",True,True,1,337,success,"[""No movements found"", ""No source references found"", ""Skipped performance event with no supported direct values""]",True,False,PASS,
cnw0307.xml,d56049897c96470281f2dac044914f85a118977a85f570e0884632d7cdaa46e9,43982,307,mei_idm139992088372672,work_d1e191187,official_cnw_v401,CNW,338,338,cnw_sources_v1,complete,9,5,3,0,9,9,0,5,5,0,9,9,9,0,9,0,"{""descriptive"": 9}","{""descriptive"": 5}",[],1,338,success,"[""No movements found"", ""No source references found"", ""Skipped performance event with no supported direct values""]",True,False,1,784,success,"[""No movements found"", ""No source references found"", ""Skipped performance event with no supported direct values""]",True,True,1,338,success,"[""No movements found"", ""No source references found"", ""Skipped performance event with no supported direct values""]",True,False,PASS,
cnw0308.xml,7717618b214db2a509e6cb860413d71abce554dfe02a6d8fb3cd0e377e15ab72,35660,308,mei_idm139876593475824,work_d1e191187,official_cnw_v401,CNW,339,339,cnw_sources_v1,complete,2,0,2,0,2,2,0,0,0,0,2,2,2,0,2,0,"{""descriptive"": 2}",{},[],1,339,success,"[""No movements found"", ""No source references found""]",True,False,1,785,success,"[""No movements found"", ""No source references found""]",True,True,1,339,success,"[""No movements found"", ""No source references found""]",True,False,PASS,
cnw0309.xml,4d2e28b3c2f8ab507145ffa6f519ae9081db08ffdb76ff8242568afaeece0ae7,19901,309,mei_idm139643678109536,work_d1e191187,official_cnw_v401,CNW,340,340,cnw_sources_v1,complete,1,1,1,0,1,1,0,1,1,0,1,1,1,0,1,0,"{""descriptive"": 1}","{""descriptive"": 1}",[],1,340,success,"[""No movements found"", ""No source references found"", ""Skipped performance event with no supported direct values""]",True,False,1,786,success,"[""No movements found"", ""No source references found"", ""Skipped performance event with no supported direct values""]",True,True,1,340,success,"[""No movements found"", ""No source references found"", ""Skipped performance event with no supported direct values""]",True,False,PASS,
cnw0310.xml,3f2533774b5f199e6fb3a0a66284b1a15f54b7e4ee3bcb00f2b460d2cbd80aa7,21407,310,mei_idm139690460229904,work_d1e191187,official_cnw_v401,CNW,341,341,cnw_sources_v1,complete,2,1,1,0,2,2,0,1,1,0,1,1,1,0,1,0,"{""descriptive"": 2}","{""descriptive"": 1}",[],1,341,success,"[""No movements found"", ""No source references found""]",True,False,1,787,success,"[""No movements found"", ""No source references found""]",True,True,1,341,success,"[""No movements found"", ""No source references found""]",True,False,PASS,
cnw0311.xml,0d54f6aaf1d4c0eac42c2e5c41b5483a8d109da71d48cf5c9448e750a05ae8c7,24962,311,mei_idm140163307874304,work_d1e191187,official_cnw_v401,CNW,342,342,cnw_sources_v1,complete,3,1,1,0,3,3,0,1,1,0,3,3,3,0,3,0,"{""descriptive"": 3}","{""descriptive"": 1}",[],1,342,success,"[""No movements found"", ""No source references found"", ""Skipped performance event with no supported direct values""]",True,False,1,788,success,"[""No movements found"", ""No source references found"", ""Skipped performance event with no supported direct values""]",True,True,1,342,success,"[""No movements found"", ""No source references found"", ""Skipped performance event with no supported direct values""]",True,False,PASS,
cnw0312.xml,9de015b8f728552cf2687f05562b8a5814aac05246adb7b65999c60a13c0629b,35374,312,mei_idm139701360034032,work_d1e191187,official_cnw_v401,CNW,343,343,cnw_sources_v1,complete,6,5,1,0,6,6,0,5,5,0,1,1,1,0,1,0,"{""descriptive"": 6}","{""descriptive"": 5}",[],1,343,success,"[""No movements found"", ""No source references found"", ""Skipped performance event with no supported direct values""]",True,False,1,789,success,"[""No movements found"", ""No source references found"", ""Skipped performance event with no supported direct values""]",True,True,1,343,success,"[""No movements found"", ""No source references found"", ""Skipped performance event with no supported direct values""]",True,False,PASS,
cnw0313.xml,20222bc0e9ef7997b71faa0cf0c2da6c67c19252e17f8cc8235434a9971b5837,36751,313,mei_idm139960220594512,work_d1e191187,official_cnw_v401,CNW,344,344,cnw_sources_v1,complete,3,1,1,0,3,3,0,1,1,0,3,3,3,0,3,0,"{""descriptive"": 3}","{""descriptive"": 1}",[],1,344,success,"[""No movements found"", ""No source references found"", ""Skipped performance event with no supported direct values""]",True,False,1,790,success,"[""No movements found"", ""No source references found"", ""Skipped performance event with no supported direct values""]",True,True,1,344,success,"[""No movements found"", ""No source references found"", ""Skipped performance event with no supported direct values""]",True,False,PASS,
cnw0314.xml,b66f808c16595583bb54366071f00ef1037a362f245d7dc7951a50fa310a6dae,32642,314,mei_idm140451290812288,work_d1e191187,official_cnw_v401,CNW,345,345,cnw_sources_v1,complete,4,2,1,0,4,4,0,2,2,0,2,2,2,0,2,0,"{""descriptive"": 4}","{""descriptive"": 2}",[],1,345,success,"[""No movements found"", ""No source references found""]",True,False,1,791,success,"[""No movements found"", ""No source references found""]",True,True,1,345,success,"[""No movements found"", ""No source references found""]",True,False,PASS,
cnw0315.xml,65c2b44319979c27912def36d2e442903285c7ba8a42d505b9c609de9f3557fb,40903,315,mei_idm140427304319008,work_d1e191187,official_cnw_v401,CNW,346,346,cnw_sources_v1,complete,4,3,1,0,4,4,0,3,3,0,1,1,1,0,1,0,"{""descriptive"": 4}","{""descriptive"": 3}",[],1,346,success,"[""No movements found"", ""No source references found""]",True,False,1,792,success,"[""No movements found"", ""No source references found""]",True,True,1,346,success,"[""No movements found"", ""No source references found""]",True,False,PASS,
cnw0316.xml,0de65aab7c8aa411749e2e6553738f27488b30fcf6230b548b835a8442e7b6a9,19977,316,mei_idm140359032497600,work_d1e191187,official_cnw_v401,CNW,347,347,cnw_sources_v1,complete,2,1,1,0,2,2,0,1,1,0,2,2,2,0,2,0,"{""descriptive"": 2}","{""descriptive"": 1}",[],1,347,success,"[""No movements found"", ""No source references found"", ""Skipped performance event with no supported direct values""]",True,False,1,793,success,"[""No movements found"", ""No source references found"", ""Skipped performance event with no supported direct values""]",True,True,1,347,success,"[""No movements found"", ""No source references found"", ""Skipped performance event with no supported direct values""]",True,False,PASS,
cnw0317.xml,15e392da19c863c65a00aef20ee93178f1e0c71efbe1cc979294ed37501973bd,25479,317,mei_idm140086583632208,work_d1e191187,official_cnw_v401,CNW,348,348,cnw_sources_v1,complete,2,1,1,0,2,2,0,1,1,0,1,1,1,0,1,0,"{""descriptive"": 2}","{""descriptive"": 1}",[],1,348,success,"[""No movements found"", ""No source references found"", ""Skipped performance event with no supported direct values""]",True,False,1,794,success,"[""No movements found"", ""No source references found"", ""Skipped performance event with no supported direct values""]",True,True,1,348,success,"[""No movements found"", ""No source references found"", ""Skipped performance event with no supported direct values""]",True,False,PASS,
cnw0318.xml,ff769466ed8bb3dab86d42cc2b4d1e8a0d9e9e261e603f79bd52aa15dd536338,46226,318,mei_idm140295979957056,work_d1e191187,official_cnw_v401,CNW,349,349,cnw_sources_v1,complete,9,3,2,0,9,9,0,3,3,0,10,10,10,0,10,0,"{""descriptive"": 9}","{""descriptive"": 3}",[],1,349,success,"[""No movements found"", ""No source references found"", ""Skipped performance event with no supported direct values""]",True,False,1,795,success,"[""No movements found"", ""No source references found"", ""Skipped performance event with no supported direct values""]",True,True,1,349,success,"[""No movements found"", ""No source references found"", ""Skipped performance event with no supported direct values""]",True,False,PASS,
cnw0319.xml,a12b144d41b12d13f465ee3c607bf6bb3d9f876d7f9c565b6f0afe01f84f37be,32924,319,mei_idm139651736592656,work_d1e191187,official_cnw_v401,CNW,350,350,cnw_sources_v1,complete,5,2,1,0,5,5,0,2,2,0,1,1,1,0,1,0,"{""descriptive"": 5}","{""descriptive"": 2}",[],1,350,success,"[""No movements found"", ""No source references found"", ""Skipped performance event with no supported direct values""]",True,False,1,796,success,"[""No movements found"", ""No source references found"", ""Skipped performance event with no supported direct values""]",True,True,1,350,success,"[""No movements found"", ""No source references found"", ""Skipped performance event with no supported direct values""]",True,False,PASS,
cnw0320.xml,7fd8d87948e269df169a13e1a5488e3ffd7f90553a25561e1f09e1c41d51e9e3,30024,320,mei_idm140348353183984,work_d1e191187,official_cnw_v401,CNW,351,351,cnw_sources_v1,complete,6,3,1,0,6,6,0,3,3,0,0,0,0,0,0,0,"{""descriptive"": 5, ""label_or_link_stub"": 1}","{""descriptive"": 3}",[],1,351,success,"[""No movements found"", ""No source references found"", ""Skipped performance event with no supported direct values""]",True,False,1,797,success,"[""No movements found"", ""No source references found"", ""Skipped performance event with no supported direct values""]",True,True,1,351,success,"[""No movements found"", ""No source references found"", ""Skipped performance event with no supported direct values""]",True,False,PASS,
cnw0321.xml,337efd477b0b2334ced26148a998d80a9b5e3eb4856e778db5c5706ca1dc17d7,31717,321,mei_idm139899396724768,work_d1e191187,official_cnw_v401,CNW,352,352,cnw_sources_v1,complete,6,3,1,0,6,6,0,3,3,0,2,2,2,0,2,0,"{""descriptive"": 5, ""label_or_link_stub"": 1}","{""descriptive"": 3}",[],1,352,success,"[""No movements found"", ""No source references found"", ""Skipped performance event with no supported direct values""]",True,False,1,798,success,"[""No movements found"", ""No source references found"", ""Skipped performance event with no supported direct values""]",True,True,1,352,success,"[""No movements found"", ""No source references found"", ""Skipped performance event with no supported direct values""]",True,False,PASS,
cnw0322.xml,79e6e1832a8ebd6169343671c7fd83873ba171d1473c19afb372396e86295559,34358,322,mei_idm140543705681856,work_d1e191187,official_cnw_v401,CNW,353,353,cnw_sources_v1,complete,5,2,1,0,5,5,0,2,2,0,1,1,1,0,1,0,"{""descriptive"": 4, ""label_or_link_stub"": 1}","{""descriptive"": 2}",[],1,353,success,"[""No movements found"", ""No source references found"", ""Skipped performance event with no supported direct values""]",True,False,1,799,success,"[""No movements found"", ""No source references found"", ""Skipped performance event with no supported direct values""]",True,True,1,353,success,"[""No movements found"", ""No source references found"", ""Skipped performance event with no supported direct values""]",True,False,PASS,
cnw0323.xml,2016d3b813eee579000775907529e8eb91682a7d88466faa7a48ee5770c64a68,35793,323,mei_idm139915454949280,work_d1e191187,official_cnw_v401,CNW,354,354,cnw_sources_v1,complete,6,3,1,0,6,6,0,3,3,0,1,1,1,0,1,0,"{""descriptive"": 5, ""label_or_link_stub"": 1}","{""descriptive"": 3}",[],1,354,success,"[""No movements found"", ""No source references found"", ""Skipped performance event with no supported direct values""]",True,False,1,800,success,"[""No movements found"", ""No source references found"", ""Skipped performance event with no supported direct values""]",True,True,1,354,success,"[""No movements found"", ""No source references found"", ""Skipped performance event with no supported direct values""]",True,False,PASS,
cnw0324.xml,75ef9f8f95cf257878c926077dcfe2acbd85e5f03c2390826895e56b81e7473d,31115,324,mei_idm139662700050144,work_d1e191187,official_cnw_v401,CNW,355,355,cnw_sources_v1,complete,6,3,1,0,6,6,0,3,3,0,1,1,1,0,1,0,"{""descriptive"": 5, ""label_or_link_stub"": 1}","{""descriptive"": 3}",[],1,355,success,"[""No movements found"", ""No source references found"", ""Skipped performance event with no supported direct values""]",True,False,1,801,success,"[""No movements found"", ""No source references found"", ""Skipped performance event with no supported direct values""]",True,True,1,355,success,"[""No movements found"", ""No source references found"", ""Skipped performance event with no supported direct values""]",True,False,PASS,
cnw0325.xml,eeb27a8539e0f045706b3064523522809fb671dc8eee3499142aed761d7f4130,36382,325,mei_idm140147158863712,work_d1e191187,official_cnw_v401,CNW,356,356,cnw_sources_v1,complete,5,2,1,0,5,5,0,2,2,0,1,1,1,0,1,0,"{""descriptive"": 5}","{""descriptive"": 2}",[],1,356,success,"[""No movements found"", ""No source references found"", ""Skipped performance event with no supported direct values""]",True,False,1,802,success,"[""No movements found"", ""No source references found"", ""Skipped performance event with no supported direct values""]",True,True,1,356,success,"[""No movements found"", ""No source references found"", ""Skipped performance event with no supported direct values""]",True,False,PASS,
cnw0326.xml,b61d1b0dfe5cdcdfc5d958ecba18af0f4c37b291381e97f66af15f98f153a622,26586,326,mei_idm140263441318128,work_d1e191187,official_cnw_v401,CNW,357,357,cnw_sources_v1,complete,3,1,1,0,3,3,0,1,1,0,2,2,2,0,2,0,"{""descriptive"": 3}","{""descriptive"": 1}",[],1,357,success,"[""No movements found"", ""No source references found"", ""Skipped performance event with no supported direct values""]",True,False,1,803,success,"[""No movements found"", ""No source references found"", ""Skipped performance event with no supported direct values""]",True,True,1,357,success,"[""No movements found"", ""No source references found"", ""Skipped performance event with no supported direct values""]",True,False,PASS,
cnw0327.xml,374cf408c17d4aac27750a6a368f87e16c9f3413cbf88a584dc8474de5fd66f1,27261,327,mei_idm140696830816592,work_d1e191187,official_cnw_v401,CNW,358,358,cnw_sources_v1,complete,4,2,1,0,4,4,0,2,2,0,1,1,1,0,1,0,"{""descriptive"": 4}","{""descriptive"": 2}",[],1,358,success,"[""No movements found"", ""No source references found"", ""Skipped performance event with no supported direct values""]",True,False,1,804,success,"[""No movements found"", ""No source references found"", ""Skipped performance event with no supported direct values""]",True,True,1,358,success,"[""No movements found"", ""No source references found"", ""Skipped performance event with no supported direct values""]",True,False,PASS,
cnw0328.xml,5491a21876e1b082bf7a8cf20dfe08b310030b0491ea8a72fd345e4abafce6a1,22092,328,mei_idm140558299773760,work_d1e191187,official_cnw_v401,CNW,359,359,cnw_sources_v1,complete,2,1,1,0,2,2,0,1,1,0,2,2,2,0,2,0,"{""descriptive"": 2}","{""descriptive"": 1}",[],1,359,success,"[""No movements found"", ""No source references found"", ""Skipped performance event with no supported direct values""]",True,False,1,805,success,"[""No movements found"", ""No source references found"", ""Skipped performance event with no supported direct values""]",True,True,1,359,success,"[""No movements found"", ""No source references found"", ""Skipped performance event with no supported direct values""]",True,False,PASS,
cnw0329.xml,fc601d4c5148d1b6ee42d31607efad4c34e15fb55c3ec0c493a637612adf2829,23831,329,mei_idm140511926380256,work_d1e191187,official_cnw_v401,CNW,360,360,cnw_sources_v1,complete,4,2,1,0,4,4,0,2,2,0,1,1,1,0,1,0,"{""descriptive"": 4}","{""descriptive"": 2}",[],1,360,success,"[""No movements found"", ""No source references found"", ""Skipped performance event with no supported direct values""]",True,False,1,806,success,"[""No movements found"", ""No source references found"", ""Skipped performance event with no supported direct values""]",True,True,1,360,success,"[""No movements found"", ""No source references found"", ""Skipped performance event with no supported direct values""]",True,False,PASS,
cnw0330.xml,6669eb7f72ee2860cb149dd45c4ce531e5367f144357e5ffd7f111065fa3425e,22960,330,mei_idm139927011573632,work_d1e191187,official_cnw_v401,CNW,361,361,cnw_sources_v1,complete,2,1,1,0,2,2,0,1,1,0,1,1,1,0,1,0,"{""descriptive"": 2}","{""descriptive"": 1}",[],1,361,success,"[""No movements found"", ""No source references found"", ""Skipped performance event with no supported direct values""]",True,False,1,807,success,"[""No movements found"", ""No source references found"", ""Skipped performance event with no supported direct values""]",True,True,1,361,success,"[""No movements found"", ""No source references found"", ""Skipped performance event with no supported direct values""]",True,False,PASS,
cnw0331.xml,b1c327f5bbe735846d6c5c2ad43568b53b13ebe9f86e3d60753c7f79a4ce538a,23228,331,mei_idm140471771523904,work_d1e191187,official_cnw_v401,CNW,362,362,cnw_sources_v1,complete,2,1,1,0,2,2,0,1,1,0,2,2,2,0,2,0,"{""descriptive"": 2}","{""descriptive"": 1}",[],1,362,success,"[""No movements found"", ""No source references found"", ""Skipped performance event with no supported direct values""]",True,False,1,808,success,"[""No movements found"", ""No source references found"", ""Skipped performance event with no supported direct values""]",True,True,1,362,success,"[""No movements found"", ""No source references found"", ""Skipped performance event with no supported direct values""]",True,False,PASS,
cnw0332.xml,3e6f7c4b2adbb9d80e55668d65a96e554903cd6bb8c9ffdca9b3470bf356350a,34896,332,mei_idm139821511868752,work_d1e191187,official_cnw_v401,CNW,363,363,cnw_sources_v1,complete,3,2,1,0,3,3,0,2,2,0,3,3,3,0,3,0,"{""descriptive"": 3}","{""descriptive"": 2}",[],1,363,success,"[""No movements found"", ""No source references found""]",True,False,1,809,success,"[""No movements found"", ""No source references found""]",True,True,1,363,success,"[""No movements found"", ""No source references found""]",True,False,PASS,
cnw0333.xml,bd554669cbc91f5b7d3e3579bc29f232958d3ce575cadc788dd5598f71855686,25849,333,mei_idm139928300195712,work_d1e191187,official_cnw_v401,CNW,364,364,cnw_sources_v1,complete,3,2,1,0,3,3,0,2,2,0,2,2,2,0,2,0,"{""descriptive"": 3}","{""descriptive"": 2}",[],1,364,success,"[""No movements found"", ""No source references found"", ""Skipped performance event with no supported direct values""]",True,False,1,810,success,"[""No movements found"", ""No source references found"", ""Skipped performance event with no supported direct values""]",True,True,1,364,success,"[""No movements found"", ""No source references found"", ""Skipped performance event with no supported direct values""]",True,False,PASS,
cnw0334.xml,21a674a664583c94e132116c7a1735a62a624129a964c7675dddb4370d9ece92,29342,334,mei_idm140258129266112,work_d1e191187,official_cnw_v401,CNW,365,365,cnw_sources_v1,complete,3,1,1,0,3,3,0,1,1,0,2,2,2,0,2,0,"{""descriptive"": 3}","{""descriptive"": 1}",[],1,365,success,"[""No movements found"", ""No source references found"", ""Skipped performance event with no supported direct values""]",True,False,1,811,success,"[""No movements found"", ""No source references found"", ""Skipped performance event with no supported direct values""]",True,True,1,365,success,"[""No movements found"", ""No source references found"", ""Skipped performance event with no supported direct values""]",True,False,PASS,
cnw0335.xml,9024aa09a1a7080fd87562fdfb758bd2846d385ccddf1b25db9044ec7d123d4c,33509,335,mei_idm140290434609392,work_d1e191187,official_cnw_v401,CNW,366,366,cnw_sources_v1,complete,4,4,1,0,4,4,0,4,4,0,1,1,1,0,1,0,"{""descriptive"": 4}","{""descriptive"": 4}",[],1,366,success,"[""No movements found"", ""No source references found""]",True,False,1,812,success,"[""No movements found"", ""No source references found""]",True,True,1,366,success,"[""No movements found"", ""No source references found""]",True,False,PASS,
cnw0336.xml,56c2f298c560405ade9938d1d0f2fadb60fb0bac18bebc80a9d81908c57e70ce,44383,336,mei_idm139911322873696,work_d1e191187,official_cnw_v401,CNW,367,367,cnw_sources_v1,complete,6,5,3,0,6,6,0,5,5,0,6,6,6,0,6,0,"{""descriptive"": 6}","{""descriptive"": 5}",[],1,367,success,"[""No movements found"", ""No source references found""]",True,False,1,813,success,"[""No movements found"", ""No source references found""]",True,True,1,367,success,"[""No movements found"", ""No source references found""]",True,False,PASS,
cnw0337.xml,5022b692dd532fa05315945873b07c31115481dab820378f4c5b1f9e90b27638,24794,337,mei_idm140107627852016,work_d1e191187,official_cnw_v401,CNW,368,368,cnw_sources_v1,complete,3,2,1,0,3,3,0,2,2,0,1,1,1,0,1,0,"{""descriptive"": 3}","{""descriptive"": 2}",[],1,368,success,"[""No movements found"", ""No source references found"", ""Skipped performance event with no supported direct values""]",True,False,1,814,success,"[""No movements found"", ""No source references found"", ""Skipped performance event with no supported direct values""]",True,True,1,368,success,"[""No movements found"", ""No source references found"", ""Skipped performance event with no supported direct values""]",True,False,PASS,
cnw0338.xml,499c3c033d1ed2f68b7c5c533c2c91f84df887bee5561206b9dfe0568334cb78,24790,338,mei_idm139753904654336,work_d1e191187,official_cnw_v401,CNW,369,369,cnw_sources_v1,complete,2,2,1,0,2,2,0,2,2,0,1,1,1,0,1,0,"{""descriptive"": 2}","{""descriptive"": 2}",[],1,369,success,"[""No movements found"", ""No source references found""]",True,False,1,815,success,"[""No movements found"", ""No source references found""]",True,True,1,369,success,"[""No movements found"", ""No source references found""]",True,False,PASS,
cnw0342.xml,c07e5eaf37ffeaccabcac99ce5dde725d30c086984e07db47d0937d19026e811,22151,340,mei_idm140424478687008,work_d1e191187,official_cnw_v401,CNW,370,370,cnw_sources_v1,complete,1,1,1,0,1,1,0,1,1,0,1,1,1,0,1,0,"{""descriptive"": 1}","{""descriptive"": 1}",[],1,370,success,"[""No movements found"", ""No source references found"", ""Skipped performance event with no supported direct values""]",True,False,1,816,success,"[""No movements found"", ""No source references found"", ""Skipped performance event with no supported direct values""]",True,True,1,370,success,"[""No movements found"", ""No source references found"", ""Skipped performance event with no supported direct values""]",True,False,PASS,
cnw0343.xml,0e04c8de4f4bec41271ef4a6f6c030c3b1ca93ea33f03be416940c75cb91fd51,31679,341,mei_idm140066349199696,work_d1e191187,official_cnw_v401,CNW,371,371,cnw_sources_v1,complete,3,2,1,0,3,3,0,2,2,0,0,0,0,0,0,0,"{""descriptive"": 3}","{""descriptive"": 2}",[],1,371,success,"[""No movements found"", ""No source references found"", ""Skipped performance event with no supported direct values""]",True,False,1,817,success,"[""No movements found"", ""No source references found"", ""Skipped performance event with no supported direct values""]",True,True,1,371,success,"[""No movements found"", ""No source references found"", ""Skipped performance event with no supported direct values""]",True,False,PASS,
cnw0344.xml,63107ffd55488d4c2ca20b33d191ef35f203258046a7f3026cc05f5ec4080395,29115,342,mei_idm140113055811520,work_d1e191187,official_cnw_v401,CNW,372,372,cnw_sources_v1,complete,2,1,1,0,2,2,0,1,1,0,0,0,0,0,0,0,"{""descriptive"": 2}","{""descriptive"": 1}",[],1,372,success,"[""No movements found"", ""No source references found"", ""Skipped performance event with no supported direct values""]",True,False,1,818,success,"[""No movements found"", ""No source references found"", ""Skipped performance event with no supported direct values""]",True,True,1,372,success,"[""No movements found"", ""No source references found"", ""Skipped performance event with no supported direct values""]",True,False,PASS,
cnw0345.xml,5b101e05c8211f1933dfff62bda3aea38ba6391048a27c5ef192c834fba8c6c8,26861,343,mei_idm139774401953632,work_d1e191187,official_cnw_v401,CNW,373,373,cnw_sources_v1,complete,2,1,1,0,2,2,0,1,1,0,0,0,0,0,0,0,"{""descriptive"": 2}","{""descriptive"": 1}",[],1,373,success,"[""No movements found"", ""No source references found""]",True,False,1,819,success,"[""No movements found"", ""No source references found""]",True,True,1,373,success,"[""No movements found"", ""No source references found""]",True,False,PASS,
cnw0346.xml,db94f808410cb03ba4df0d4a06e9f35ca7830112c5b14d2068417b35af9b76f5,26600,344,mei_idm140664506373856,work_d1e191187,official_cnw_v401,CNW,374,374,cnw_sources_v1,complete,2,1,1,0,2,2,0,1,1,0,0,0,0,0,0,0,"{""descriptive"": 2}","{""descriptive"": 1}",[],1,374,success,"[""No movements found"", ""No source references found""]",True,False,1,820,success,"[""No movements found"", ""No source references found""]",True,True,1,374,success,"[""No movements found"", ""No source references found""]",True,False,PASS,
cnw0347.xml,ce3aaab9005568fccaaa5d418c0a7f2acddd0392485672d005a8a952e88d99a1,34993,345,mei_idm140525243295776,work_d1e191187,official_cnw_v401,CNW,375,375,cnw_sources_v1,complete,4,3,1,0,4,4,0,3,3,0,0,0,0,0,0,0,"{""descriptive"": 4}","{""descriptive"": 3}",[],1,375,success,"[""No movements found"", ""No source references found""]",True,False,1,821,success,"[""No movements found"", ""No source references found""]",True,True,1,375,success,"[""No movements found"", ""No source references found""]",True,False,PASS,
cnw0348.xml,58e6ee64a870a393a4ead6bbadcb4a116ff37565be9d37053e65de9167c0b326,41701,346,mei_idm139775678010816,work_d1e191187,official_cnw_v401,CNW,376,376,cnw_sources_v1,complete,3,2,1,0,3,3,0,2,2,0,0,0,0,0,0,0,"{""descriptive"": 3}","{""descriptive"": 2}",[],1,376,success,"[""No movements found"", ""No source references found""]",True,False,1,822,success,"[""No movements found"", ""No source references found""]",True,True,1,376,success,"[""No movements found"", ""No source references found""]",True,False,PASS,
cnw0349.xml,f3a1345ec6a3a42f244a40c7618cb849bbb68ba871228565706cfa5a4d9e2f37,45027,347,mei_idm140084284710688,work_d1e191187,official_cnw_v401,CNW,377,377,cnw_sources_v1,complete,5,4,1,0,5,5,0,4,4,0,0,0,0,0,0,0,"{""descriptive"": 5}","{""descriptive"": 4}",[],1,377,success,"[""No movements found"", ""No source references found""]",True,False,1,823,success,"[""No movements found"", ""No source references found""]",True,True,1,377,success,"[""No movements found"", ""No source references found""]",True,False,PASS,
cnw0350.xml,976e7560e7186b9f122dc2fba0f8ac62178f0ef7de58852ee948bd51883876c7,61517,348,mei_idm139747117709344,work_d1e191187,official_cnw_v401,CNW,378,378,cnw_sources_v1,complete,8,8,1,0,8,8,0,8,8,0,1,1,1,0,1,0,"{""descriptive"": 8}","{""descriptive"": 8}",[],1,378,success,"[""No movements found"", ""No source references found""]",True,False,1,824,success,"[""No movements found"", ""No source references found""]",True,True,1,378,success,"[""No movements found"", ""No source references found""]",True,False,PASS,
cnw0351.xml,7ec08ebdf059f84e46e12ea6dd4909d73b4b83044e2fbf67abfc9a6121a95c03,28122,349,mei_idm140579061700320,work_d1e191187,official_cnw_v401,CNW,379,379,cnw_sources_v1,complete,2,2,1,0,2,2,0,2,2,0,1,1,1,0,1,0,"{""descriptive"": 2}","{""descriptive"": 2}",[],1,379,success,"[""No movements found"", ""No source references found"", ""Skipped performance event with no supported direct values""]",True,False,1,825,success,"[""No movements found"", ""No source references found"", ""Skipped performance event with no supported direct values""]",True,True,1,379,success,"[""No movements found"", ""No source references found"", ""Skipped performance event with no supported direct values""]",True,False,PASS,
cnw0352.xml,2874e2745a56bbf9df060513d8cb45c4d75b355a77c4f14fef8a7b770be99e9d,33388,350,mei_idm139769147551680,work_d1e191187,official_cnw_v401,CNW,380,380,cnw_sources_v1,complete,3,3,1,0,3,3,0,3,3,0,1,1,1,0,1,0,"{""descriptive"": 3}","{""descriptive"": 3}",[],1,380,success,"[""No movements found"", ""No source references found""]",True,False,1,826,success,"[""No movements found"", ""No source references found""]",True,True,1,380,success,"[""No movements found"", ""No source references found""]",True,False,PASS,
cnw0353.xml,552e3efe507ea124d7b11dae10ee01a3277726ac30bc45ef03339a0208b07505,121364,351,mei_idm140560128483168,work_d1e191187,official_cnw_v401,CNW,381,381,cnw_sources_v1,complete,23,16,9,0,23,23,0,16,16,0,23,23,23,0,23,0,"{""descriptive"": 23}","{""descriptive"": 16}",[],1,381,success,"[""No movements found"", ""No source references found""]",True,False,1,827,success,"[""No movements found"", ""No source references found""]",True,True,1,381,success,"[""No movements found"", ""No source references found""]",True,False,PASS,
cnw0354.xml,840761d7811ccda79800c5f0a279b61b710839af119c840cd038b6c4abbe1c9a,26560,352,mei_idm139993484206352,work_d1e191187,official_cnw_v401,CNW,382,382,cnw_sources_v1,complete,3,2,1,0,3,3,0,2,2,0,1,1,1,0,1,0,"{""descriptive"": 3}","{""descriptive"": 2}",[],1,382,success,"[""No movements found"", ""No source references found""]",True,False,1,828,success,"[""No movements found"", ""No source references found""]",True,True,1,382,success,"[""No movements found"", ""No source references found""]",True,False,PASS,
cnw0355.xml,dcfd22e74c931a4d994b70450867107a220429ed24f2346d14f43d623c408864,47497,353,mei_idm140117268244192,work_d1e191187,official_cnw_v401,CNW,383,383,cnw_sources_v1,complete,5,1,2,0,5,5,0,1,1,0,5,5,5,0,5,0,"{""descriptive"": 5}","{""descriptive"": 1}",[],1,383,success,"[""No movements found"", ""No source references found""]",True,False,1,829,success,"[""No movements found"", ""No source references found""]",True,True,1,383,success,"[""No movements found"", ""No source references found""]",True,False,PASS,
cnw0356.xml,ebe46549e99d774610cd77ee3d575bbd96766a298c8fe2e1dba66a3db6e62299,32234,354,mei_idm140372018278672,work_d1e191187,official_cnw_v401,CNW,384,384,cnw_sources_v1,complete,3,3,1,0,3,3,0,3,3,0,1,1,1,0,1,0,"{""descriptive"": 3}","{""descriptive"": 3}",[],1,384,success,"[""No movements found"", ""No source references found""]",True,False,1,830,success,"[""No movements found"", ""No source references found""]",True,True,1,384,success,"[""No movements found"", ""No source references found""]",True,False,PASS,
cnw0358.xml,e1d704b6884ff81371c007bcc154d7b96487e450c9052fc66dbed998e6137509,24767,356,mei_idm139775680118624,work_d1e191187,official_cnw_v401,CNW,385,385,cnw_sources_v1,complete,2,1,1,0,2,2,0,1,1,0,2,2,2,0,2,0,"{""descriptive"": 2}","{""descriptive"": 1}",[],1,385,success,"[""No movements found"", ""No source references found"", ""Skipped performance event with no supported direct values""]",True,False,1,831,success,"[""No movements found"", ""No source references found"", ""Skipped performance event with no supported direct values""]",True,True,1,385,success,"[""No movements found"", ""No source references found"", ""Skipped performance event with no supported direct values""]",True,False,PASS,
cnw0359.xml,608ecd3c2ee5ae7dbfbf6d9cb6f97c23e3cca679790480c03270116483a59a56,23094,357,mei_idm139829341225296,work_d1e191187,official_cnw_v401,CNW,386,386,cnw_sources_v1,complete,1,1,1,0,1,1,0,1,1,0,1,1,1,0,1,0,"{""descriptive"": 1}","{""descriptive"": 1}",[],1,386,success,"[""No movements found"", ""No source references found"", ""Skipped performance event with no supported direct values""]",True,False,1,832,success,"[""No movements found"", ""No source references found"", ""Skipped performance event with no supported direct values""]",True,True,1,386,success,"[""No movements found"", ""No source references found"", ""Skipped performance event with no supported direct values""]",True,False,PASS,
cnw0360.xml,b150ca7b53fdb77cf1eda89dbc8395423fef61bc64ab7e41a7c4556bdc27581f,20060,358,mei_idm140709892085680,work_d1e191187,official_cnw_v401,CNW,387,387,cnw_sources_v1,complete,1,1,1,0,1,1,0,1,1,0,1,1,1,0,1,0,"{""descriptive"": 1}","{""descriptive"": 1}",[],1,387,success,"[""No movements found"", ""No source references found"", ""Skipped performance event with no supported direct values""]",True,False,1,833,success,"[""No movements found"", ""No source references found"", ""Skipped performance event with no supported direct values""]",True,True,1,387,success,"[""No movements found"", ""No source references found"", ""Skipped performance event with no supported direct values""]",True,False,PASS,
cnw0361.xml,d07860b971d775a44825ee40c6941e1fb0475b076fda8349088cadda55b7adbf,73968,359,mei_idm140557428330368,work_d1e191187,official_cnw_v401,CNW,388,388,cnw_sources_v1,complete,1,0,1,0,1,1,0,0,0,0,1,1,1,0,1,0,"{""descriptive"": 1}",{},[],1,388,success,"[""No movements found"", ""No source references found""]",True,False,1,834,success,"[""No movements found"", ""No source references found""]",True,True,1,388,success,"[""No movements found"", ""No source references found""]",True,False,PASS,
cnw0362.xml,815c683b9319a8476f31a6a670a4b8ca9c1722e92c7402aebfbeea8f7734d9f6,20948,360,mei_idm139791746531264,work_d1e191187,official_cnw_v401,CNW,389,389,cnw_sources_v1,complete,2,2,1,0,2,2,0,2,2,0,1,1,1,0,1,0,"{""descriptive"": 2}","{""descriptive"": 2}",[],1,389,success,"[""No movements found"", ""No source references found"", ""Skipped performance event with no supported direct values"", ""No external references found""]",True,False,1,835,success,"[""No movements found"", ""No source references found"", ""Skipped performance event with no supported direct values"", ""No external references found""]",True,True,1,389,success,"[""No movements found"", ""No source references found"", ""Skipped performance event with no supported direct values"", ""No external references found""]",True,False,PASS,
cnw0363.xml,4e4e865f9dc4856e3f68e0a3c4a81dd85abebed0ff2095da6f933a3405bfee58,72334,361,mei_idm140229235318528,work_d1e191187,official_cnw_v401,CNW,390,390,cnw_sources_v1,complete,7,2,3,0,7,7,0,2,2,0,9,9,9,0,9,0,"{""descriptive"": 7}","{""descriptive"": 2}",[],1,390,success,"[""No movements found"", ""No source references found""]",True,False,1,836,success,"[""No movements found"", ""No source references found""]",True,True,1,390,success,"[""No movements found"", ""No source references found""]",True,False,PASS,
cnw0364.xml,1500abd5c666224913a02968e9f0ce4f751736fff108db8c11ceea2577c0177f,26082,362,mei_idm140333805998016,work_d1e191187,official_cnw_v401,CNW,391,391,cnw_sources_v1,complete,2,2,1,0,2,2,0,2,2,0,1,1,1,0,1,0,"{""descriptive"": 2}","{""descriptive"": 2}",[],1,391,success,"[""No movements found"", ""No source references found""]",True,False,1,837,success,"[""No movements found"", ""No source references found""]",True,True,1,391,success,"[""No movements found"", ""No source references found""]",True,False,PASS,
cnw0365.xml,a4908e36618de019d19496546a67eea5ee25e23f46f5f2d932b4f9a188cde632,25532,363,mei_idm139705424054208,work_d1e191187,official_cnw_v401,CNW,392,392,cnw_sources_v1,complete,2,2,1,0,2,2,0,2,2,0,1,1,1,0,1,0,"{""descriptive"": 2}","{""descriptive"": 2}",[],1,392,success,"[""No movements found"", ""No source references found""]",True,False,1,838,success,"[""No movements found"", ""No source references found""]",True,True,1,392,success,"[""No movements found"", ""No source references found""]",True,False,PASS,
cnw0366.xml,373205a0c800999a668346e9122eebd0042f57e4f19cecd47f403699677478bb,28709,364,mei_idm140513888253872,work_d1e191187,official_cnw_v401,CNW,393,393,cnw_sources_v1,complete,3,3,1,0,3,3,0,3,3,0,1,1,1,0,1,0,"{""descriptive"": 3}","{""descriptive"": 3}",[],1,393,success,"[""No movements found"", ""No source references found""]",True,False,1,839,success,"[""No movements found"", ""No source references found""]",True,True,1,393,success,"[""No movements found"", ""No source references found""]",True,False,PASS,
cnw0367.xml,86a2f9ed3f61b593cda951469f14435873c0f67ce5eb2f041589fc204dcba2de,32340,365,mei_idm140126382281040,work_d1e191187,official_cnw_v401,CNW,394,394,cnw_sources_v1,complete,4,3,1,0,4,4,0,3,3,0,1,1,1,0,1,0,"{""descriptive"": 4}","{""descriptive"": 3}",[],1,394,success,"[""No movements found"", ""No source references found""]",True,False,1,840,success,"[""No movements found"", ""No source references found""]",True,True,1,394,success,"[""No movements found"", ""No source references found""]",True,False,PASS,
cnw0368.xml,66237dbc10875c33443a08ea06883007cc95bef63124146b55a9c4998196c07b,21370,366,mei_idm139938970681280,work_d1e191187,official_cnw_v401,CNW,395,395,cnw_sources_v1,complete,2,1,1,0,2,2,0,1,1,0,0,0,0,0,0,0,"{""descriptive"": 2}","{""descriptive"": 1}",[],1,395,success,"[""No movements found"", ""No source references found"", ""Skipped performance event with no supported direct values""]",True,False,1,841,success,"[""No movements found"", ""No source references found"", ""Skipped performance event with no supported direct values""]",True,True,1,395,success,"[""No movements found"", ""No source references found"", ""Skipped performance event with no supported direct values""]",True,False,PASS,
cnw0369.xml,5a6b76c1902575aa78c4665f71edcc1504595d35c5580dc64684caba1deffccf,21637,367,mei_idm139917319767984,work_d1e191187,official_cnw_v401,CNW,396,396,cnw_sources_v1,complete,2,1,1,0,2,2,0,1,1,0,0,0,0,0,0,0,"{""descriptive"": 2}","{""descriptive"": 1}",[],1,396,success,"[""No movements found"", ""No source references found"", ""Skipped performance event with no supported direct values""]",True,False,1,842,success,"[""No movements found"", ""No source references found"", ""Skipped performance event with no supported direct values""]",True,True,1,396,success,"[""No movements found"", ""No source references found"", ""Skipped performance event with no supported direct values""]",True,False,PASS,
cnw0370.xml,313995651b08b1e23fc23dfe60df8e40b521ce5bbaa4921e4a09d4cfb54a90af,22497,368,mei_idm139781929603344,work_d1e191187,official_cnw_v401,CNW,397,397,cnw_sources_v1,complete,2,1,1,0,2,2,0,1,1,0,0,0,0,0,0,0,"{""descriptive"": 2}","{""descriptive"": 1}",[],1,397,success,"[""No movements found"", ""No source references found"", ""Skipped performance event with no supported direct values""]",True,False,1,843,success,"[""No movements found"", ""No source references found"", ""Skipped performance event with no supported direct values""]",True,True,1,397,success,"[""No movements found"", ""No source references found"", ""Skipped performance event with no supported direct values""]",True,False,PASS,
cnw0371.xml,86ee01cd3b798fbb9fe24d2a74828b87c61f76bf3e448f5b0a99d842da386230,22707,369,mei_idm140115535328704,work_d1e191187,official_cnw_v401,CNW,398,398,cnw_sources_v1,complete,2,1,1,0,2,2,0,1,1,0,0,0,0,0,0,0,"{""descriptive"": 2}","{""descriptive"": 1}",[],1,398,success,"[""No movements found"", ""No source references found"", ""Skipped performance event with no supported direct values""]",True,False,1,844,success,"[""No movements found"", ""No source references found"", ""Skipped performance event with no supported direct values""]",True,True,1,398,success,"[""No movements found"", ""No source references found"", ""Skipped performance event with no supported direct values""]",True,False,PASS,
cnw0372.xml,963946f9f7f36819394e699373a23497e08a0c09cf6c8d2ca6aa05710cf63a0c,23018,370,mei_idm140228574761232,work_d1e191187,official_cnw_v401,CNW,399,399,cnw_sources_v1,complete,2,1,1,0,2,2,0,1,1,0,0,0,0,0,0,0,"{""descriptive"": 2}","{""descriptive"": 1}",[],1,399,success,"[""No movements found"", ""No source references found"", ""Skipped performance event with no supported direct values""]",True,False,1,845,success,"[""No movements found"", ""No source references found"", ""Skipped performance event with no supported direct values""]",True,True,1,399,success,"[""No movements found"", ""No source references found"", ""Skipped performance event with no supported direct values""]",True,False,PASS,
cnw0373.xml,5013464fe532ab3e616951327d8eba01a841954875432ad99bb88395ecd4db14,21418,371,mei_idm139638088132640,work_d1e191187,official_cnw_v401,CNW,400,400,cnw_sources_v1,complete,2,1,1,0,2,2,0,1,1,0,0,0,0,0,0,0,"{""descriptive"": 2}","{""descriptive"": 1}",[],1,400,success,"[""No movements found"", ""No source references found"", ""Skipped performance event with no supported direct values""]",True,False,1,846,success,"[""No movements found"", ""No source references found"", ""Skipped performance event with no supported direct values""]",True,True,1,400,success,"[""No movements found"", ""No source references found"", ""Skipped performance event with no supported direct values""]",True,False,PASS,
cnw0374.xml,81ad1a3f854b130187cd3adc5c507cb0166d0c36f8bf28df687c1e9f0f3a71b8,24343,372,mei_idm140613446287632,work_d1e191187,official_cnw_v401,CNW,401,401,cnw_sources_v1,complete,3,2,1,0,3,3,0,2,2,0,1,1,1,0,1,0,"{""descriptive"": 3}","{""descriptive"": 1, ""empty_placeholder"": 1}",[],1,401,success,"[""No movements found"", ""No source references found"", ""Skipped performance event with no supported direct values""]",True,False,1,847,success,"[""No movements found"", ""No source references found"", ""Skipped performance event with no supported direct values""]",True,True,1,401,success,"[""No movements found"", ""No source references found"", ""Skipped performance event with no supported direct values""]",True,False,PASS,
cnw0375.xml,90b352b689fe6b6a7856261db69c8160612c30b9d8271a117cf73bf7d7daef5b,24000,373,mei_idm140311405838272,work_d1e191187,official_cnw_v401,CNW,402,402,cnw_sources_v1,complete,3,2,1,0,3,3,0,2,2,0,1,1,1,0,1,0,"{""descriptive"": 3}","{""descriptive"": 2}",[],1,402,success,"[""No movements found"", ""No source references found"", ""Skipped performance event with no supported direct values""]",True,False,1,848,success,"[""No movements found"", ""No source references found"", ""Skipped performance event with no supported direct values""]",True,True,1,402,success,"[""No movements found"", ""No source references found"", ""Skipped performance event with no supported direct values""]",True,False,PASS,
cnw0376.xml,4feefa3ed048cfca32355f12fc472c5df062eba4abe6ad635c0b4ad2d162ffea,45444,374,mei_idm140509555677008,work_d1e191187,official_cnw_v401,CNW,403,403,cnw_sources_v1,complete,6,2,3,0,6,6,0,2,2,0,6,6,6,0,6,0,"{""descriptive"": 6}","{""descriptive"": 2}",[],1,403,success,"[""No movements found"", ""No source references found""]",True,False,1,849,success,"[""No movements found"", ""No source references found""]",True,True,1,403,success,"[""No movements found"", ""No source references found""]",True,False,PASS,
cnw0377.xml,7364e59edc6844a0cb1acaf32a97cb1865079f84e3fe11356770beb1c67379e9,70423,375,mei_idm140463350675488,work_d1e191187,official_cnw_v401,CNW,404,404,cnw_sources_v1,partial,11,2,3,0,11,11,0,2,2,0,11,11,11,0,10,1,"{""descriptive"": 10, ""label_or_link_stub"": 1}","{""descriptive"": 2}","[{""kind"": ""relation"", ""reason"": ""missing_fragment"", ""xml_id"": ""relation_f777b262"", ""locator"": ""/m:mei[1]/m:meiHead[1]/m:manifestationList[1]/m:manifestation[5]/m:relationList[1]/m:relation[1]""}]",1,404,success,"[""No movements found"", ""No source references found""]",True,False,1,850,success,"[""No movements found"", ""No source references found""]",True,True,1,404,success,"[""No movements found"", ""No source references found""]",True,False,PASS,One unresolved local target retained with missing_fragment; record partial.
cnw0378.xml,2580184f0dc31a774bf300df82106105fd5635832db1dcb0109cef6700b7ad51,34003,376,mei_idm140055150895040,work_d1e191187,official_cnw_v401,CNW,405,405,cnw_sources_v1,complete,3,2,1,0,3,3,0,2,2,0,1,1,1,0,1,0,"{""descriptive"": 3}","{""descriptive"": 2}",[],1,405,success,"[""No movements found"", ""No source references found"", ""Skipped performance event with no supported direct values""]",True,False,1,851,success,"[""No movements found"", ""No source references found"", ""Skipped performance event with no supported direct values""]",True,True,1,405,success,"[""No movements found"", ""No source references found"", ""Skipped performance event with no supported direct values""]",True,False,PASS,
cnw0379.xml,2cb576e9b5bbbd86d1f6e3438dc59885696d3de3b7ff94babeee9c7a9f24a48c,21938,377,mei_idm140609282152160,work_d1e191187,official_cnw_v401,CNW,406,406,cnw_sources_v1,complete,3,2,1,0,3,3,0,2,2,0,2,2,2,0,2,0,"{""descriptive"": 3}","{""descriptive"": 2}",[],1,406,success,"[""No movements found"", ""No source references found"", ""Skipped performance event with no supported direct values""]",True,False,1,852,success,"[""No movements found"", ""No source references found"", ""Skipped performance event with no supported direct values""]",True,True,1,406,success,"[""No movements found"", ""No source references found"", ""Skipped performance event with no supported direct values""]",True,False,PASS,
cnw0380.xml,1f745d2fb9692e6898e69280140f5bd02680a7ae4ba60deaf4290b4c8e323591,35032,378,mei_idm140475688715712,work_d1e191187,official_cnw_v401,CNW,407,407,cnw_sources_v1,complete,5,3,2,0,5,5,0,3,3,0,5,5,5,0,5,0,"{""descriptive"": 5}","{""descriptive"": 3}",[],1,407,success,"[""No movements found"", ""No source references found"", ""Skipped performance event with no supported direct values""]",True,False,1,853,success,"[""No movements found"", ""No source references found"", ""Skipped performance event with no supported direct values""]",True,True,1,407,success,"[""No movements found"", ""No source references found"", ""Skipped performance event with no supported direct values""]",True,False,PASS,
cnw0381.xml,964d06fe09f7f0214406086496fb87dcf73ffabadf1bbc1e966ccca7bead2d52,24598,379,mei_idm140226904579968,work_d1e191187,official_cnw_v401,CNW,408,408,cnw_sources_v1,complete,4,2,1,0,4,4,0,2,2,0,1,1,1,0,1,0,"{""descriptive"": 4}","{""descriptive"": 2}",[],1,408,success,"[""No movements found"", ""No source references found"", ""Skipped performance event with no supported direct values""]",True,False,1,854,success,"[""No movements found"", ""No source references found"", ""Skipped performance event with no supported direct values""]",True,True,1,408,success,"[""No movements found"", ""No source references found"", ""Skipped performance event with no supported direct values""]",True,False,PASS,
cnw0382.xml,2cdcd176b3bcf10a1f9d2aa807c17385a2df5aaa29fbf0f9184c7baa9de3d9ba,32670,380,mei_idm140309494952208,work_d1e191187,official_cnw_v401,CNW,409,409,cnw_sources_v1,complete,5,3,2,0,5,5,0,3,3,0,5,5,5,0,5,0,"{""descriptive"": 5}","{""descriptive"": 3}",[],1,409,success,"[""No movements found"", ""No source references found""]",True,False,1,855,success,"[""No movements found"", ""No source references found""]",True,True,1,409,success,"[""No movements found"", ""No source references found""]",True,False,PASS,
cnw0383.xml,a0682ef31206436f35fabb3de2ed61af9f94046284d818114f5095307fee8e27,25908,381,mei_idm140720299319232,work_d1e191187,official_cnw_v401,CNW,410,410,cnw_sources_v1,complete,3,1,1,0,3,3,0,1,1,0,1,1,1,0,1,0,"{""descriptive"": 3}","{""descriptive"": 1}",[],1,410,success,"[""No movements found"", ""No source references found"", ""Skipped performance event with no supported direct values""]",True,False,1,856,success,"[""No movements found"", ""No source references found"", ""Skipped performance event with no supported direct values""]",True,True,1,410,success,"[""No movements found"", ""No source references found"", ""Skipped performance event with no supported direct values""]",True,False,PASS,
cnw0384.xml,6160353129d2e8771b765e227cc313b97e2c1bec064d9004769309490492c0c9,23786,382,mei_idm140427196023120,work_d1e191187,official_cnw_v401,CNW,411,411,cnw_sources_v1,complete,3,1,1,0,3,3,0,1,1,0,2,2,2,0,2,0,"{""descriptive"": 3}","{""descriptive"": 1}",[],1,411,success,"[""No movements found"", ""No source references found"", ""Skipped performance event with no supported direct values""]",True,False,1,857,success,"[""No movements found"", ""No source references found"", ""Skipped performance event with no supported direct values""]",True,True,1,411,success,"[""No movements found"", ""No source references found"", ""Skipped performance event with no supported direct values""]",True,False,PASS,
cnw0385.xml,c569c5bf6b4d5eef9e130be97152b03026ecbff31d9239cb043a163edcff3010,24126,383,mei_idm140362231963520,work_d1e191187,official_cnw_v401,CNW,412,412,cnw_sources_v1,complete,2,0,1,0,2,2,0,0,0,0,0,0,0,0,0,0,"{""descriptive"": 2}",{},[],1,412,success,"[""No movements found"", ""No source references found"", ""Skipped performance event with no supported direct values""]",True,False,1,858,success,"[""No movements found"", ""No source references found"", ""Skipped performance event with no supported direct values""]",True,True,1,412,success,"[""No movements found"", ""No source references found"", ""Skipped performance event with no supported direct values""]",True,False,PASS,
cnw0386.xml,fe1da022285921fdc1e8d52feb9f1a6c2c1c23d7b329b8275598d313b0f6596a,20617,384,mei_idm140720873810752,work_d1e191187,official_cnw_v401,CNW,413,413,cnw_sources_v1,complete,2,0,1,0,2,2,0,0,0,0,0,0,0,0,0,0,"{""descriptive"": 2}",{},[],1,413,success,"[""No movements found"", ""No source references found"", ""Skipped performance event with no supported direct values""]",True,False,1,859,success,"[""No movements found"", ""No source references found"", ""Skipped performance event with no supported direct values""]",True,True,1,413,success,"[""No movements found"", ""No source references found"", ""Skipped performance event with no supported direct values""]",True,False,PASS,
cnw0387.xml,cce8ee140d1e8f37dbd1c1794af723b67a59b38211b2d07fb5f6d2d8d02cbdeb,32263,385,mei_idm140432125976352,work_d1e191187,official_cnw_v401,CNW,414,414,cnw_sources_v1,complete,4,2,2,0,4,4,0,2,2,0,4,4,4,0,4,0,"{""descriptive"": 4}","{""descriptive"": 2}",[],1,414,success,"[""No movements found"", ""No source references found"", ""No performance information found""]",True,False,1,860,success,"[""No movements found"", ""No source references found"", ""No performance information found""]",True,True,1,414,success,"[""No movements found"", ""No source references found"", ""No performance information found""]",True,False,PASS,
cnw0388.xml,7710f7b7743e4fb265ca606ba38c61ebecf763c9b34def9a871aaed9da733abb,38750,386,mei_idm140462652780480,work_d1e191187,official_cnw_v401,CNW,415,415,cnw_sources_v1,complete,6,1,2,0,6,6,0,1,1,0,6,6,6,0,6,0,"{""descriptive"": 5, ""label_or_link_stub"": 1}","{""descriptive"": 1}",[],1,415,success,"[""No movements found"", ""No source references found"", ""No performance information found"", ""No external references found""]",True,False,1,861,success,"[""No movements found"", ""No source references found"", ""No performance information found"", ""No external references found""]",True,True,1,415,success,"[""No movements found"", ""No source references found"", ""No performance information found"", ""No external references found""]",True,False,PASS,
cnw0389.xml,aeb979906a55358178a0c7bc6427a204bfbf353f858835149f08c307ebb77d30,30246,387,mei_idm140726470123856,work_d1e191187,official_cnw_v401,CNW,416,416,cnw_sources_v1,complete,4,2,2,0,4,4,0,2,2,0,4,4,4,0,4,0,"{""descriptive"": 4}","{""descriptive"": 2}",[],1,416,success,"[""No movements found"", ""No source references found"", ""Skipped performance event with no supported direct values""]",True,False,1,862,success,"[""No movements found"", ""No source references found"", ""Skipped performance event with no supported direct values""]",True,True,1,416,success,"[""No movements found"", ""No source references found"", ""Skipped performance event with no supported direct values""]",True,False,PASS,
cnw0390.xml,e016d68142866d1f489735b841ceda10d70895d13b6fcef27cb46cb366ba1e3f,21676,388,mei_idm139938666713024,work_d1e191187,official_cnw_v401,CNW,417,417,cnw_sources_v1,complete,2,0,1,0,2,2,0,0,0,0,0,0,0,0,0,0,"{""descriptive"": 2}",{},[],1,417,success,"[""No movements found"", ""No source references found"", ""Skipped performance event with no supported direct values""]",True,False,1,863,success,"[""No movements found"", ""No source references found"", ""Skipped performance event with no supported direct values""]",True,True,1,417,success,"[""No movements found"", ""No source references found"", ""Skipped performance event with no supported direct values""]",True,False,PASS,
cnw0391.xml,3c2f25f34c91ae1592315cc338ef9d89a6c1fce16311d721337950068f746055,30208,389,mei_idm139958122971472,work_d1e191187,official_cnw_v401,CNW,418,418,cnw_sources_v1,complete,5,3,2,0,5,5,0,3,3,0,5,5,5,0,5,0,"{""descriptive"": 5}","{""descriptive"": 3}",[],1,418,success,"[""No movements found"", ""No source references found"", ""No performance information found""]",True,False,1,864,success,"[""No movements found"", ""No source references found"", ""No performance information found""]",True,True,1,418,success,"[""No movements found"", ""No source references found"", ""No performance information found""]",True,False,PASS,
cnw0392.xml,427482c8a774f1bdf6bfc1262c5e94921b53e7f01cb836969ee6fad6402d58ce,19144,390,mei_idm140182766250016,work_d1e191187,official_cnw_v401,CNW,419,419,cnw_sources_v1,complete,1,1,1,0,1,1,0,1,1,0,1,1,1,0,1,0,"{""descriptive"": 1}","{""descriptive"": 1}",[],1,419,success,"[""No movements found"", ""No source references found"", ""Skipped performance event with no supported direct values""]",True,False,1,865,success,"[""No movements found"", ""No source references found"", ""Skipped performance event with no supported direct values""]",True,True,1,419,success,"[""No movements found"", ""No source references found"", ""Skipped performance event with no supported direct values""]",True,False,PASS,
cnw0394.xml,ba5d5fd51be21af933a2cd8e4a8705f17656a2aaca6e02a354e96451286cb179,18986,392,mei_idm140654303025184,work_d1e191187,official_cnw_v401,CNW,420,420,cnw_sources_v1,complete,1,0,1,0,1,1,0,0,0,0,1,1,1,0,1,0,"{""descriptive"": 1}",{},[],1,420,success,"[""No movements found"", ""No source references found"", ""Skipped performance event with no supported direct values""]",True,False,1,866,success,"[""No movements found"", ""No source references found"", ""Skipped performance event with no supported direct values""]",True,True,1,420,success,"[""No movements found"", ""No source references found"", ""Skipped performance event with no supported direct values""]",True,False,PASS,
cnw0395.xml,341a7840f896c1d35448391ff0e1f9745b89b0f329aacbd6d99a6180165db199,19959,393,mei_idm139794028020048,work_d1e191187,official_cnw_v401,CNW,421,421,cnw_sources_v1,complete,1,1,1,0,1,1,0,1,1,0,1,1,1,0,1,0,"{""descriptive"": 1}","{""descriptive"": 1}",[],1,421,success,"[""No movements found"", ""No source references found"", ""Skipped performance event with no supported direct values""]",True,False,1,867,success,"[""No movements found"", ""No source references found"", ""Skipped performance event with no supported direct values""]",True,True,1,421,success,"[""No movements found"", ""No source references found"", ""Skipped performance event with no supported direct values""]",True,False,PASS,
cnw0396.xml,069d3573912e612e90de52e01e3569e7fb28983d2b50df09644eb8695504ab41,18273,394,mei_idm139798182924624,work_d1e191187,official_cnw_v401,CNW,422,422,cnw_sources_v1,complete,1,0,1,0,1,1,0,0,0,0,1,1,1,0,1,0,"{""descriptive"": 1}",{},[],1,422,success,"[""No movements found"", ""No source references found"", ""Skipped performance event with no supported direct values""]",True,False,1,868,success,"[""No movements found"", ""No source references found"", ""Skipped performance event with no supported direct values""]",True,True,1,422,success,"[""No movements found"", ""No source references found"", ""Skipped performance event with no supported direct values""]",True,False,PASS,
cnw0397.xml,31d766035b801dd3d547a18b97c2cf5c1753ad5f8115a0293138afc0b10bbd1c,37263,395,mei_idm140329565454112,work_d1e191187,official_cnw_v401,CNW,423,423,cnw_sources_v1,complete,4,2,2,0,4,4,0,2,2,0,4,4,4,0,4,0,"{""descriptive"": 4}","{""descriptive"": 2}",[],1,423,success,"[""No movements found"", ""No source references found"", ""Skipped performance event with no supported direct values""]",True,False,1,869,success,"[""No movements found"", ""No source references found"", ""Skipped performance event with no supported direct values""]",True,True,1,423,success,"[""No movements found"", ""No source references found"", ""Skipped performance event with no supported direct values""]",True,False,PASS,
cnw0398.xml,2756af0f0e39bb8eb434e52502a19fd4aa12718e68e0dfe2e8e8fb8f305600fd,42562,396,mei_idm139987749828608,work_d1e191187,official_cnw_v401,CNW,424,424,cnw_sources_v1,complete,6,3,2,0,6,6,0,3,3,0,6,6,6,0,6,0,"{""descriptive"": 6}","{""descriptive"": 2, ""empty_placeholder"": 1}",[],1,424,success,"[""No movements found"", ""No source references found"", ""Skipped performance event with no supported direct values""]",True,False,1,870,success,"[""No movements found"", ""No source references found"", ""Skipped performance event with no supported direct values""]",True,True,1,424,success,"[""No movements found"", ""No source references found"", ""Skipped performance event with no supported direct values""]",True,False,PASS,
cnw0399.xml,42684cbfa697eb9911562af0a1398cbbabf5093cc1a49d7d4c552e0fd9c498ff,26257,397,mei_idm140209414398288,work_d1e191187,official_cnw_v401,CNW,425,425,cnw_sources_v1,complete,2,0,1,0,2,2,0,0,0,0,1,1,1,0,1,0,"{""descriptive"": 2}",{},[],1,425,success,"[""No movements found"", ""No source references found"", ""Skipped performance event with no supported direct values""]",True,False,1,871,success,"[""No movements found"", ""No source references found"", ""Skipped performance event with no supported direct values""]",True,True,1,425,success,"[""No movements found"", ""No source references found"", ""Skipped performance event with no supported direct values""]",True,False,PASS,
cnw0400.xml,99010a507a79e46dd5d0ce9368a0d1e77e0c688924b27aa33ff91bf226b51c5e,25109,398,mei_idm139886843257168,work_d1e191187,official_cnw_v401,CNW,426,426,cnw_sources_v1,complete,2,0,1,0,2,2,0,0,0,0,0,0,0,0,0,0,"{""descriptive"": 2}",{},[],1,426,success,"[""No movements found"", ""No source references found"", ""Skipped performance event with no supported direct values""]",True,False,1,872,success,"[""No movements found"", ""No source references found"", ""Skipped performance event with no supported direct values""]",True,True,1,426,success,"[""No movements found"", ""No source references found"", ""Skipped performance event with no supported direct values""]",True,False,PASS,
cnw0401.xml,bc735c8821b3e1380ea090d7ecbcf27c24af5213a63e714b9329325aa0c35d8e,53949,399,mei_idm139675917029312,work_d1e191187,official_cnw_v401,CNW,427,427,cnw_sources_v1,complete,7,4,3,0,7,7,0,4,4,0,7,7,7,0,7,0,"{""descriptive"": 7}","{""descriptive"": 4}",[],1,427,success,"[""No movements found"", ""No source references found"", ""Skipped performance event with no supported direct values""]",True,False,1,873,success,"[""No movements found"", ""No source references found"", ""Skipped performance event with no supported direct values""]",True,True,1,427,success,"[""No movements found"", ""No source references found"", ""Skipped performance event with no supported direct values""]",True,False,PASS,
cnw0402.xml,4b01cd2ef07b1c120715263c227a8484e980996cd19027ab364461062f908376,26469,400,mei_idm139708614291392,work_d1e191187,official_cnw_v401,CNW,428,428,cnw_sources_v1,complete,2,0,1,0,2,2,0,0,0,0,0,0,0,0,0,0,"{""descriptive"": 2}",{},[],1,428,success,"[""No movements found"", ""No source references found"", ""Skipped performance event with no supported direct values""]",True,False,1,874,success,"[""No movements found"", ""No source references found"", ""Skipped performance event with no supported direct values""]",True,True,1,428,success,"[""No movements found"", ""No source references found"", ""Skipped performance event with no supported direct values""]",True,False,PASS,
cnw0403.xml,95bcef5bf3261505ad936cb1cdfb39204123fb2e25b7b192cb34af61250fe5fe,38169,401,mei_idm140489889595328,work_d1e191187,official_cnw_v401,CNW,429,429,cnw_sources_v1,complete,4,2,2,0,4,4,0,2,2,0,4,4,4,0,4,0,"{""descriptive"": 4}","{""descriptive"": 2}",[],1,429,success,"[""No movements found"", ""No source references found"", ""Skipped performance event with no supported direct values""]",True,False,1,875,success,"[""No movements found"", ""No source references found"", ""Skipped performance event with no supported direct values""]",True,True,1,429,success,"[""No movements found"", ""No source references found"", ""Skipped performance event with no supported direct values""]",True,False,PASS,
cnw0404.xml,0a9c8a7373aeb791e6df209f8d516c09c9d9940db3ec0e82dbaaaceff02a84ee,38980,402,mei_idm140711297640160,work_d1e191187,official_cnw_v401,CNW,430,430,cnw_sources_v1,complete,4,2,2,0,4,4,0,2,2,0,4,4,4,0,4,0,"{""descriptive"": 4}","{""descriptive"": 2}",[],1,430,success,"[""No movements found"", ""No source references found"", ""Skipped performance event with no supported direct values""]",True,False,1,876,success,"[""No movements found"", ""No source references found"", ""Skipped performance event with no supported direct values""]",True,True,1,430,success,"[""No movements found"", ""No source references found"", ""Skipped performance event with no supported direct values""]",True,False,PASS,
cnw0405.xml,6a760bce4ce65ec9006d14f77646d1460d89a4a94fc3534539d632e48cb9f5e7,40558,403,mei_idm140417745031504,work_d1e191187,official_cnw_v401,CNW,431,431,cnw_sources_v1,complete,4,2,3,0,4,4,0,2,2,0,4,4,4,0,4,0,"{""descriptive"": 4}","{""descriptive"": 2}",[],1,431,success,"[""No movements found"", ""No source references found"", ""Skipped performance event with no supported direct values""]",True,False,1,877,success,"[""No movements found"", ""No source references found"", ""Skipped performance event with no supported direct values""]",True,True,1,431,success,"[""No movements found"", ""No source references found"", ""Skipped performance event with no supported direct values""]",True,False,PASS,
cnw0406.xml,b859da669ea052fbf36ac2152bd3af29b6d4953b5cb7974931819ad2c3f420b7,38952,404,mei_idm139780597506384,work_d1e191187,official_cnw_v401,CNW,432,432,cnw_sources_v1,complete,6,3,2,0,6,6,0,3,3,0,6,6,6,0,6,0,"{""descriptive"": 6}","{""descriptive"": 3}",[],1,432,success,"[""No movements found"", ""No source references found"", ""Skipped performance event with no supported direct values""]",True,False,1,878,success,"[""No movements found"", ""No source references found"", ""Skipped performance event with no supported direct values""]",True,True,1,432,success,"[""No movements found"", ""No source references found"", ""Skipped performance event with no supported direct values""]",True,False,PASS,
cnw0407.xml,8b65388ff26ec67ae1c657e740bc58e62a82ceda3b39c9b608578d99b20a34c7,26793,405,mei_idm140215308590976,work_d1e191187,official_cnw_v401,CNW,433,433,cnw_sources_v1,complete,2,0,1,0,2,2,0,0,0,0,0,0,0,0,0,0,"{""descriptive"": 2}",{},[],1,433,success,"[""No movements found"", ""No source references found"", ""Skipped performance event with no supported direct values""]",True,False,1,879,success,"[""No movements found"", ""No source references found"", ""Skipped performance event with no supported direct values""]",True,True,1,433,success,"[""No movements found"", ""No source references found"", ""Skipped performance event with no supported direct values""]",True,False,PASS,
cnw0408.xml,5373b0f58ea7b8ed3529c0c14462dfe73cff4d55c1f958b4953ab5cb3c844412,29282,406,mei_idm140484604745440,work_d1e191187,official_cnw_v401,CNW,434,434,cnw_sources_v1,complete,3,1,1,0,3,3,0,1,1,0,1,1,1,0,1,0,"{""descriptive"": 3}","{""descriptive"": 1}",[],1,434,success,"[""No movements found"", ""No source references found"", ""Skipped performance event with no supported direct values""]",True,False,1,880,success,"[""No movements found"", ""No source references found"", ""Skipped performance event with no supported direct values""]",True,True,1,434,success,"[""No movements found"", ""No source references found"", ""Skipped performance event with no supported direct values""]",True,False,PASS,
cnw0409.xml,f96506a69079d23d6944f6b089c1cec039b3a7a01e66d99f937e9aca0be45f04,38017,407,mei_idm140370473336768,work_d1e191187,official_cnw_v401,CNW,435,435,cnw_sources_v1,complete,4,2,2,0,4,4,0,2,2,0,4,4,4,0,4,0,"{""descriptive"": 4}","{""descriptive"": 2}",[],1,435,success,"[""No movements found"", ""No source references found"", ""Skipped performance event with no supported direct values""]",True,False,1,881,success,"[""No movements found"", ""No source references found"", ""Skipped performance event with no supported direct values""]",True,True,1,435,success,"[""No movements found"", ""No source references found"", ""Skipped performance event with no supported direct values""]",True,False,PASS,
cnw0410.xml,0c422a5239c4a3a061200b6921f65411d57acc2d11e90467ada86e898e627985,19598,408,mei_idm140547542980032,work_d1e191187,official_cnw_v401,CNW,436,436,cnw_sources_v1,complete,2,2,1,0,2,2,0,2,2,0,1,1,1,0,1,0,"{""descriptive"": 2}","{""descriptive"": 2}",[],1,436,success,"[""No movements found"", ""No source references found"", ""Skipped performance event with no supported direct values""]",True,False,1,882,success,"[""No movements found"", ""No source references found"", ""Skipped performance event with no supported direct values""]",True,True,1,436,success,"[""No movements found"", ""No source references found"", ""Skipped performance event with no supported direct values""]",True,False,PASS,
cnw0411.xml,18caa12b6b9d9da594402a93f0298cd3649f9fc6a7c848e81a8cc60571f40335,19136,409,mei_idm140091742332640,work_d1e191187,official_cnw_v401,CNW,437,437,cnw_sources_v1,complete,1,1,1,0,1,1,0,1,1,0,1,1,1,0,1,0,"{""descriptive"": 1}","{""descriptive"": 1}",[],1,437,success,"[""No movements found"", ""No source references found"", ""Skipped performance event with no supported direct values""]",True,False,1,883,success,"[""No movements found"", ""No source references found"", ""Skipped performance event with no supported direct values""]",True,True,1,437,success,"[""No movements found"", ""No source references found"", ""Skipped performance event with no supported direct values""]",True,False,PASS,
cnw0412.xml,bde9766a5f06a200c63d2f0521991615f6d7b82718f0a2ba18797d97f03bed2c,20600,410,mei_idm139640032155648,work_d1e191187,official_cnw_v401,CNW,438,438,cnw_sources_v1,complete,2,1,1,0,2,2,0,1,1,0,1,1,1,0,1,0,"{""descriptive"": 2}","{""descriptive"": 1}",[],1,438,success,"[""No movements found"", ""No source references found"", ""Skipped performance event with no supported direct values""]",True,False,1,884,success,"[""No movements found"", ""No source references found"", ""Skipped performance event with no supported direct values""]",True,True,1,438,success,"[""No movements found"", ""No source references found"", ""Skipped performance event with no supported direct values""]",True,False,PASS,
cnw0413.xml,24a31a3540548ccf083c3318c1cc237721ed880dc193c6079d8f8d982edba4ea,18345,411,mei_idm140260606050144,work_d1e191187,official_cnw_v401,CNW,439,439,cnw_sources_v1,complete,1,1,1,0,1,1,0,1,1,0,1,1,1,0,1,0,"{""descriptive"": 1}","{""descriptive"": 1}",[],1,439,success,"[""No movements found"", ""No source references found"", ""Skipped performance event with no supported direct values""]",True,False,1,885,success,"[""No movements found"", ""No source references found"", ""Skipped performance event with no supported direct values""]",True,True,1,439,success,"[""No movements found"", ""No source references found"", ""Skipped performance event with no supported direct values""]",True,False,PASS,
cnw0415.xml,b4b70a5ac890115c38f2ea6a980c27f0969c10e6772901b92fe60ff97155096f,18476,413,mei_idm139687572752304,work_d1e191187,official_cnw_v401,CNW,440,440,cnw_sources_v1,complete,1,1,1,0,1,1,0,1,1,0,1,1,1,0,1,0,"{""descriptive"": 1}","{""descriptive"": 1}",[],1,440,success,"[""No movements found"", ""No source references found"", ""Skipped performance event with no supported direct values"", ""No external references found""]",True,False,1,886,success,"[""No movements found"", ""No source references found"", ""Skipped performance event with no supported direct values"", ""No external references found""]",True,True,1,440,success,"[""No movements found"", ""No source references found"", ""Skipped performance event with no supported direct values"", ""No external references found""]",True,False,PASS,
d01672a1-0c3c-46da-85f9-6616fa6d4163.xml,581a7bd3bd1ab8b582ccc25fa22b7b0174975bfc0b5a100dedb8dc37e603f6bd,12123,418,mei_idm139844314056736,work_d1e191187,official_cnw_v401,CNW,441,441,cnw_sources_v1,absent_in_source,0,0,1,0,0,0,0,0,0,0,0,0,0,0,0,0,{},{},[],1,441,success,"[""No movements found"", ""No instrumentation found"", ""No source references found"", ""No performance information found"", ""No external references found""]",True,False,1,887,success,"[""No movements found"", ""No instrumentation found"", ""No source references found"", ""No performance information found"", ""No external references found""]",True,True,1,441,success,"[""No movements found"", ""No instrumentation found"", ""No source references found"", ""No performance information found"", ""No external references found""]",True,False,PASS,
d6f46070-85df-4dda-b1f2-4e90530cf511.xml,32d0d8de25553d06582112cecbdd96c59e8347231cb2f47a2a50f97e6a8916b8,76836,Coll. 19,mei_idm139906696119936,work_d1e191187,official_cnw_v401,CNW,442,442,cnw_sources_v1,complete,3,0,1,0,3,3,0,0,0,0,1,1,1,0,1,0,"{""descriptive"": 3}",{},[],1,442,success,"[""No movements found"", ""No instrumentation found"", ""No source references found"", ""No performance information found"", ""No external references found""]",True,False,1,888,success,"[""No movements found"", ""No instrumentation found"", ""No source references found"", ""No performance information found"", ""No external references found""]",True,True,1,442,success,"[""No movements found"", ""No instrumentation found"", ""No source references found"", ""No performance information found"", ""No external references found""]",True,False,PASS,
e5aed570-9caa-42f1-bc21-259a801f8d83.xml,c278c2f5e52c26ebb40d30285ba94a6bb9d5dbfd4976d0d8902f7928ee481a2a,17516,415,mei_idm140277098373056,work_d1e191187,official_cnw_v401,CNW,443,443,cnw_sources_v1,complete,1,1,1,0,1,1,0,1,1,0,0,0,0,0,0,0,"{""descriptive"": 1}","{""descriptive"": 1}",[],1,443,success,"[""No movements found"", ""No source references found"", ""Skipped performance event with no supported direct values"", ""No external references found""]",True,False,1,889,success,"[""No movements found"", ""No source references found"", ""Skipped performance event with no supported direct values"", ""No external references found""]",True,True,1,443,success,"[""No movements found"", ""No source references found"", ""Skipped performance event with no supported direct values"", ""No external references found""]",True,False,PASS,
ec6dec55-b2a4-4b7f-a0c1-aba93dbeda62.xml,02304507ed0969b31586e494e8ea2a711ad61be241572ae22e8641be1562260d,23977,Coll. 25,mei_idm139830996965088,work_d1e191187,official_cnw_v401,CNW,444,444,cnw_sources_v1,complete,2,1,1,0,2,2,0,1,1,0,0,0,0,0,0,0,"{""descriptive"": 2}","{""descriptive"": 1}",[],1,444,success,"[""No movements found"", ""No instrumentation found"", ""No source references found"", ""No performance information found"", ""No external references found""]",True,False,1,890,success,"[""No movements found"", ""No instrumentation found"", ""No source references found"", ""No performance information found"", ""No external references found""]",True,True,1,444,success,"[""No movements found"", ""No instrumentation found"", ""No source references found"", ""No performance information found"", ""No external references found""]",True,False,PASS,
ef9c5b1c-889e-47bd-80c8-37902eb9e1a6.xml,e803da727f1ca34baf6014b851691288c5555bc1b9c47f2b82a5440124bf9dcf,31693,Coll. 23,mei_idm139849975202128,work_id0a5a469e,official_cnw_v401,CNW,445,445,cnw_sources_v1,complete,1,0,1,0,1,1,0,0,0,0,0,0,0,0,0,0,"{""descriptive"": 1}",{},[],1,445,success,"[""No movements found"", ""No instrumentation found"", ""No source references found"", ""No performance information found"", ""No external references found""]",True,False,1,891,success,"[""No movements found"", ""No instrumentation found"", ""No source references found"", ""No performance information found"", ""No external references found""]",True,True,1,445,success,"[""No movements found"", ""No instrumentation found"", ""No source references found"", ""No performance information found"", ""No external references found""]",True,False,PASS,
f8731077-58f9-4621-9d6c-1dc30b817c33.xml,f855c436d6cbecdeb3ad3f2ef956f920d11d2403e5585e6989498bf3cd595e1d,39770,Coll. 12,mei_idm140730114715488,work_d1e191187,official_cnw_v401,CNW,446,446,cnw_sources_v1,complete,1,0,1,0,1,1,0,0,0,0,0,0,0,0,0,0,"{""descriptive"": 1}",{},[],1,446,success,"[""No movements found"", ""No instrumentation found"", ""No source references found"", ""No performance information found"", ""No external references found""]",True,False,1,892,success,"[""No movements found"", ""No instrumentation found"", ""No source references found"", ""No performance information found"", ""No external references found""]",True,True,1,446,success,"[""No movements found"", ""No instrumentation found"", ""No source references found"", ""No performance information found"", ""No external references found""]",True,False,PASS,
