assertion_id,record_key,stratum,domain,target_pointer,source_filename,source_sha256,source_locator,sql_status,api_status
S4-COLL21-0001,Coll. 21,reserved_purposive,work_display,/title,1f6c24d6-e41f-4647-8526-f33efc08faeb.xml,023b4b9281270a16f8a9c31cb23f02d6925200a3a2ff7316f48292301eb08d6e,,PASS,PASS
S4-COLL21-0002,Coll. 21,reserved_purposive,work_display,/display_title_policy,1f6c24d6-e41f-4647-8526-f33efc08faeb.xml,023b4b9281270a16f8a9c31cb23f02d6925200a3a2ff7316f48292301eb08d6e,,PASS,PASS
S4-COLL21-0003,Coll. 21,reserved_purposive,work_classification,/genre,1f6c24d6-e41f-4647-8526-f33efc08faeb.xml,023b4b9281270a16f8a9c31cb23f02d6925200a3a2ff7316f48292301eb08d6e,,PASS,PASS
S4-COLL21-0004,Coll. 21,reserved_purposive,work_title,/titles,1f6c24d6-e41f-4647-8526-f33efc08faeb.xml,023b4b9281270a16f8a9c31cb23f02d6925200a3a2ff7316f48292301eb08d6e,,PASS,PASS
S4-COLL21-0005,Coll. 21,reserved_purposive,work_title,/titles/0,1f6c24d6-e41f-4647-8526-f33efc08faeb.xml,023b4b9281270a16f8a9c31cb23f02d6925200a3a2ff7316f48292301eb08d6e,/m:mei[1]/m:meiHead[1]/m:workList[1]/m:work[1]/m:title[1],PASS,PASS
S4-COLL21-0006,Coll. 21,reserved_purposive,work_title,/titles/1,1f6c24d6-e41f-4647-8526-f33efc08faeb.xml,023b4b9281270a16f8a9c31cb23f02d6925200a3a2ff7316f48292301eb08d6e,/m:mei[1]/m:meiHead[1]/m:workList[1]/m:work[1]/m:title[2],PASS,PASS
S4-COLL21-0007,Coll. 21,reserved_purposive,work_classification,/classification_terms,1f6c24d6-e41f-4647-8526-f33efc08faeb.xml,023b4b9281270a16f8a9c31cb23f02d6925200a3a2ff7316f48292301eb08d6e,,PASS,PASS
S4-COLL21-0008,Coll. 21,reserved_purposive,work_classification,/classification_terms/0,1f6c24d6-e41f-4647-8526-f33efc08faeb.xml,023b4b9281270a16f8a9c31cb23f02d6925200a3a2ff7316f48292301eb08d6e,/m:mei[1]/m:meiHead[1]/m:workList[1]/m:work[1]/m:classification[1]/m:termList[1]/m:term[1],PASS,PASS
S4-COLL21-0009,Coll. 21,reserved_purposive,work_classification,/classification_terms/1,1f6c24d6-e41f-4647-8526-f33efc08faeb.xml,023b4b9281270a16f8a9c31cb23f02d6925200a3a2ff7316f48292301eb08d6e,/m:mei[1]/m:meiHead[1]/m:workList[1]/m:work[1]/m:classification[1]/m:termList[1]/m:term[2],PASS,PASS
S4-COLL21-0010,Coll. 21,reserved_purposive,document_identity,/catalogue_sources/document,1f6c24d6-e41f-4647-8526-f33efc08faeb.xml,023b4b9281270a16f8a9c31cb23f02d6925200a3a2ff7316f48292301eb08d6e,,PASS,PASS
S4-COLL21-0011,Coll. 21,reserved_purposive,projection_state,/catalogue_sources/projection,1f6c24d6-e41f-4647-8526-f33efc08faeb.xml,023b4b9281270a16f8a9c31cb23f02d6925200a3a2ff7316f48292301eb08d6e,,PASS,PASS
S4-COLL21-0012,Coll. 21,reserved_purposive,source_identity,/catalogue_sources/descriptions,1f6c24d6-e41f-4647-8526-f33efc08faeb.xml,023b4b9281270a16f8a9c31cb23f02d6925200a3a2ff7316f48292301eb08d6e,,PASS,PASS
S4-COLL21-0013,Coll. 21,reserved_purposive,source_identity,/catalogue_sources/descriptions/0,1f6c24d6-e41f-4647-8526-f33efc08faeb.xml,023b4b9281270a16f8a9c31cb23f02d6925200a3a2ff7316f48292301eb08d6e,/m:mei[1]/m:meiHead[1]/m:manifestationList[1]/m:manifestation[1],PASS,PASS
S4-COLL21-0014,Coll. 21,reserved_purposive,source_identifiers,/catalogue_sources/descriptions/0/identifiers,1f6c24d6-e41f-4647-8526-f33efc08faeb.xml,023b4b9281270a16f8a9c31cb23f02d6925200a3a2ff7316f48292301eb08d6e,,PASS,PASS
S4-COLL21-0015,Coll. 21,reserved_purposive,source_titles,/catalogue_sources/descriptions/0/titles,1f6c24d6-e41f-4647-8526-f33efc08faeb.xml,023b4b9281270a16f8a9c31cb23f02d6925200a3a2ff7316f48292301eb08d6e,,PASS,PASS
S4-COLL21-0016,Coll. 21,reserved_purposive,source_titles,/catalogue_sources/descriptions/0/titles/0,1f6c24d6-e41f-4647-8526-f33efc08faeb.xml,023b4b9281270a16f8a9c31cb23f02d6925200a3a2ff7316f48292301eb08d6e,/m:mei[1]/m:meiHead[1]/m:manifestationList[1]/m:manifestation[1]/m:titleStmt[1]/m:title[1],PASS,PASS
S4-COLL21-0017,Coll. 21,reserved_purposive,source_classification_terms,/catalogue_sources/descriptions/0/classification_terms,1f6c24d6-e41f-4647-8526-f33efc08faeb.xml,023b4b9281270a16f8a9c31cb23f02d6925200a3a2ff7316f48292301eb08d6e,,PASS,PASS
S4-COLL21-0018,Coll. 21,reserved_purposive,source_classification_terms,/catalogue_sources/descriptions/0/classification_terms/0,1f6c24d6-e41f-4647-8526-f33efc08faeb.xml,023b4b9281270a16f8a9c31cb23f02d6925200a3a2ff7316f48292301eb08d6e,/m:mei[1]/m:meiHead[1]/m:manifestationList[1]/m:manifestation[1]/m:classification[1]/m:termList[1]/m:term[1],PASS,PASS
S4-COLL21-0019,Coll. 21,reserved_purposive,source_classification_terms,/catalogue_sources/descriptions/0/classification_terms/1,1f6c24d6-e41f-4647-8526-f33efc08faeb.xml,023b4b9281270a16f8a9c31cb23f02d6925200a3a2ff7316f48292301eb08d6e,/m:mei[1]/m:meiHead[1]/m:manifestationList[1]/m:manifestation[1]/m:classification[1]/m:termList[1]/m:term[2],PASS,PASS
S4-COLL21-0020,Coll. 21,reserved_purposive,source_classification_terms,/catalogue_sources/descriptions/0/classification_terms/2,1f6c24d6-e41f-4647-8526-f33efc08faeb.xml,023b4b9281270a16f8a9c31cb23f02d6925200a3a2ff7316f48292301eb08d6e,/m:mei[1]/m:meiHead[1]/m:manifestationList[1]/m:manifestation[1]/m:classification[1]/m:termList[1]/m:term[3],PASS,PASS
S4-COLL21-0021,Coll. 21,reserved_purposive,source_classification_terms,/catalogue_sources/descriptions/0/classification_terms/3,1f6c24d6-e41f-4647-8526-f33efc08faeb.xml,023b4b9281270a16f8a9c31cb23f02d6925200a3a2ff7316f48292301eb08d6e,/m:mei[1]/m:meiHead[1]/m:manifestationList[1]/m:manifestation[1]/m:classification[1]/m:termList[1]/m:term[4],PASS,PASS
S4-COLL21-0022,Coll. 21,reserved_purposive,source_classification_terms,/catalogue_sources/descriptions/0/classification_terms/4,1f6c24d6-e41f-4647-8526-f33efc08faeb.xml,023b4b9281270a16f8a9c31cb23f02d6925200a3a2ff7316f48292301eb08d6e,/m:mei[1]/m:meiHead[1]/m:manifestationList[1]/m:manifestation[1]/m:classification[1]/m:termList[1]/m:term[5],PASS,PASS
S4-COLL21-0023,Coll. 21,reserved_purposive,source_classification_terms,/catalogue_sources/descriptions/0/classification_terms/5,1f6c24d6-e41f-4647-8526-f33efc08faeb.xml,023b4b9281270a16f8a9c31cb23f02d6925200a3a2ff7316f48292301eb08d6e,/m:mei[1]/m:meiHead[1]/m:manifestationList[1]/m:manifestation[1]/m:classification[1]/m:termList[1]/m:term[6],PASS,PASS
S4-COLL21-0024,Coll. 21,reserved_purposive,source_publication,/catalogue_sources/descriptions/0/publication,1f6c24d6-e41f-4647-8526-f33efc08faeb.xml,023b4b9281270a16f8a9c31cb23f02d6925200a3a2ff7316f48292301eb08d6e,,PASS,PASS
S4-COLL21-0025,Coll. 21,reserved_purposive,source_publication,/catalogue_sources/descriptions/0/publication/0,1f6c24d6-e41f-4647-8526-f33efc08faeb.xml,023b4b9281270a16f8a9c31cb23f02d6925200a3a2ff7316f48292301eb08d6e,/m:mei[1]/m:meiHead[1]/m:manifestationList[1]/m:manifestation[1]/m:pubStmt[1]/m:publisher[1],PASS,PASS
S4-COLL21-0026,Coll. 21,reserved_purposive,source_publication,/catalogue_sources/descriptions/0/publication/1,1f6c24d6-e41f-4647-8526-f33efc08faeb.xml,023b4b9281270a16f8a9c31cb23f02d6925200a3a2ff7316f48292301eb08d6e,/m:mei[1]/m:meiHead[1]/m:manifestationList[1]/m:manifestation[1]/m:pubStmt[1]/m:pubPlace[1],PASS,PASS
S4-COLL21-0027,Coll. 21,reserved_purposive,source_publication,/catalogue_sources/descriptions/0/publication/2,1f6c24d6-e41f-4647-8526-f33efc08faeb.xml,023b4b9281270a16f8a9c31cb23f02d6925200a3a2ff7316f48292301eb08d6e,/m:mei[1]/m:meiHead[1]/m:manifestationList[1]/m:manifestation[1]/m:pubStmt[1]/m:date[1],PASS,PASS
S4-COLL21-0028,Coll. 21,reserved_purposive,source_physical_description,/catalogue_sources/descriptions/0/physical_description,1f6c24d6-e41f-4647-8526-f33efc08faeb.xml,023b4b9281270a16f8a9c31cb23f02d6925200a3a2ff7316f48292301eb08d6e,,PASS,PASS
S4-COLL21-0029,Coll. 21,reserved_purposive,source_physical_description,/catalogue_sources/descriptions/0/physical_description/0,1f6c24d6-e41f-4647-8526-f33efc08faeb.xml,023b4b9281270a16f8a9c31cb23f02d6925200a3a2ff7316f48292301eb08d6e,/m:mei[1]/m:meiHead[1]/m:manifestationList[1]/m:manifestation[1]/m:physDesc[1]/m:titlePage[1],PASS,PASS
S4-COLL21-0030,Coll. 21,reserved_purposive,source_notes,/catalogue_sources/descriptions/0/notes,1f6c24d6-e41f-4647-8526-f33efc08faeb.xml,023b4b9281270a16f8a9c31cb23f02d6925200a3a2ff7316f48292301eb08d6e,,PASS,PASS
S4-COLL21-0031,Coll. 21,reserved_purposive,source_links,/catalogue_sources/descriptions/0/links,1f6c24d6-e41f-4647-8526-f33efc08faeb.xml,023b4b9281270a16f8a9c31cb23f02d6925200a3a2ff7316f48292301eb08d6e,,PASS,PASS
S4-COLL21-0032,Coll. 21,reserved_purposive,source_relation,/catalogue_sources/descriptions/0/relations,1f6c24d6-e41f-4647-8526-f33efc08faeb.xml,023b4b9281270a16f8a9c31cb23f02d6925200a3a2ff7316f48292301eb08d6e,,PASS,PASS
S4-COLL21-0033,Coll. 21,reserved_purposive,held_item_identity,/catalogue_sources/descriptions/0/held_items,1f6c24d6-e41f-4647-8526-f33efc08faeb.xml,023b4b9281270a16f8a9c31cb23f02d6925200a3a2ff7316f48292301eb08d6e,,PASS,PASS
S4-417-0001,417,development_regression,work_display,/title,712a43e2-d3d6-463a-88fa-0b7e88e4dbf8.xml,0c951b13db076b7a1cbde40ed09209c90330b5873f552c348ddde1866f014361,,PASS,PASS
S4-417-0002,417,development_regression,work_display,/display_title_policy,712a43e2-d3d6-463a-88fa-0b7e88e4dbf8.xml,0c951b13db076b7a1cbde40ed09209c90330b5873f552c348ddde1866f014361,,PASS,PASS
S4-417-0003,417,development_regression,work_classification,/genre,712a43e2-d3d6-463a-88fa-0b7e88e4dbf8.xml,0c951b13db076b7a1cbde40ed09209c90330b5873f552c348ddde1866f014361,,PASS,PASS
S4-417-0004,417,development_regression,work_title,/titles,712a43e2-d3d6-463a-88fa-0b7e88e4dbf8.xml,0c951b13db076b7a1cbde40ed09209c90330b5873f552c348ddde1866f014361,,PASS,PASS
S4-417-0005,417,development_regression,work_title,/titles/0,712a43e2-d3d6-463a-88fa-0b7e88e4dbf8.xml,0c951b13db076b7a1cbde40ed09209c90330b5873f552c348ddde1866f014361,/m:mei[1]/m:meiHead[1]/m:workList[1]/m:work[1]/m:title[1],PASS,PASS
S4-417-0006,417,development_regression,work_title,/titles/1,712a43e2-d3d6-463a-88fa-0b7e88e4dbf8.xml,0c951b13db076b7a1cbde40ed09209c90330b5873f552c348ddde1866f014361,/m:mei[1]/m:meiHead[1]/m:workList[1]/m:work[1]/m:title[2],PASS,PASS
S4-417-0007,417,development_regression,work_title,/titles/2,712a43e2-d3d6-463a-88fa-0b7e88e4dbf8.xml,0c951b13db076b7a1cbde40ed09209c90330b5873f552c348ddde1866f014361,/m:mei[1]/m:meiHead[1]/m:workList[1]/m:work[1]/m:title[3],PASS,PASS
S4-417-0008,417,development_regression,work_title,/titles/3,712a43e2-d3d6-463a-88fa-0b7e88e4dbf8.xml,0c951b13db076b7a1cbde40ed09209c90330b5873f552c348ddde1866f014361,/m:mei[1]/m:meiHead[1]/m:workList[1]/m:work[1]/m:title[4],PASS,PASS
S4-417-0009,417,development_regression,work_classification,/classification_terms,712a43e2-d3d6-463a-88fa-0b7e88e4dbf8.xml,0c951b13db076b7a1cbde40ed09209c90330b5873f552c348ddde1866f014361,,PASS,PASS
S4-417-0010,417,development_regression,work_classification,/classification_terms/0,712a43e2-d3d6-463a-88fa-0b7e88e4dbf8.xml,0c951b13db076b7a1cbde40ed09209c90330b5873f552c348ddde1866f014361,/m:mei[1]/m:meiHead[1]/m:workList[1]/m:work[1]/m:classification[1]/m:termList[1]/m:term[1],PASS,PASS
S4-417-0011,417,development_regression,work_classification,/classification_terms/1,712a43e2-d3d6-463a-88fa-0b7e88e4dbf8.xml,0c951b13db076b7a1cbde40ed09209c90330b5873f552c348ddde1866f014361,/m:mei[1]/m:meiHead[1]/m:workList[1]/m:work[1]/m:classification[1]/m:termList[1]/m:term[2],PASS,PASS
S4-417-0012,417,development_regression,document_identity,/catalogue_sources/document,712a43e2-d3d6-463a-88fa-0b7e88e4dbf8.xml,0c951b13db076b7a1cbde40ed09209c90330b5873f552c348ddde1866f014361,,PASS,PASS
S4-417-0013,417,development_regression,projection_state,/catalogue_sources/projection,712a43e2-d3d6-463a-88fa-0b7e88e4dbf8.xml,0c951b13db076b7a1cbde40ed09209c90330b5873f552c348ddde1866f014361,,PASS,PASS
S4-417-0014,417,development_regression,source_identity,/catalogue_sources/descriptions,712a43e2-d3d6-463a-88fa-0b7e88e4dbf8.xml,0c951b13db076b7a1cbde40ed09209c90330b5873f552c348ddde1866f014361,,PASS,PASS
S4-COLL27-0001,Coll. 27,development_regression,work_display,/title,a601140e-d48d-48c3-b103-bc0c365082d4.xml,7e9c3fe9feda29a912282f0ee38d2382fb6d5d3e3c9390124602b90e01f18736,,PASS,PASS
S4-COLL27-0002,Coll. 27,development_regression,work_display,/display_title_policy,a601140e-d48d-48c3-b103-bc0c365082d4.xml,7e9c3fe9feda29a912282f0ee38d2382fb6d5d3e3c9390124602b90e01f18736,,PASS,PASS
S4-COLL27-0003,Coll. 27,development_regression,work_classification,/genre,a601140e-d48d-48c3-b103-bc0c365082d4.xml,7e9c3fe9feda29a912282f0ee38d2382fb6d5d3e3c9390124602b90e01f18736,,PASS,PASS
S4-COLL27-0004,Coll. 27,development_regression,work_title,/titles,a601140e-d48d-48c3-b103-bc0c365082d4.xml,7e9c3fe9feda29a912282f0ee38d2382fb6d5d3e3c9390124602b90e01f18736,,PASS,PASS
S4-COLL27-0005,Coll. 27,development_regression,work_title,/titles/0,a601140e-d48d-48c3-b103-bc0c365082d4.xml,7e9c3fe9feda29a912282f0ee38d2382fb6d5d3e3c9390124602b90e01f18736,/m:mei[1]/m:meiHead[1]/m:workList[1]/m:work[1]/m:title[1],PASS,PASS
S4-COLL27-0006,Coll. 27,development_regression,work_title,/titles/1,a601140e-d48d-48c3-b103-bc0c365082d4.xml,7e9c3fe9feda29a912282f0ee38d2382fb6d5d3e3c9390124602b90e01f18736,/m:mei[1]/m:meiHead[1]/m:workList[1]/m:work[1]/m:title[2],PASS,PASS
S4-COLL27-0007,Coll. 27,development_regression,work_classification,/classification_terms,a601140e-d48d-48c3-b103-bc0c365082d4.xml,7e9c3fe9feda29a912282f0ee38d2382fb6d5d3e3c9390124602b90e01f18736,,PASS,PASS
S4-COLL27-0008,Coll. 27,development_regression,work_classification,/classification_terms/0,a601140e-d48d-48c3-b103-bc0c365082d4.xml,7e9c3fe9feda29a912282f0ee38d2382fb6d5d3e3c9390124602b90e01f18736,/m:mei[1]/m:meiHead[1]/m:workList[1]/m:work[1]/m:classification[1]/m:termList[1]/m:term[1],PASS,PASS
S4-COLL27-0009,Coll. 27,development_regression,work_classification,/classification_terms/1,a601140e-d48d-48c3-b103-bc0c365082d4.xml,7e9c3fe9feda29a912282f0ee38d2382fb6d5d3e3c9390124602b90e01f18736,/m:mei[1]/m:meiHead[1]/m:workList[1]/m:work[1]/m:classification[1]/m:termList[1]/m:term[2],PASS,PASS
S4-COLL27-0010,Coll. 27,development_regression,document_identity,/catalogue_sources/document,a601140e-d48d-48c3-b103-bc0c365082d4.xml,7e9c3fe9feda29a912282f0ee38d2382fb6d5d3e3c9390124602b90e01f18736,,PASS,PASS
S4-COLL27-0011,Coll. 27,development_regression,projection_state,/catalogue_sources/projection,a601140e-d48d-48c3-b103-bc0c365082d4.xml,7e9c3fe9feda29a912282f0ee38d2382fb6d5d3e3c9390124602b90e01f18736,,PASS,PASS
S4-COLL27-0012,Coll. 27,development_regression,source_identity,/catalogue_sources/descriptions,a601140e-d48d-48c3-b103-bc0c365082d4.xml,7e9c3fe9feda29a912282f0ee38d2382fb6d5d3e3c9390124602b90e01f18736,,PASS,PASS
S4-COLL27-0013,Coll. 27,development_regression,source_identity,/catalogue_sources/descriptions/0,a601140e-d48d-48c3-b103-bc0c365082d4.xml,7e9c3fe9feda29a912282f0ee38d2382fb6d5d3e3c9390124602b90e01f18736,/m:mei[1]/m:meiHead[1]/m:manifestationList[1]/m:manifestation[1],PASS,PASS
S4-COLL27-0014,Coll. 27,development_regression,source_identifiers,/catalogue_sources/descriptions/0/identifiers,a601140e-d48d-48c3-b103-bc0c365082d4.xml,7e9c3fe9feda29a912282f0ee38d2382fb6d5d3e3c9390124602b90e01f18736,,PASS,PASS
S4-COLL27-0015,Coll. 27,development_regression,source_identifiers,/catalogue_sources/descriptions/0/identifiers/0,a601140e-d48d-48c3-b103-bc0c365082d4.xml,7e9c3fe9feda29a912282f0ee38d2382fb6d5d3e3c9390124602b90e01f18736,/m:mei[1]/m:meiHead[1]/m:manifestationList[1]/m:manifestation[1]/m:identifier[1],PASS,PASS
S4-COLL27-0016,Coll. 27,development_regression,source_titles,/catalogue_sources/descriptions/0/titles,a601140e-d48d-48c3-b103-bc0c365082d4.xml,7e9c3fe9feda29a912282f0ee38d2382fb6d5d3e3c9390124602b90e01f18736,,PASS,PASS
S4-COLL27-0017,Coll. 27,development_regression,source_titles,/catalogue_sources/descriptions/0/titles/0,a601140e-d48d-48c3-b103-bc0c365082d4.xml,7e9c3fe9feda29a912282f0ee38d2382fb6d5d3e3c9390124602b90e01f18736,/m:mei[1]/m:meiHead[1]/m:manifestationList[1]/m:manifestation[1]/m:titleStmt[1]/m:title[1],PASS,PASS
S4-COLL27-0018,Coll. 27,development_regression,source_classification_terms,/catalogue_sources/descriptions/0/classification_terms,a601140e-d48d-48c3-b103-bc0c365082d4.xml,7e9c3fe9feda29a912282f0ee38d2382fb6d5d3e3c9390124602b90e01f18736,,PASS,PASS
S4-COLL27-0019,Coll. 27,development_regression,source_classification_terms,/catalogue_sources/descriptions/0/classification_terms/0,a601140e-d48d-48c3-b103-bc0c365082d4.xml,7e9c3fe9feda29a912282f0ee38d2382fb6d5d3e3c9390124602b90e01f18736,/m:mei[1]/m:meiHead[1]/m:manifestationList[1]/m:manifestation[1]/m:classification[1]/m:termList[1]/m:term[1],PASS,PASS
S4-COLL27-0020,Coll. 27,development_regression,source_classification_terms,/catalogue_sources/descriptions/0/classification_terms/1,a601140e-d48d-48c3-b103-bc0c365082d4.xml,7e9c3fe9feda29a912282f0ee38d2382fb6d5d3e3c9390124602b90e01f18736,/m:mei[1]/m:meiHead[1]/m:manifestationList[1]/m:manifestation[1]/m:classification[1]/m:termList[1]/m:term[2],PASS,PASS
S4-COLL27-0021,Coll. 27,development_regression,source_classification_terms,/catalogue_sources/descriptions/0/classification_terms/2,a601140e-d48d-48c3-b103-bc0c365082d4.xml,7e9c3fe9feda29a912282f0ee38d2382fb6d5d3e3c9390124602b90e01f18736,/m:mei[1]/m:meiHead[1]/m:manifestationList[1]/m:manifestation[1]/m:classification[1]/m:termList[1]/m:term[3],PASS,PASS
S4-COLL27-0022,Coll. 27,development_regression,source_classification_terms,/catalogue_sources/descriptions/0/classification_terms/3,a601140e-d48d-48c3-b103-bc0c365082d4.xml,7e9c3fe9feda29a912282f0ee38d2382fb6d5d3e3c9390124602b90e01f18736,/m:mei[1]/m:meiHead[1]/m:manifestationList[1]/m:manifestation[1]/m:classification[1]/m:termList[1]/m:term[4],PASS,PASS
S4-COLL27-0023,Coll. 27,development_regression,source_classification_terms,/catalogue_sources/descriptions/0/classification_terms/4,a601140e-d48d-48c3-b103-bc0c365082d4.xml,7e9c3fe9feda29a912282f0ee38d2382fb6d5d3e3c9390124602b90e01f18736,/m:mei[1]/m:meiHead[1]/m:manifestationList[1]/m:manifestation[1]/m:classification[1]/m:termList[1]/m:term[5],PASS,PASS
S4-COLL27-0024,Coll. 27,development_regression,source_classification_terms,/catalogue_sources/descriptions/0/classification_terms/5,a601140e-d48d-48c3-b103-bc0c365082d4.xml,7e9c3fe9feda29a912282f0ee38d2382fb6d5d3e3c9390124602b90e01f18736,/m:mei[1]/m:meiHead[1]/m:manifestationList[1]/m:manifestation[1]/m:classification[1]/m:termList[1]/m:term[6],PASS,PASS
S4-COLL27-0025,Coll. 27,development_regression,source_publication,/catalogue_sources/descriptions/0/publication,a601140e-d48d-48c3-b103-bc0c365082d4.xml,7e9c3fe9feda29a912282f0ee38d2382fb6d5d3e3c9390124602b90e01f18736,,PASS,PASS
S4-COLL27-0026,Coll. 27,development_regression,source_publication,/catalogue_sources/descriptions/0/publication/0,a601140e-d48d-48c3-b103-bc0c365082d4.xml,7e9c3fe9feda29a912282f0ee38d2382fb6d5d3e3c9390124602b90e01f18736,/m:mei[1]/m:meiHead[1]/m:manifestationList[1]/m:manifestation[1]/m:pubStmt[1]/m:publisher[1],PASS,PASS
S4-COLL27-0027,Coll. 27,development_regression,source_publication,/catalogue_sources/descriptions/0/publication/1,a601140e-d48d-48c3-b103-bc0c365082d4.xml,7e9c3fe9feda29a912282f0ee38d2382fb6d5d3e3c9390124602b90e01f18736,/m:mei[1]/m:meiHead[1]/m:manifestationList[1]/m:manifestation[1]/m:pubStmt[1]/m:pubPlace[1],PASS,PASS
S4-COLL27-0028,Coll. 27,development_regression,source_publication,/catalogue_sources/descriptions/0/publication/2,a601140e-d48d-48c3-b103-bc0c365082d4.xml,7e9c3fe9feda29a912282f0ee38d2382fb6d5d3e3c9390124602b90e01f18736,/m:mei[1]/m:meiHead[1]/m:manifestationList[1]/m:manifestation[1]/m:pubStmt[1]/m:date[1],PASS,PASS
S4-COLL27-0029,Coll. 27,development_regression,source_physical_description,/catalogue_sources/descriptions/0/physical_description,a601140e-d48d-48c3-b103-bc0c365082d4.xml,7e9c3fe9feda29a912282f0ee38d2382fb6d5d3e3c9390124602b90e01f18736,,PASS,PASS
S4-COLL27-0030,Coll. 27,development_regression,source_physical_description,/catalogue_sources/descriptions/0/physical_description/0,a601140e-d48d-48c3-b103-bc0c365082d4.xml,7e9c3fe9feda29a912282f0ee38d2382fb6d5d3e3c9390124602b90e01f18736,/m:mei[1]/m:meiHead[1]/m:manifestationList[1]/m:manifestation[1]/m:physDesc[1]/m:titlePage[1],PASS,PASS
S4-COLL27-0031,Coll. 27,development_regression,source_physical_description,/catalogue_sources/descriptions/0/physical_description/1,a601140e-d48d-48c3-b103-bc0c365082d4.xml,7e9c3fe9feda29a912282f0ee38d2382fb6d5d3e3c9390124602b90e01f18736,/m:mei[1]/m:meiHead[1]/m:manifestationList[1]/m:manifestation[1]/m:physDesc[1]/m:titlePage[2],PASS,PASS
S4-COLL27-0032,Coll. 27,development_regression,source_physical_description,/catalogue_sources/descriptions/0/physical_description/2,a601140e-d48d-48c3-b103-bc0c365082d4.xml,7e9c3fe9feda29a912282f0ee38d2382fb6d5d3e3c9390124602b90e01f18736,/m:mei[1]/m:meiHead[1]/m:manifestationList[1]/m:manifestation[1]/m:physDesc[1]/m:plateNum[1],PASS,PASS
S4-COLL27-0033,Coll. 27,development_regression,source_notes,/catalogue_sources/descriptions/0/notes,a601140e-d48d-48c3-b103-bc0c365082d4.xml,7e9c3fe9feda29a912282f0ee38d2382fb6d5d3e3c9390124602b90e01f18736,,PASS,PASS
S4-COLL27-0034,Coll. 27,development_regression,source_links,/catalogue_sources/descriptions/0/links,a601140e-d48d-48c3-b103-bc0c365082d4.xml,7e9c3fe9feda29a912282f0ee38d2382fb6d5d3e3c9390124602b90e01f18736,,PASS,PASS
S4-COLL27-0035,Coll. 27,development_regression,source_relation,/catalogue_sources/descriptions/0/relations,a601140e-d48d-48c3-b103-bc0c365082d4.xml,7e9c3fe9feda29a912282f0ee38d2382fb6d5d3e3c9390124602b90e01f18736,,PASS,PASS
S4-COLL27-0036,Coll. 27,development_regression,held_item_identity,/catalogue_sources/descriptions/0/held_items,a601140e-d48d-48c3-b103-bc0c365082d4.xml,7e9c3fe9feda29a912282f0ee38d2382fb6d5d3e3c9390124602b90e01f18736,,PASS,PASS
S4-1-0001,1,reserved_purposive,work_display,/title,cnw0001.xml,607898d54dc3354d84e215145d7d1a8b3bab47e255d842fb7506f9226784cca6,,PASS,PASS
S4-1-0002,1,reserved_purposive,work_display,/display_title_policy,cnw0001.xml,607898d54dc3354d84e215145d7d1a8b3bab47e255d842fb7506f9226784cca6,,PASS,PASS
S4-1-0003,1,reserved_purposive,work_classification,/genre,cnw0001.xml,607898d54dc3354d84e215145d7d1a8b3bab47e255d842fb7506f9226784cca6,,PASS,PASS
S4-1-0004,1,reserved_purposive,work_title,/titles,cnw0001.xml,607898d54dc3354d84e215145d7d1a8b3bab47e255d842fb7506f9226784cca6,,PASS,PASS
S4-1-0005,1,reserved_purposive,work_title,/titles/0,cnw0001.xml,607898d54dc3354d84e215145d7d1a8b3bab47e255d842fb7506f9226784cca6,/m:mei[1]/m:meiHead[1]/m:workList[1]/m:work[1]/m:title[1],PASS,PASS
S4-1-0006,1,reserved_purposive,work_title,/titles/1,cnw0001.xml,607898d54dc3354d84e215145d7d1a8b3bab47e255d842fb7506f9226784cca6,/m:mei[1]/m:meiHead[1]/m:workList[1]/m:work[1]/m:title[2],PASS,PASS
S4-1-0007,1,reserved_purposive,work_title,/titles/2,cnw0001.xml,607898d54dc3354d84e215145d7d1a8b3bab47e255d842fb7506f9226784cca6,/m:mei[1]/m:meiHead[1]/m:workList[1]/m:work[1]/m:title[3],PASS,PASS
S4-1-0008,1,reserved_purposive,work_title,/titles/3,cnw0001.xml,607898d54dc3354d84e215145d7d1a8b3bab47e255d842fb7506f9226784cca6,/m:mei[1]/m:meiHead[1]/m:workList[1]/m:work[1]/m:title[4],PASS,PASS
S4-1-0009,1,reserved_purposive,work_classification,/classification_terms,cnw0001.xml,607898d54dc3354d84e215145d7d1a8b3bab47e255d842fb7506f9226784cca6,,PASS,PASS
S4-1-0010,1,reserved_purposive,work_classification,/classification_terms/0,cnw0001.xml,607898d54dc3354d84e215145d7d1a8b3bab47e255d842fb7506f9226784cca6,/m:mei[1]/m:meiHead[1]/m:workList[1]/m:work[1]/m:classification[1]/m:termList[1]/m:term[1],PASS,PASS
S4-1-0011,1,reserved_purposive,work_classification,/classification_terms/1,cnw0001.xml,607898d54dc3354d84e215145d7d1a8b3bab47e255d842fb7506f9226784cca6,/m:mei[1]/m:meiHead[1]/m:workList[1]/m:work[1]/m:classification[1]/m:termList[1]/m:term[2],PASS,PASS
S4-1-0012,1,reserved_purposive,document_identity,/catalogue_sources/document,cnw0001.xml,607898d54dc3354d84e215145d7d1a8b3bab47e255d842fb7506f9226784cca6,,PASS,PASS
S4-1-0013,1,reserved_purposive,projection_state,/catalogue_sources/projection,cnw0001.xml,607898d54dc3354d84e215145d7d1a8b3bab47e255d842fb7506f9226784cca6,,PASS,PASS
S4-1-0014,1,reserved_purposive,source_identity,/catalogue_sources/descriptions,cnw0001.xml,607898d54dc3354d84e215145d7d1a8b3bab47e255d842fb7506f9226784cca6,,PASS,PASS
S4-1-0015,1,reserved_purposive,source_identity,/catalogue_sources/descriptions/0,cnw0001.xml,607898d54dc3354d84e215145d7d1a8b3bab47e255d842fb7506f9226784cca6,/m:mei[1]/m:meiHead[1]/m:manifestationList[1]/m:manifestation[1],PASS,PASS
S4-1-0016,1,reserved_purposive,source_identifiers,/catalogue_sources/descriptions/0/identifiers,cnw0001.xml,607898d54dc3354d84e215145d7d1a8b3bab47e255d842fb7506f9226784cca6,,PASS,PASS
S4-1-0017,1,reserved_purposive,source_titles,/catalogue_sources/descriptions/0/titles,cnw0001.xml,607898d54dc3354d84e215145d7d1a8b3bab47e255d842fb7506f9226784cca6,,PASS,PASS
S4-1-0018,1,reserved_purposive,source_titles,/catalogue_sources/descriptions/0/titles/0,cnw0001.xml,607898d54dc3354d84e215145d7d1a8b3bab47e255d842fb7506f9226784cca6,/m:mei[1]/m:meiHead[1]/m:manifestationList[1]/m:manifestation[1]/m:titleStmt[1]/m:title[1],PASS,PASS
S4-1-0019,1,reserved_purposive,source_classification_terms,/catalogue_sources/descriptions/0/classification_terms,cnw0001.xml,607898d54dc3354d84e215145d7d1a8b3bab47e255d842fb7506f9226784cca6,,PASS,PASS
S4-1-0020,1,reserved_purposive,source_classification_terms,/catalogue_sources/descriptions/0/classification_terms/0,cnw0001.xml,607898d54dc3354d84e215145d7d1a8b3bab47e255d842fb7506f9226784cca6,/m:mei[1]/m:meiHead[1]/m:manifestationList[1]/m:manifestation[1]/m:classification[1]/m:termList[1]/m:term[1],PASS,PASS
S4-1-0021,1,reserved_purposive,source_classification_terms,/catalogue_sources/descriptions/0/classification_terms/1,cnw0001.xml,607898d54dc3354d84e215145d7d1a8b3bab47e255d842fb7506f9226784cca6,/m:mei[1]/m:meiHead[1]/m:manifestationList[1]/m:manifestation[1]/m:classification[1]/m:termList[1]/m:term[2],PASS,PASS
S4-1-0022,1,reserved_purposive,source_classification_terms,/catalogue_sources/descriptions/0/classification_terms/2,cnw0001.xml,607898d54dc3354d84e215145d7d1a8b3bab47e255d842fb7506f9226784cca6,/m:mei[1]/m:meiHead[1]/m:manifestationList[1]/m:manifestation[1]/m:classification[1]/m:termList[1]/m:term[3],PASS,PASS
S4-1-0023,1,reserved_purposive,source_classification_terms,/catalogue_sources/descriptions/0/classification_terms/3,cnw0001.xml,607898d54dc3354d84e215145d7d1a8b3bab47e255d842fb7506f9226784cca6,/m:mei[1]/m:meiHead[1]/m:manifestationList[1]/m:manifestation[1]/m:classification[1]/m:termList[1]/m:term[4],PASS,PASS
S4-1-0024,1,reserved_purposive,source_classification_terms,/catalogue_sources/descriptions/0/classification_terms/4,cnw0001.xml,607898d54dc3354d84e215145d7d1a8b3bab47e255d842fb7506f9226784cca6,/m:mei[1]/m:meiHead[1]/m:manifestationList[1]/m:manifestation[1]/m:classification[1]/m:termList[1]/m:term[5],PASS,PASS
S4-1-0025,1,reserved_purposive,source_classification_terms,/catalogue_sources/descriptions/0/classification_terms/5,cnw0001.xml,607898d54dc3354d84e215145d7d1a8b3bab47e255d842fb7506f9226784cca6,/m:mei[1]/m:meiHead[1]/m:manifestationList[1]/m:manifestation[1]/m:classification[1]/m:termList[1]/m:term[6],PASS,PASS
S4-1-0026,1,reserved_purposive,source_publication,/catalogue_sources/descriptions/0/publication,cnw0001.xml,607898d54dc3354d84e215145d7d1a8b3bab47e255d842fb7506f9226784cca6,,PASS,PASS
S4-1-0027,1,reserved_purposive,source_physical_description,/catalogue_sources/descriptions/0/physical_description,cnw0001.xml,607898d54dc3354d84e215145d7d1a8b3bab47e255d842fb7506f9226784cca6,,PASS,PASS
S4-1-0028,1,reserved_purposive,source_notes,/catalogue_sources/descriptions/0/notes,cnw0001.xml,607898d54dc3354d84e215145d7d1a8b3bab47e255d842fb7506f9226784cca6,,PASS,PASS
S4-1-0029,1,reserved_purposive,source_links,/catalogue_sources/descriptions/0/links,cnw0001.xml,607898d54dc3354d84e215145d7d1a8b3bab47e255d842fb7506f9226784cca6,,PASS,PASS
S4-1-0030,1,reserved_purposive,source_relation,/catalogue_sources/descriptions/0/relations,cnw0001.xml,607898d54dc3354d84e215145d7d1a8b3bab47e255d842fb7506f9226784cca6,,PASS,PASS
S4-1-0031,1,reserved_purposive,source_relation,/catalogue_sources/descriptions/0/relations/0,cnw0001.xml,607898d54dc3354d84e215145d7d1a8b3bab47e255d842fb7506f9226784cca6,/m:mei[1]/m:meiHead[1]/m:manifestationList[1]/m:manifestation[1]/m:relationList[1]/m:relation[1],PASS,PASS
S4-1-0032,1,reserved_purposive,held_item_identity,/catalogue_sources/descriptions/0/held_items,cnw0001.xml,607898d54dc3354d84e215145d7d1a8b3bab47e255d842fb7506f9226784cca6,,PASS,PASS
S4-1-0033,1,reserved_purposive,held_item_identity,/catalogue_sources/descriptions/0/held_items/0,cnw0001.xml,607898d54dc3354d84e215145d7d1a8b3bab47e255d842fb7506f9226784cca6,/m:mei[1]/m:meiHead[1]/m:manifestationList[1]/m:manifestation[1]/m:itemList[1]/m:item[1],PASS,PASS
S4-1-0034,1,reserved_purposive,held_item_identifiers,/catalogue_sources/descriptions/0/held_items/0/identifiers,cnw0001.xml,607898d54dc3354d84e215145d7d1a8b3bab47e255d842fb7506f9226784cca6,,PASS,PASS
S4-1-0035,1,reserved_purposive,held_item_identifiers,/catalogue_sources/descriptions/0/held_items/0/identifiers/0,cnw0001.xml,607898d54dc3354d84e215145d7d1a8b3bab47e255d842fb7506f9226784cca6,/m:mei[1]/m:meiHead[1]/m:manifestationList[1]/m:manifestation[1]/m:itemList[1]/m:item[1]/m:identifier[1],PASS,PASS
S4-1-0036,1,reserved_purposive,held_item_physical_locations,/catalogue_sources/descriptions/0/held_items/0/physical_locations,cnw0001.xml,607898d54dc3354d84e215145d7d1a8b3bab47e255d842fb7506f9226784cca6,,PASS,PASS
S4-1-0037,1,reserved_purposive,held_item_physical_locations,/catalogue_sources/descriptions/0/held_items/0/physical_locations/0,cnw0001.xml,607898d54dc3354d84e215145d7d1a8b3bab47e255d842fb7506f9226784cca6,/m:mei[1]/m:meiHead[1]/m:manifestationList[1]/m:manifestation[1]/m:itemList[1]/m:item[1]/m:physLoc[1],PASS,PASS
S4-1-0038,1,reserved_purposive,held_item_physical_description,/catalogue_sources/descriptions/0/held_items/0/physical_description,cnw0001.xml,607898d54dc3354d84e215145d7d1a8b3bab47e255d842fb7506f9226784cca6,,PASS,PASS
S4-1-0039,1,reserved_purposive,held_item_links,/catalogue_sources/descriptions/0/held_items/0/links,cnw0001.xml,607898d54dc3354d84e215145d7d1a8b3bab47e255d842fb7506f9226784cca6,,PASS,PASS
S4-1-0040,1,reserved_purposive,source_identity,/catalogue_sources/descriptions/1,cnw0001.xml,607898d54dc3354d84e215145d7d1a8b3bab47e255d842fb7506f9226784cca6,/m:mei[1]/m:meiHead[1]/m:manifestationList[1]/m:manifestation[2],PASS,PASS
S4-1-0041,1,reserved_purposive,source_identifiers,/catalogue_sources/descriptions/1/identifiers,cnw0001.xml,607898d54dc3354d84e215145d7d1a8b3bab47e255d842fb7506f9226784cca6,,PASS,PASS
S4-1-0042,1,reserved_purposive,source_titles,/catalogue_sources/descriptions/1/titles,cnw0001.xml,607898d54dc3354d84e215145d7d1a8b3bab47e255d842fb7506f9226784cca6,,PASS,PASS
S4-1-0043,1,reserved_purposive,source_titles,/catalogue_sources/descriptions/1/titles/0,cnw0001.xml,607898d54dc3354d84e215145d7d1a8b3bab47e255d842fb7506f9226784cca6,/m:mei[1]/m:meiHead[1]/m:manifestationList[1]/m:manifestation[2]/m:titleStmt[1]/m:title[1],PASS,PASS
S4-1-0044,1,reserved_purposive,source_classification_terms,/catalogue_sources/descriptions/1/classification_terms,cnw0001.xml,607898d54dc3354d84e215145d7d1a8b3bab47e255d842fb7506f9226784cca6,,PASS,PASS
S4-1-0045,1,reserved_purposive,source_classification_terms,/catalogue_sources/descriptions/1/classification_terms/0,cnw0001.xml,607898d54dc3354d84e215145d7d1a8b3bab47e255d842fb7506f9226784cca6,/m:mei[1]/m:meiHead[1]/m:manifestationList[1]/m:manifestation[2]/m:classification[1]/m:termList[1]/m:term[1],PASS,PASS
S4-1-0046,1,reserved_purposive,source_classification_terms,/catalogue_sources/descriptions/1/classification_terms/1,cnw0001.xml,607898d54dc3354d84e215145d7d1a8b3bab47e255d842fb7506f9226784cca6,/m:mei[1]/m:meiHead[1]/m:manifestationList[1]/m:manifestation[2]/m:classification[1]/m:termList[1]/m:term[2],PASS,PASS
S4-1-0047,1,reserved_purposive,source_classification_terms,/catalogue_sources/descriptions/1/classification_terms/2,cnw0001.xml,607898d54dc3354d84e215145d7d1a8b3bab47e255d842fb7506f9226784cca6,/m:mei[1]/m:meiHead[1]/m:manifestationList[1]/m:manifestation[2]/m:classification[1]/m:termList[1]/m:term[3],PASS,PASS
S4-1-0048,1,reserved_purposive,source_classification_terms,/catalogue_sources/descriptions/1/classification_terms/3,cnw0001.xml,607898d54dc3354d84e215145d7d1a8b3bab47e255d842fb7506f9226784cca6,/m:mei[1]/m:meiHead[1]/m:manifestationList[1]/m:manifestation[2]/m:classification[1]/m:termList[1]/m:term[4],PASS,PASS
S4-1-0049,1,reserved_purposive,source_classification_terms,/catalogue_sources/descriptions/1/classification_terms/4,cnw0001.xml,607898d54dc3354d84e215145d7d1a8b3bab47e255d842fb7506f9226784cca6,/m:mei[1]/m:meiHead[1]/m:manifestationList[1]/m:manifestation[2]/m:classification[1]/m:termList[1]/m:term[5],PASS,PASS
S4-1-0050,1,reserved_purposive,source_classification_terms,/catalogue_sources/descriptions/1/classification_terms/5,cnw0001.xml,607898d54dc3354d84e215145d7d1a8b3bab47e255d842fb7506f9226784cca6,/m:mei[1]/m:meiHead[1]/m:manifestationList[1]/m:manifestation[2]/m:classification[1]/m:termList[1]/m:term[6],PASS,PASS
S4-1-0051,1,reserved_purposive,source_publication,/catalogue_sources/descriptions/1/publication,cnw0001.xml,607898d54dc3354d84e215145d7d1a8b3bab47e255d842fb7506f9226784cca6,,PASS,PASS
S4-1-0052,1,reserved_purposive,source_physical_description,/catalogue_sources/descriptions/1/physical_description,cnw0001.xml,607898d54dc3354d84e215145d7d1a8b3bab47e255d842fb7506f9226784cca6,,PASS,PASS
S4-1-0053,1,reserved_purposive,source_notes,/catalogue_sources/descriptions/1/notes,cnw0001.xml,607898d54dc3354d84e215145d7d1a8b3bab47e255d842fb7506f9226784cca6,,PASS,PASS
S4-1-0054,1,reserved_purposive,source_links,/catalogue_sources/descriptions/1/links,cnw0001.xml,607898d54dc3354d84e215145d7d1a8b3bab47e255d842fb7506f9226784cca6,,PASS,PASS
S4-1-0055,1,reserved_purposive,source_relation,/catalogue_sources/descriptions/1/relations,cnw0001.xml,607898d54dc3354d84e215145d7d1a8b3bab47e255d842fb7506f9226784cca6,,PASS,PASS
S4-1-0056,1,reserved_purposive,source_relation,/catalogue_sources/descriptions/1/relations/0,cnw0001.xml,607898d54dc3354d84e215145d7d1a8b3bab47e255d842fb7506f9226784cca6,/m:mei[1]/m:meiHead[1]/m:manifestationList[1]/m:manifestation[2]/m:relationList[1]/m:relation[1],PASS,PASS
S4-1-0057,1,reserved_purposive,held_item_identity,/catalogue_sources/descriptions/1/held_items,cnw0001.xml,607898d54dc3354d84e215145d7d1a8b3bab47e255d842fb7506f9226784cca6,,PASS,PASS
S4-1-0058,1,reserved_purposive,held_item_identity,/catalogue_sources/descriptions/1/held_items/0,cnw0001.xml,607898d54dc3354d84e215145d7d1a8b3bab47e255d842fb7506f9226784cca6,/m:mei[1]/m:meiHead[1]/m:manifestationList[1]/m:manifestation[2]/m:itemList[1]/m:item[1],PASS,PASS
S4-1-0059,1,reserved_purposive,held_item_identifiers,/catalogue_sources/descriptions/1/held_items/0/identifiers,cnw0001.xml,607898d54dc3354d84e215145d7d1a8b3bab47e255d842fb7506f9226784cca6,,PASS,PASS
S4-1-0060,1,reserved_purposive,held_item_identifiers,/catalogue_sources/descriptions/1/held_items/0/identifiers/0,cnw0001.xml,607898d54dc3354d84e215145d7d1a8b3bab47e255d842fb7506f9226784cca6,/m:mei[1]/m:meiHead[1]/m:manifestationList[1]/m:manifestation[2]/m:itemList[1]/m:item[1]/m:identifier[1],PASS,PASS
S4-1-0061,1,reserved_purposive,held_item_physical_locations,/catalogue_sources/descriptions/1/held_items/0/physical_locations,cnw0001.xml,607898d54dc3354d84e215145d7d1a8b3bab47e255d842fb7506f9226784cca6,,PASS,PASS
S4-1-0062,1,reserved_purposive,held_item_physical_locations,/catalogue_sources/descriptions/1/held_items/0/physical_locations/0,cnw0001.xml,607898d54dc3354d84e215145d7d1a8b3bab47e255d842fb7506f9226784cca6,/m:mei[1]/m:meiHead[1]/m:manifestationList[1]/m:manifestation[2]/m:itemList[1]/m:item[1]/m:physLoc[1],PASS,PASS
S4-1-0063,1,reserved_purposive,held_item_physical_description,/catalogue_sources/descriptions/1/held_items/0/physical_description,cnw0001.xml,607898d54dc3354d84e215145d7d1a8b3bab47e255d842fb7506f9226784cca6,,PASS,PASS
S4-1-0064,1,reserved_purposive,held_item_links,/catalogue_sources/descriptions/1/held_items/0/links,cnw0001.xml,607898d54dc3354d84e215145d7d1a8b3bab47e255d842fb7506f9226784cca6,,PASS,PASS
S4-1-0065,1,reserved_purposive,source_identity,/catalogue_sources/descriptions/2,cnw0001.xml,607898d54dc3354d84e215145d7d1a8b3bab47e255d842fb7506f9226784cca6,/m:mei[1]/m:meiHead[1]/m:manifestationList[1]/m:manifestation[3],PASS,PASS
S4-1-0066,1,reserved_purposive,source_identifiers,/catalogue_sources/descriptions/2/identifiers,cnw0001.xml,607898d54dc3354d84e215145d7d1a8b3bab47e255d842fb7506f9226784cca6,,PASS,PASS
S4-1-0067,1,reserved_purposive,source_titles,/catalogue_sources/descriptions/2/titles,cnw0001.xml,607898d54dc3354d84e215145d7d1a8b3bab47e255d842fb7506f9226784cca6,,PASS,PASS
S4-1-0068,1,reserved_purposive,source_titles,/catalogue_sources/descriptions/2/titles/0,cnw0001.xml,607898d54dc3354d84e215145d7d1a8b3bab47e255d842fb7506f9226784cca6,/m:mei[1]/m:meiHead[1]/m:manifestationList[1]/m:manifestation[3]/m:titleStmt[1]/m:title[1],PASS,PASS
S4-1-0069,1,reserved_purposive,source_classification_terms,/catalogue_sources/descriptions/2/classification_terms,cnw0001.xml,607898d54dc3354d84e215145d7d1a8b3bab47e255d842fb7506f9226784cca6,,PASS,PASS
S4-1-0070,1,reserved_purposive,source_classification_terms,/catalogue_sources/descriptions/2/classification_terms/0,cnw0001.xml,607898d54dc3354d84e215145d7d1a8b3bab47e255d842fb7506f9226784cca6,/m:mei[1]/m:meiHead[1]/m:manifestationList[1]/m:manifestation[3]/m:classification[1]/m:termList[1]/m:term[1],PASS,PASS
S4-1-0071,1,reserved_purposive,source_classification_terms,/catalogue_sources/descriptions/2/classification_terms/1,cnw0001.xml,607898d54dc3354d84e215145d7d1a8b3bab47e255d842fb7506f9226784cca6,/m:mei[1]/m:meiHead[1]/m:manifestationList[1]/m:manifestation[3]/m:classification[1]/m:termList[1]/m:term[2],PASS,PASS
S4-1-0072,1,reserved_purposive,source_classification_terms,/catalogue_sources/descriptions/2/classification_terms/2,cnw0001.xml,607898d54dc3354d84e215145d7d1a8b3bab47e255d842fb7506f9226784cca6,/m:mei[1]/m:meiHead[1]/m:manifestationList[1]/m:manifestation[3]/m:classification[1]/m:termList[1]/m:term[3],PASS,PASS
S4-1-0073,1,reserved_purposive,source_classification_terms,/catalogue_sources/descriptions/2/classification_terms/3,cnw0001.xml,607898d54dc3354d84e215145d7d1a8b3bab47e255d842fb7506f9226784cca6,/m:mei[1]/m:meiHead[1]/m:manifestationList[1]/m:manifestation[3]/m:classification[1]/m:termList[1]/m:term[4],PASS,PASS
S4-1-0074,1,reserved_purposive,source_classification_terms,/catalogue_sources/descriptions/2/classification_terms/4,cnw0001.xml,607898d54dc3354d84e215145d7d1a8b3bab47e255d842fb7506f9226784cca6,/m:mei[1]/m:meiHead[1]/m:manifestationList[1]/m:manifestation[3]/m:classification[1]/m:termList[1]/m:term[5],PASS,PASS
S4-1-0075,1,reserved_purposive,source_classification_terms,/catalogue_sources/descriptions/2/classification_terms/5,cnw0001.xml,607898d54dc3354d84e215145d7d1a8b3bab47e255d842fb7506f9226784cca6,/m:mei[1]/m:meiHead[1]/m:manifestationList[1]/m:manifestation[3]/m:classification[1]/m:termList[1]/m:term[6],PASS,PASS
S4-1-0076,1,reserved_purposive,source_publication,/catalogue_sources/descriptions/2/publication,cnw0001.xml,607898d54dc3354d84e215145d7d1a8b3bab47e255d842fb7506f9226784cca6,,PASS,PASS
S4-1-0077,1,reserved_purposive,source_physical_description,/catalogue_sources/descriptions/2/physical_description,cnw0001.xml,607898d54dc3354d84e215145d7d1a8b3bab47e255d842fb7506f9226784cca6,,PASS,PASS
S4-1-0078,1,reserved_purposive,source_notes,/catalogue_sources/descriptions/2/notes,cnw0001.xml,607898d54dc3354d84e215145d7d1a8b3bab47e255d842fb7506f9226784cca6,,PASS,PASS
S4-1-0079,1,reserved_purposive,source_links,/catalogue_sources/descriptions/2/links,cnw0001.xml,607898d54dc3354d84e215145d7d1a8b3bab47e255d842fb7506f9226784cca6,,PASS,PASS
S4-1-0080,1,reserved_purposive,source_relation,/catalogue_sources/descriptions/2/relations,cnw0001.xml,607898d54dc3354d84e215145d7d1a8b3bab47e255d842fb7506f9226784cca6,,PASS,PASS
S4-1-0081,1,reserved_purposive,source_relation,/catalogue_sources/descriptions/2/relations/0,cnw0001.xml,607898d54dc3354d84e215145d7d1a8b3bab47e255d842fb7506f9226784cca6,/m:mei[1]/m:meiHead[1]/m:manifestationList[1]/m:manifestation[3]/m:relationList[1]/m:relation[1],PASS,PASS
S4-1-0082,1,reserved_purposive,held_item_identity,/catalogue_sources/descriptions/2/held_items,cnw0001.xml,607898d54dc3354d84e215145d7d1a8b3bab47e255d842fb7506f9226784cca6,,PASS,PASS
S4-1-0083,1,reserved_purposive,held_item_identity,/catalogue_sources/descriptions/2/held_items/0,cnw0001.xml,607898d54dc3354d84e215145d7d1a8b3bab47e255d842fb7506f9226784cca6,/m:mei[1]/m:meiHead[1]/m:manifestationList[1]/m:manifestation[3]/m:itemList[1]/m:item[1],PASS,PASS
S4-1-0084,1,reserved_purposive,held_item_identifiers,/catalogue_sources/descriptions/2/held_items/0/identifiers,cnw0001.xml,607898d54dc3354d84e215145d7d1a8b3bab47e255d842fb7506f9226784cca6,,PASS,PASS
S4-1-0085,1,reserved_purposive,held_item_identifiers,/catalogue_sources/descriptions/2/held_items/0/identifiers/0,cnw0001.xml,607898d54dc3354d84e215145d7d1a8b3bab47e255d842fb7506f9226784cca6,/m:mei[1]/m:meiHead[1]/m:manifestationList[1]/m:manifestation[3]/m:itemList[1]/m:item[1]/m:identifier[1],PASS,PASS
S4-1-0086,1,reserved_purposive,held_item_physical_locations,/catalogue_sources/descriptions/2/held_items/0/physical_locations,cnw0001.xml,607898d54dc3354d84e215145d7d1a8b3bab47e255d842fb7506f9226784cca6,,PASS,PASS
S4-1-0087,1,reserved_purposive,held_item_physical_locations,/catalogue_sources/descriptions/2/held_items/0/physical_locations/0,cnw0001.xml,607898d54dc3354d84e215145d7d1a8b3bab47e255d842fb7506f9226784cca6,/m:mei[1]/m:meiHead[1]/m:manifestationList[1]/m:manifestation[3]/m:itemList[1]/m:item[1]/m:physLoc[1],PASS,PASS
S4-1-0088,1,reserved_purposive,held_item_physical_description,/catalogue_sources/descriptions/2/held_items/0/physical_description,cnw0001.xml,607898d54dc3354d84e215145d7d1a8b3bab47e255d842fb7506f9226784cca6,,PASS,PASS
S4-1-0089,1,reserved_purposive,held_item_links,/catalogue_sources/descriptions/2/held_items/0/links,cnw0001.xml,607898d54dc3354d84e215145d7d1a8b3bab47e255d842fb7506f9226784cca6,,PASS,PASS
S4-1-0090,1,reserved_purposive,source_identity,/catalogue_sources/descriptions/3,cnw0001.xml,607898d54dc3354d84e215145d7d1a8b3bab47e255d842fb7506f9226784cca6,/m:mei[1]/m:meiHead[1]/m:manifestationList[1]/m:manifestation[4],PASS,PASS
S4-1-0091,1,reserved_purposive,source_identifiers,/catalogue_sources/descriptions/3/identifiers,cnw0001.xml,607898d54dc3354d84e215145d7d1a8b3bab47e255d842fb7506f9226784cca6,,PASS,PASS
S4-1-0092,1,reserved_purposive,source_titles,/catalogue_sources/descriptions/3/titles,cnw0001.xml,607898d54dc3354d84e215145d7d1a8b3bab47e255d842fb7506f9226784cca6,,PASS,PASS
S4-1-0093,1,reserved_purposive,source_titles,/catalogue_sources/descriptions/3/titles/0,cnw0001.xml,607898d54dc3354d84e215145d7d1a8b3bab47e255d842fb7506f9226784cca6,/m:mei[1]/m:meiHead[1]/m:manifestationList[1]/m:manifestation[4]/m:titleStmt[1]/m:title[1],PASS,PASS
S4-1-0094,1,reserved_purposive,source_classification_terms,/catalogue_sources/descriptions/3/classification_terms,cnw0001.xml,607898d54dc3354d84e215145d7d1a8b3bab47e255d842fb7506f9226784cca6,,PASS,PASS
S4-1-0095,1,reserved_purposive,source_classification_terms,/catalogue_sources/descriptions/3/classification_terms/0,cnw0001.xml,607898d54dc3354d84e215145d7d1a8b3bab47e255d842fb7506f9226784cca6,/m:mei[1]/m:meiHead[1]/m:manifestationList[1]/m:manifestation[4]/m:classification[1]/m:termList[1]/m:term[1],PASS,PASS
S4-1-0096,1,reserved_purposive,source_classification_terms,/catalogue_sources/descriptions/3/classification_terms/1,cnw0001.xml,607898d54dc3354d84e215145d7d1a8b3bab47e255d842fb7506f9226784cca6,/m:mei[1]/m:meiHead[1]/m:manifestationList[1]/m:manifestation[4]/m:classification[1]/m:termList[1]/m:term[2],PASS,PASS
S4-1-0097,1,reserved_purposive,source_classification_terms,/catalogue_sources/descriptions/3/classification_terms/2,cnw0001.xml,607898d54dc3354d84e215145d7d1a8b3bab47e255d842fb7506f9226784cca6,/m:mei[1]/m:meiHead[1]/m:manifestationList[1]/m:manifestation[4]/m:classification[1]/m:termList[1]/m:term[3],PASS,PASS
S4-1-0098,1,reserved_purposive,source_classification_terms,/catalogue_sources/descriptions/3/classification_terms/3,cnw0001.xml,607898d54dc3354d84e215145d7d1a8b3bab47e255d842fb7506f9226784cca6,/m:mei[1]/m:meiHead[1]/m:manifestationList[1]/m:manifestation[4]/m:classification[1]/m:termList[1]/m:term[4],PASS,PASS
S4-1-0099,1,reserved_purposive,source_classification_terms,/catalogue_sources/descriptions/3/classification_terms/4,cnw0001.xml,607898d54dc3354d84e215145d7d1a8b3bab47e255d842fb7506f9226784cca6,/m:mei[1]/m:meiHead[1]/m:manifestationList[1]/m:manifestation[4]/m:classification[1]/m:termList[1]/m:term[5],PASS,PASS
S4-1-0100,1,reserved_purposive,source_classification_terms,/catalogue_sources/descriptions/3/classification_terms/5,cnw0001.xml,607898d54dc3354d84e215145d7d1a8b3bab47e255d842fb7506f9226784cca6,/m:mei[1]/m:meiHead[1]/m:manifestationList[1]/m:manifestation[4]/m:classification[1]/m:termList[1]/m:term[6],PASS,PASS
S4-1-0101,1,reserved_purposive,source_publication,/catalogue_sources/descriptions/3/publication,cnw0001.xml,607898d54dc3354d84e215145d7d1a8b3bab47e255d842fb7506f9226784cca6,,PASS,PASS
S4-1-0102,1,reserved_purposive,source_physical_description,/catalogue_sources/descriptions/3/physical_description,cnw0001.xml,607898d54dc3354d84e215145d7d1a8b3bab47e255d842fb7506f9226784cca6,,PASS,PASS
S4-1-0103,1,reserved_purposive,source_notes,/catalogue_sources/descriptions/3/notes,cnw0001.xml,607898d54dc3354d84e215145d7d1a8b3bab47e255d842fb7506f9226784cca6,,PASS,PASS
S4-1-0104,1,reserved_purposive,source_links,/catalogue_sources/descriptions/3/links,cnw0001.xml,607898d54dc3354d84e215145d7d1a8b3bab47e255d842fb7506f9226784cca6,,PASS,PASS
S4-1-0105,1,reserved_purposive,source_relation,/catalogue_sources/descriptions/3/relations,cnw0001.xml,607898d54dc3354d84e215145d7d1a8b3bab47e255d842fb7506f9226784cca6,,PASS,PASS
S4-1-0106,1,reserved_purposive,source_relation,/catalogue_sources/descriptions/3/relations/0,cnw0001.xml,607898d54dc3354d84e215145d7d1a8b3bab47e255d842fb7506f9226784cca6,/m:mei[1]/m:meiHead[1]/m:manifestationList[1]/m:manifestation[4]/m:relationList[1]/m:relation[1],PASS,PASS
S4-1-0107,1,reserved_purposive,held_item_identity,/catalogue_sources/descriptions/3/held_items,cnw0001.xml,607898d54dc3354d84e215145d7d1a8b3bab47e255d842fb7506f9226784cca6,,PASS,PASS
S4-1-0108,1,reserved_purposive,held_item_identity,/catalogue_sources/descriptions/3/held_items/0,cnw0001.xml,607898d54dc3354d84e215145d7d1a8b3bab47e255d842fb7506f9226784cca6,/m:mei[1]/m:meiHead[1]/m:manifestationList[1]/m:manifestation[4]/m:itemList[1]/m:item[1],PASS,PASS
S4-1-0109,1,reserved_purposive,held_item_identifiers,/catalogue_sources/descriptions/3/held_items/0/identifiers,cnw0001.xml,607898d54dc3354d84e215145d7d1a8b3bab47e255d842fb7506f9226784cca6,,PASS,PASS
S4-1-0110,1,reserved_purposive,held_item_identifiers,/catalogue_sources/descriptions/3/held_items/0/identifiers/0,cnw0001.xml,607898d54dc3354d84e215145d7d1a8b3bab47e255d842fb7506f9226784cca6,/m:mei[1]/m:meiHead[1]/m:manifestationList[1]/m:manifestation[4]/m:itemList[1]/m:item[1]/m:identifier[1],PASS,PASS
S4-1-0111,1,reserved_purposive,held_item_physical_locations,/catalogue_sources/descriptions/3/held_items/0/physical_locations,cnw0001.xml,607898d54dc3354d84e215145d7d1a8b3bab47e255d842fb7506f9226784cca6,,PASS,PASS
S4-1-0112,1,reserved_purposive,held_item_physical_locations,/catalogue_sources/descriptions/3/held_items/0/physical_locations/0,cnw0001.xml,607898d54dc3354d84e215145d7d1a8b3bab47e255d842fb7506f9226784cca6,/m:mei[1]/m:meiHead[1]/m:manifestationList[1]/m:manifestation[4]/m:itemList[1]/m:item[1]/m:physLoc[1],PASS,PASS
S4-1-0113,1,reserved_purposive,held_item_physical_description,/catalogue_sources/descriptions/3/held_items/0/physical_description,cnw0001.xml,607898d54dc3354d84e215145d7d1a8b3bab47e255d842fb7506f9226784cca6,,PASS,PASS
S4-1-0114,1,reserved_purposive,held_item_links,/catalogue_sources/descriptions/3/held_items/0/links,cnw0001.xml,607898d54dc3354d84e215145d7d1a8b3bab47e255d842fb7506f9226784cca6,,PASS,PASS
S4-1-0115,1,reserved_purposive,source_identity,/catalogue_sources/descriptions/4,cnw0001.xml,607898d54dc3354d84e215145d7d1a8b3bab47e255d842fb7506f9226784cca6,/m:mei[1]/m:meiHead[1]/m:manifestationList[1]/m:manifestation[5],PASS,PASS
S4-1-0116,1,reserved_purposive,source_identifiers,/catalogue_sources/descriptions/4/identifiers,cnw0001.xml,607898d54dc3354d84e215145d7d1a8b3bab47e255d842fb7506f9226784cca6,,PASS,PASS
S4-1-0117,1,reserved_purposive,source_titles,/catalogue_sources/descriptions/4/titles,cnw0001.xml,607898d54dc3354d84e215145d7d1a8b3bab47e255d842fb7506f9226784cca6,,PASS,PASS
S4-1-0118,1,reserved_purposive,source_titles,/catalogue_sources/descriptions/4/titles/0,cnw0001.xml,607898d54dc3354d84e215145d7d1a8b3bab47e255d842fb7506f9226784cca6,/m:mei[1]/m:meiHead[1]/m:manifestationList[1]/m:manifestation[5]/m:titleStmt[1]/m:title[1],PASS,PASS
S4-1-0119,1,reserved_purposive,source_classification_terms,/catalogue_sources/descriptions/4/classification_terms,cnw0001.xml,607898d54dc3354d84e215145d7d1a8b3bab47e255d842fb7506f9226784cca6,,PASS,PASS
S4-1-0120,1,reserved_purposive,source_classification_terms,/catalogue_sources/descriptions/4/classification_terms/0,cnw0001.xml,607898d54dc3354d84e215145d7d1a8b3bab47e255d842fb7506f9226784cca6,/m:mei[1]/m:meiHead[1]/m:manifestationList[1]/m:manifestation[5]/m:classification[1]/m:termList[1]/m:term[1],PASS,PASS
S4-1-0121,1,reserved_purposive,source_classification_terms,/catalogue_sources/descriptions/4/classification_terms/1,cnw0001.xml,607898d54dc3354d84e215145d7d1a8b3bab47e255d842fb7506f9226784cca6,/m:mei[1]/m:meiHead[1]/m:manifestationList[1]/m:manifestation[5]/m:classification[1]/m:termList[1]/m:term[2],PASS,PASS
S4-1-0122,1,reserved_purposive,source_classification_terms,/catalogue_sources/descriptions/4/classification_terms/2,cnw0001.xml,607898d54dc3354d84e215145d7d1a8b3bab47e255d842fb7506f9226784cca6,/m:mei[1]/m:meiHead[1]/m:manifestationList[1]/m:manifestation[5]/m:classification[1]/m:termList[1]/m:term[3],PASS,PASS
S4-1-0123,1,reserved_purposive,source_classification_terms,/catalogue_sources/descriptions/4/classification_terms/3,cnw0001.xml,607898d54dc3354d84e215145d7d1a8b3bab47e255d842fb7506f9226784cca6,/m:mei[1]/m:meiHead[1]/m:manifestationList[1]/m:manifestation[5]/m:classification[1]/m:termList[1]/m:term[4],PASS,PASS
S4-1-0124,1,reserved_purposive,source_classification_terms,/catalogue_sources/descriptions/4/classification_terms/4,cnw0001.xml,607898d54dc3354d84e215145d7d1a8b3bab47e255d842fb7506f9226784cca6,/m:mei[1]/m:meiHead[1]/m:manifestationList[1]/m:manifestation[5]/m:classification[1]/m:termList[1]/m:term[5],PASS,PASS
S4-1-0125,1,reserved_purposive,source_classification_terms,/catalogue_sources/descriptions/4/classification_terms/5,cnw0001.xml,607898d54dc3354d84e215145d7d1a8b3bab47e255d842fb7506f9226784cca6,/m:mei[1]/m:meiHead[1]/m:manifestationList[1]/m:manifestation[5]/m:classification[1]/m:termList[1]/m:term[6],PASS,PASS
S4-1-0126,1,reserved_purposive,source_publication,/catalogue_sources/descriptions/4/publication,cnw0001.xml,607898d54dc3354d84e215145d7d1a8b3bab47e255d842fb7506f9226784cca6,,PASS,PASS
S4-1-0127,1,reserved_purposive,source_physical_description,/catalogue_sources/descriptions/4/physical_description,cnw0001.xml,607898d54dc3354d84e215145d7d1a8b3bab47e255d842fb7506f9226784cca6,,PASS,PASS
S4-1-0128,1,reserved_purposive,source_notes,/catalogue_sources/descriptions/4/notes,cnw0001.xml,607898d54dc3354d84e215145d7d1a8b3bab47e255d842fb7506f9226784cca6,,PASS,PASS
S4-1-0129,1,reserved_purposive,source_links,/catalogue_sources/descriptions/4/links,cnw0001.xml,607898d54dc3354d84e215145d7d1a8b3bab47e255d842fb7506f9226784cca6,,PASS,PASS
S4-1-0130,1,reserved_purposive,source_relation,/catalogue_sources/descriptions/4/relations,cnw0001.xml,607898d54dc3354d84e215145d7d1a8b3bab47e255d842fb7506f9226784cca6,,PASS,PASS
S4-1-0131,1,reserved_purposive,source_relation,/catalogue_sources/descriptions/4/relations/0,cnw0001.xml,607898d54dc3354d84e215145d7d1a8b3bab47e255d842fb7506f9226784cca6,/m:mei[1]/m:meiHead[1]/m:manifestationList[1]/m:manifestation[5]/m:relationList[1]/m:relation[1],PASS,PASS
S4-1-0132,1,reserved_purposive,held_item_identity,/catalogue_sources/descriptions/4/held_items,cnw0001.xml,607898d54dc3354d84e215145d7d1a8b3bab47e255d842fb7506f9226784cca6,,PASS,PASS
S4-1-0133,1,reserved_purposive,held_item_identity,/catalogue_sources/descriptions/4/held_items/0,cnw0001.xml,607898d54dc3354d84e215145d7d1a8b3bab47e255d842fb7506f9226784cca6,/m:mei[1]/m:meiHead[1]/m:manifestationList[1]/m:manifestation[5]/m:itemList[1]/m:item[1],PASS,PASS
S4-1-0134,1,reserved_purposive,held_item_identifiers,/catalogue_sources/descriptions/4/held_items/0/identifiers,cnw0001.xml,607898d54dc3354d84e215145d7d1a8b3bab47e255d842fb7506f9226784cca6,,PASS,PASS
S4-1-0135,1,reserved_purposive,held_item_identifiers,/catalogue_sources/descriptions/4/held_items/0/identifiers/0,cnw0001.xml,607898d54dc3354d84e215145d7d1a8b3bab47e255d842fb7506f9226784cca6,/m:mei[1]/m:meiHead[1]/m:manifestationList[1]/m:manifestation[5]/m:itemList[1]/m:item[1]/m:identifier[1],PASS,PASS
S4-1-0136,1,reserved_purposive,held_item_physical_locations,/catalogue_sources/descriptions/4/held_items/0/physical_locations,cnw0001.xml,607898d54dc3354d84e215145d7d1a8b3bab47e255d842fb7506f9226784cca6,,PASS,PASS
S4-1-0137,1,reserved_purposive,held_item_physical_locations,/catalogue_sources/descriptions/4/held_items/0/physical_locations/0,cnw0001.xml,607898d54dc3354d84e215145d7d1a8b3bab47e255d842fb7506f9226784cca6,/m:mei[1]/m:meiHead[1]/m:manifestationList[1]/m:manifestation[5]/m:itemList[1]/m:item[1]/m:physLoc[1],PASS,PASS
S4-1-0138,1,reserved_purposive,held_item_physical_description,/catalogue_sources/descriptions/4/held_items/0/physical_description,cnw0001.xml,607898d54dc3354d84e215145d7d1a8b3bab47e255d842fb7506f9226784cca6,,PASS,PASS
S4-1-0139,1,reserved_purposive,held_item_links,/catalogue_sources/descriptions/4/held_items/0/links,cnw0001.xml,607898d54dc3354d84e215145d7d1a8b3bab47e255d842fb7506f9226784cca6,,PASS,PASS
S4-1-0140,1,reserved_purposive,source_identity,/catalogue_sources/descriptions/5,cnw0001.xml,607898d54dc3354d84e215145d7d1a8b3bab47e255d842fb7506f9226784cca6,/m:mei[1]/m:meiHead[1]/m:manifestationList[1]/m:manifestation[6],PASS,PASS
S4-1-0141,1,reserved_purposive,source_identifiers,/catalogue_sources/descriptions/5/identifiers,cnw0001.xml,607898d54dc3354d84e215145d7d1a8b3bab47e255d842fb7506f9226784cca6,,PASS,PASS
S4-1-0142,1,reserved_purposive,source_titles,/catalogue_sources/descriptions/5/titles,cnw0001.xml,607898d54dc3354d84e215145d7d1a8b3bab47e255d842fb7506f9226784cca6,,PASS,PASS
S4-1-0143,1,reserved_purposive,source_titles,/catalogue_sources/descriptions/5/titles/0,cnw0001.xml,607898d54dc3354d84e215145d7d1a8b3bab47e255d842fb7506f9226784cca6,/m:mei[1]/m:meiHead[1]/m:manifestationList[1]/m:manifestation[6]/m:titleStmt[1]/m:title[1],PASS,PASS
S4-1-0144,1,reserved_purposive,source_classification_terms,/catalogue_sources/descriptions/5/classification_terms,cnw0001.xml,607898d54dc3354d84e215145d7d1a8b3bab47e255d842fb7506f9226784cca6,,PASS,PASS
S4-1-0145,1,reserved_purposive,source_classification_terms,/catalogue_sources/descriptions/5/classification_terms/0,cnw0001.xml,607898d54dc3354d84e215145d7d1a8b3bab47e255d842fb7506f9226784cca6,/m:mei[1]/m:meiHead[1]/m:manifestationList[1]/m:manifestation[6]/m:classification[1]/m:termList[1]/m:term[1],PASS,PASS
S4-1-0146,1,reserved_purposive,source_classification_terms,/catalogue_sources/descriptions/5/classification_terms/1,cnw0001.xml,607898d54dc3354d84e215145d7d1a8b3bab47e255d842fb7506f9226784cca6,/m:mei[1]/m:meiHead[1]/m:manifestationList[1]/m:manifestation[6]/m:classification[1]/m:termList[1]/m:term[2],PASS,PASS
S4-1-0147,1,reserved_purposive,source_classification_terms,/catalogue_sources/descriptions/5/classification_terms/2,cnw0001.xml,607898d54dc3354d84e215145d7d1a8b3bab47e255d842fb7506f9226784cca6,/m:mei[1]/m:meiHead[1]/m:manifestationList[1]/m:manifestation[6]/m:classification[1]/m:termList[1]/m:term[3],PASS,PASS
S4-1-0148,1,reserved_purposive,source_classification_terms,/catalogue_sources/descriptions/5/classification_terms/3,cnw0001.xml,607898d54dc3354d84e215145d7d1a8b3bab47e255d842fb7506f9226784cca6,/m:mei[1]/m:meiHead[1]/m:manifestationList[1]/m:manifestation[6]/m:classification[1]/m:termList[1]/m:term[4],PASS,PASS
S4-1-0149,1,reserved_purposive,source_classification_terms,/catalogue_sources/descriptions/5/classification_terms/4,cnw0001.xml,607898d54dc3354d84e215145d7d1a8b3bab47e255d842fb7506f9226784cca6,/m:mei[1]/m:meiHead[1]/m:manifestationList[1]/m:manifestation[6]/m:classification[1]/m:termList[1]/m:term[5],PASS,PASS
S4-1-0150,1,reserved_purposive,source_classification_terms,/catalogue_sources/descriptions/5/classification_terms/5,cnw0001.xml,607898d54dc3354d84e215145d7d1a8b3bab47e255d842fb7506f9226784cca6,/m:mei[1]/m:meiHead[1]/m:manifestationList[1]/m:manifestation[6]/m:classification[1]/m:termList[1]/m:term[6],PASS,PASS
S4-1-0151,1,reserved_purposive,source_publication,/catalogue_sources/descriptions/5/publication,cnw0001.xml,607898d54dc3354d84e215145d7d1a8b3bab47e255d842fb7506f9226784cca6,,PASS,PASS
S4-1-0152,1,reserved_purposive,source_physical_description,/catalogue_sources/descriptions/5/physical_description,cnw0001.xml,607898d54dc3354d84e215145d7d1a8b3bab47e255d842fb7506f9226784cca6,,PASS,PASS
S4-1-0153,1,reserved_purposive,source_notes,/catalogue_sources/descriptions/5/notes,cnw0001.xml,607898d54dc3354d84e215145d7d1a8b3bab47e255d842fb7506f9226784cca6,,PASS,PASS
S4-1-0154,1,reserved_purposive,source_links,/catalogue_sources/descriptions/5/links,cnw0001.xml,607898d54dc3354d84e215145d7d1a8b3bab47e255d842fb7506f9226784cca6,,PASS,PASS
S4-1-0155,1,reserved_purposive,source_relation,/catalogue_sources/descriptions/5/relations,cnw0001.xml,607898d54dc3354d84e215145d7d1a8b3bab47e255d842fb7506f9226784cca6,,PASS,PASS
S4-1-0156,1,reserved_purposive,source_relation,/catalogue_sources/descriptions/5/relations/0,cnw0001.xml,607898d54dc3354d84e215145d7d1a8b3bab47e255d842fb7506f9226784cca6,/m:mei[1]/m:meiHead[1]/m:manifestationList[1]/m:manifestation[6]/m:relationList[1]/m:relation[1],PASS,PASS
S4-1-0157,1,reserved_purposive,held_item_identity,/catalogue_sources/descriptions/5/held_items,cnw0001.xml,607898d54dc3354d84e215145d7d1a8b3bab47e255d842fb7506f9226784cca6,,PASS,PASS
S4-1-0158,1,reserved_purposive,held_item_identity,/catalogue_sources/descriptions/5/held_items/0,cnw0001.xml,607898d54dc3354d84e215145d7d1a8b3bab47e255d842fb7506f9226784cca6,/m:mei[1]/m:meiHead[1]/m:manifestationList[1]/m:manifestation[6]/m:itemList[1]/m:item[1],PASS,PASS
S4-1-0159,1,reserved_purposive,held_item_identifiers,/catalogue_sources/descriptions/5/held_items/0/identifiers,cnw0001.xml,607898d54dc3354d84e215145d7d1a8b3bab47e255d842fb7506f9226784cca6,,PASS,PASS
S4-1-0160,1,reserved_purposive,held_item_identifiers,/catalogue_sources/descriptions/5/held_items/0/identifiers/0,cnw0001.xml,607898d54dc3354d84e215145d7d1a8b3bab47e255d842fb7506f9226784cca6,/m:mei[1]/m:meiHead[1]/m:manifestationList[1]/m:manifestation[6]/m:itemList[1]/m:item[1]/m:identifier[1],PASS,PASS
S4-1-0161,1,reserved_purposive,held_item_physical_locations,/catalogue_sources/descriptions/5/held_items/0/physical_locations,cnw0001.xml,607898d54dc3354d84e215145d7d1a8b3bab47e255d842fb7506f9226784cca6,,PASS,PASS
S4-1-0162,1,reserved_purposive,held_item_physical_locations,/catalogue_sources/descriptions/5/held_items/0/physical_locations/0,cnw0001.xml,607898d54dc3354d84e215145d7d1a8b3bab47e255d842fb7506f9226784cca6,/m:mei[1]/m:meiHead[1]/m:manifestationList[1]/m:manifestation[6]/m:itemList[1]/m:item[1]/m:physLoc[1],PASS,PASS
S4-1-0163,1,reserved_purposive,held_item_physical_description,/catalogue_sources/descriptions/5/held_items/0/physical_description,cnw0001.xml,607898d54dc3354d84e215145d7d1a8b3bab47e255d842fb7506f9226784cca6,,PASS,PASS
S4-1-0164,1,reserved_purposive,held_item_links,/catalogue_sources/descriptions/5/held_items/0/links,cnw0001.xml,607898d54dc3354d84e215145d7d1a8b3bab47e255d842fb7506f9226784cca6,,PASS,PASS
S4-1-0165,1,reserved_purposive,source_identity,/catalogue_sources/descriptions/6,cnw0001.xml,607898d54dc3354d84e215145d7d1a8b3bab47e255d842fb7506f9226784cca6,/m:mei[1]/m:meiHead[1]/m:manifestationList[1]/m:manifestation[7],PASS,PASS
S4-1-0166,1,reserved_purposive,source_identifiers,/catalogue_sources/descriptions/6/identifiers,cnw0001.xml,607898d54dc3354d84e215145d7d1a8b3bab47e255d842fb7506f9226784cca6,,PASS,PASS
S4-1-0167,1,reserved_purposive,source_titles,/catalogue_sources/descriptions/6/titles,cnw0001.xml,607898d54dc3354d84e215145d7d1a8b3bab47e255d842fb7506f9226784cca6,,PASS,PASS
S4-1-0168,1,reserved_purposive,source_titles,/catalogue_sources/descriptions/6/titles/0,cnw0001.xml,607898d54dc3354d84e215145d7d1a8b3bab47e255d842fb7506f9226784cca6,/m:mei[1]/m:meiHead[1]/m:manifestationList[1]/m:manifestation[7]/m:titleStmt[1]/m:title[1],PASS,PASS
S4-1-0169,1,reserved_purposive,source_classification_terms,/catalogue_sources/descriptions/6/classification_terms,cnw0001.xml,607898d54dc3354d84e215145d7d1a8b3bab47e255d842fb7506f9226784cca6,,PASS,PASS
S4-1-0170,1,reserved_purposive,source_classification_terms,/catalogue_sources/descriptions/6/classification_terms/0,cnw0001.xml,607898d54dc3354d84e215145d7d1a8b3bab47e255d842fb7506f9226784cca6,/m:mei[1]/m:meiHead[1]/m:manifestationList[1]/m:manifestation[7]/m:classification[1]/m:termList[1]/m:term[1],PASS,PASS
S4-1-0171,1,reserved_purposive,source_classification_terms,/catalogue_sources/descriptions/6/classification_terms/1,cnw0001.xml,607898d54dc3354d84e215145d7d1a8b3bab47e255d842fb7506f9226784cca6,/m:mei[1]/m:meiHead[1]/m:manifestationList[1]/m:manifestation[7]/m:classification[1]/m:termList[1]/m:term[2],PASS,PASS
S4-1-0172,1,reserved_purposive,source_classification_terms,/catalogue_sources/descriptions/6/classification_terms/2,cnw0001.xml,607898d54dc3354d84e215145d7d1a8b3bab47e255d842fb7506f9226784cca6,/m:mei[1]/m:meiHead[1]/m:manifestationList[1]/m:manifestation[7]/m:classification[1]/m:termList[1]/m:term[3],PASS,PASS
S4-1-0173,1,reserved_purposive,source_classification_terms,/catalogue_sources/descriptions/6/classification_terms/3,cnw0001.xml,607898d54dc3354d84e215145d7d1a8b3bab47e255d842fb7506f9226784cca6,/m:mei[1]/m:meiHead[1]/m:manifestationList[1]/m:manifestation[7]/m:classification[1]/m:termList[1]/m:term[4],PASS,PASS
S4-1-0174,1,reserved_purposive,source_classification_terms,/catalogue_sources/descriptions/6/classification_terms/4,cnw0001.xml,607898d54dc3354d84e215145d7d1a8b3bab47e255d842fb7506f9226784cca6,/m:mei[1]/m:meiHead[1]/m:manifestationList[1]/m:manifestation[7]/m:classification[1]/m:termList[1]/m:term[5],PASS,PASS
S4-1-0175,1,reserved_purposive,source_classification_terms,/catalogue_sources/descriptions/6/classification_terms/5,cnw0001.xml,607898d54dc3354d84e215145d7d1a8b3bab47e255d842fb7506f9226784cca6,/m:mei[1]/m:meiHead[1]/m:manifestationList[1]/m:manifestation[7]/m:classification[1]/m:termList[1]/m:term[6],PASS,PASS
S4-1-0176,1,reserved_purposive,source_publication,/catalogue_sources/descriptions/6/publication,cnw0001.xml,607898d54dc3354d84e215145d7d1a8b3bab47e255d842fb7506f9226784cca6,,PASS,PASS
S4-1-0177,1,reserved_purposive,source_physical_description,/catalogue_sources/descriptions/6/physical_description,cnw0001.xml,607898d54dc3354d84e215145d7d1a8b3bab47e255d842fb7506f9226784cca6,,PASS,PASS
S4-1-0178,1,reserved_purposive,source_notes,/catalogue_sources/descriptions/6/notes,cnw0001.xml,607898d54dc3354d84e215145d7d1a8b3bab47e255d842fb7506f9226784cca6,,PASS,PASS
S4-1-0179,1,reserved_purposive,source_links,/catalogue_sources/descriptions/6/links,cnw0001.xml,607898d54dc3354d84e215145d7d1a8b3bab47e255d842fb7506f9226784cca6,,PASS,PASS
S4-1-0180,1,reserved_purposive,source_relation,/catalogue_sources/descriptions/6/relations,cnw0001.xml,607898d54dc3354d84e215145d7d1a8b3bab47e255d842fb7506f9226784cca6,,PASS,PASS
S4-1-0181,1,reserved_purposive,source_relation,/catalogue_sources/descriptions/6/relations/0,cnw0001.xml,607898d54dc3354d84e215145d7d1a8b3bab47e255d842fb7506f9226784cca6,/m:mei[1]/m:meiHead[1]/m:manifestationList[1]/m:manifestation[7]/m:relationList[1]/m:relation[1],PASS,PASS
S4-1-0182,1,reserved_purposive,held_item_identity,/catalogue_sources/descriptions/6/held_items,cnw0001.xml,607898d54dc3354d84e215145d7d1a8b3bab47e255d842fb7506f9226784cca6,,PASS,PASS
S4-1-0183,1,reserved_purposive,held_item_identity,/catalogue_sources/descriptions/6/held_items/0,cnw0001.xml,607898d54dc3354d84e215145d7d1a8b3bab47e255d842fb7506f9226784cca6,/m:mei[1]/m:meiHead[1]/m:manifestationList[1]/m:manifestation[7]/m:itemList[1]/m:item[1],PASS,PASS
S4-1-0184,1,reserved_purposive,held_item_identifiers,/catalogue_sources/descriptions/6/held_items/0/identifiers,cnw0001.xml,607898d54dc3354d84e215145d7d1a8b3bab47e255d842fb7506f9226784cca6,,PASS,PASS
S4-1-0185,1,reserved_purposive,held_item_identifiers,/catalogue_sources/descriptions/6/held_items/0/identifiers/0,cnw0001.xml,607898d54dc3354d84e215145d7d1a8b3bab47e255d842fb7506f9226784cca6,/m:mei[1]/m:meiHead[1]/m:manifestationList[1]/m:manifestation[7]/m:itemList[1]/m:item[1]/m:identifier[1],PASS,PASS
S4-1-0186,1,reserved_purposive,held_item_physical_locations,/catalogue_sources/descriptions/6/held_items/0/physical_locations,cnw0001.xml,607898d54dc3354d84e215145d7d1a8b3bab47e255d842fb7506f9226784cca6,,PASS,PASS
S4-1-0187,1,reserved_purposive,held_item_physical_locations,/catalogue_sources/descriptions/6/held_items/0/physical_locations/0,cnw0001.xml,607898d54dc3354d84e215145d7d1a8b3bab47e255d842fb7506f9226784cca6,/m:mei[1]/m:meiHead[1]/m:manifestationList[1]/m:manifestation[7]/m:itemList[1]/m:item[1]/m:physLoc[1],PASS,PASS
S4-1-0188,1,reserved_purposive,held_item_physical_description,/catalogue_sources/descriptions/6/held_items/0/physical_description,cnw0001.xml,607898d54dc3354d84e215145d7d1a8b3bab47e255d842fb7506f9226784cca6,,PASS,PASS
S4-1-0189,1,reserved_purposive,held_item_links,/catalogue_sources/descriptions/6/held_items/0/links,cnw0001.xml,607898d54dc3354d84e215145d7d1a8b3bab47e255d842fb7506f9226784cca6,,PASS,PASS
S4-1-0190,1,reserved_purposive,source_identity,/catalogue_sources/descriptions/7,cnw0001.xml,607898d54dc3354d84e215145d7d1a8b3bab47e255d842fb7506f9226784cca6,/m:mei[1]/m:meiHead[1]/m:manifestationList[1]/m:manifestation[8],PASS,PASS
S4-1-0191,1,reserved_purposive,source_identifiers,/catalogue_sources/descriptions/7/identifiers,cnw0001.xml,607898d54dc3354d84e215145d7d1a8b3bab47e255d842fb7506f9226784cca6,,PASS,PASS
S4-1-0192,1,reserved_purposive,source_titles,/catalogue_sources/descriptions/7/titles,cnw0001.xml,607898d54dc3354d84e215145d7d1a8b3bab47e255d842fb7506f9226784cca6,,PASS,PASS
S4-1-0193,1,reserved_purposive,source_titles,/catalogue_sources/descriptions/7/titles/0,cnw0001.xml,607898d54dc3354d84e215145d7d1a8b3bab47e255d842fb7506f9226784cca6,/m:mei[1]/m:meiHead[1]/m:manifestationList[1]/m:manifestation[8]/m:titleStmt[1]/m:title[1],PASS,PASS
S4-1-0194,1,reserved_purposive,source_classification_terms,/catalogue_sources/descriptions/7/classification_terms,cnw0001.xml,607898d54dc3354d84e215145d7d1a8b3bab47e255d842fb7506f9226784cca6,,PASS,PASS
S4-1-0195,1,reserved_purposive,source_classification_terms,/catalogue_sources/descriptions/7/classification_terms/0,cnw0001.xml,607898d54dc3354d84e215145d7d1a8b3bab47e255d842fb7506f9226784cca6,/m:mei[1]/m:meiHead[1]/m:manifestationList[1]/m:manifestation[8]/m:classification[1]/m:termList[1]/m:term[1],PASS,PASS
S4-1-0196,1,reserved_purposive,source_classification_terms,/catalogue_sources/descriptions/7/classification_terms/1,cnw0001.xml,607898d54dc3354d84e215145d7d1a8b3bab47e255d842fb7506f9226784cca6,/m:mei[1]/m:meiHead[1]/m:manifestationList[1]/m:manifestation[8]/m:classification[1]/m:termList[1]/m:term[2],PASS,PASS
S4-1-0197,1,reserved_purposive,source_classification_terms,/catalogue_sources/descriptions/7/classification_terms/2,cnw0001.xml,607898d54dc3354d84e215145d7d1a8b3bab47e255d842fb7506f9226784cca6,/m:mei[1]/m:meiHead[1]/m:manifestationList[1]/m:manifestation[8]/m:classification[1]/m:termList[1]/m:term[3],PASS,PASS
S4-1-0198,1,reserved_purposive,source_classification_terms,/catalogue_sources/descriptions/7/classification_terms/3,cnw0001.xml,607898d54dc3354d84e215145d7d1a8b3bab47e255d842fb7506f9226784cca6,/m:mei[1]/m:meiHead[1]/m:manifestationList[1]/m:manifestation[8]/m:classification[1]/m:termList[1]/m:term[4],PASS,PASS
S4-1-0199,1,reserved_purposive,source_classification_terms,/catalogue_sources/descriptions/7/classification_terms/4,cnw0001.xml,607898d54dc3354d84e215145d7d1a8b3bab47e255d842fb7506f9226784cca6,/m:mei[1]/m:meiHead[1]/m:manifestationList[1]/m:manifestation[8]/m:classification[1]/m:termList[1]/m:term[5],PASS,PASS
S4-1-0200,1,reserved_purposive,source_classification_terms,/catalogue_sources/descriptions/7/classification_terms/5,cnw0001.xml,607898d54dc3354d84e215145d7d1a8b3bab47e255d842fb7506f9226784cca6,/m:mei[1]/m:meiHead[1]/m:manifestationList[1]/m:manifestation[8]/m:classification[1]/m:termList[1]/m:term[6],PASS,PASS
S4-1-0201,1,reserved_purposive,source_publication,/catalogue_sources/descriptions/7/publication,cnw0001.xml,607898d54dc3354d84e215145d7d1a8b3bab47e255d842fb7506f9226784cca6,,PASS,PASS
S4-1-0202,1,reserved_purposive,source_physical_description,/catalogue_sources/descriptions/7/physical_description,cnw0001.xml,607898d54dc3354d84e215145d7d1a8b3bab47e255d842fb7506f9226784cca6,,PASS,PASS
S4-1-0203,1,reserved_purposive,source_notes,/catalogue_sources/descriptions/7/notes,cnw0001.xml,607898d54dc3354d84e215145d7d1a8b3bab47e255d842fb7506f9226784cca6,,PASS,PASS
S4-1-0204,1,reserved_purposive,source_links,/catalogue_sources/descriptions/7/links,cnw0001.xml,607898d54dc3354d84e215145d7d1a8b3bab47e255d842fb7506f9226784cca6,,PASS,PASS
S4-1-0205,1,reserved_purposive,source_relation,/catalogue_sources/descriptions/7/relations,cnw0001.xml,607898d54dc3354d84e215145d7d1a8b3bab47e255d842fb7506f9226784cca6,,PASS,PASS
S4-1-0206,1,reserved_purposive,source_relation,/catalogue_sources/descriptions/7/relations/0,cnw0001.xml,607898d54dc3354d84e215145d7d1a8b3bab47e255d842fb7506f9226784cca6,/m:mei[1]/m:meiHead[1]/m:manifestationList[1]/m:manifestation[8]/m:relationList[1]/m:relation[1],PASS,PASS
S4-1-0207,1,reserved_purposive,held_item_identity,/catalogue_sources/descriptions/7/held_items,cnw0001.xml,607898d54dc3354d84e215145d7d1a8b3bab47e255d842fb7506f9226784cca6,,PASS,PASS
S4-1-0208,1,reserved_purposive,held_item_identity,/catalogue_sources/descriptions/7/held_items/0,cnw0001.xml,607898d54dc3354d84e215145d7d1a8b3bab47e255d842fb7506f9226784cca6,/m:mei[1]/m:meiHead[1]/m:manifestationList[1]/m:manifestation[8]/m:itemList[1]/m:item[1],PASS,PASS
S4-1-0209,1,reserved_purposive,held_item_identifiers,/catalogue_sources/descriptions/7/held_items/0/identifiers,cnw0001.xml,607898d54dc3354d84e215145d7d1a8b3bab47e255d842fb7506f9226784cca6,,PASS,PASS
S4-1-0210,1,reserved_purposive,held_item_identifiers,/catalogue_sources/descriptions/7/held_items/0/identifiers/0,cnw0001.xml,607898d54dc3354d84e215145d7d1a8b3bab47e255d842fb7506f9226784cca6,/m:mei[1]/m:meiHead[1]/m:manifestationList[1]/m:manifestation[8]/m:itemList[1]/m:item[1]/m:identifier[1],PASS,PASS
S4-1-0211,1,reserved_purposive,held_item_physical_locations,/catalogue_sources/descriptions/7/held_items/0/physical_locations,cnw0001.xml,607898d54dc3354d84e215145d7d1a8b3bab47e255d842fb7506f9226784cca6,,PASS,PASS
S4-1-0212,1,reserved_purposive,held_item_physical_locations,/catalogue_sources/descriptions/7/held_items/0/physical_locations/0,cnw0001.xml,607898d54dc3354d84e215145d7d1a8b3bab47e255d842fb7506f9226784cca6,/m:mei[1]/m:meiHead[1]/m:manifestationList[1]/m:manifestation[8]/m:itemList[1]/m:item[1]/m:physLoc[1],PASS,PASS
S4-1-0213,1,reserved_purposive,held_item_physical_description,/catalogue_sources/descriptions/7/held_items/0/physical_description,cnw0001.xml,607898d54dc3354d84e215145d7d1a8b3bab47e255d842fb7506f9226784cca6,,PASS,PASS
S4-1-0214,1,reserved_purposive,held_item_links,/catalogue_sources/descriptions/7/held_items/0/links,cnw0001.xml,607898d54dc3354d84e215145d7d1a8b3bab47e255d842fb7506f9226784cca6,,PASS,PASS
S4-1-0215,1,reserved_purposive,source_identity,/catalogue_sources/descriptions/8,cnw0001.xml,607898d54dc3354d84e215145d7d1a8b3bab47e255d842fb7506f9226784cca6,/m:mei[1]/m:meiHead[1]/m:manifestationList[1]/m:manifestation[9],PASS,PASS
S4-1-0216,1,reserved_purposive,source_identifiers,/catalogue_sources/descriptions/8/identifiers,cnw0001.xml,607898d54dc3354d84e215145d7d1a8b3bab47e255d842fb7506f9226784cca6,,PASS,PASS
S4-1-0217,1,reserved_purposive,source_titles,/catalogue_sources/descriptions/8/titles,cnw0001.xml,607898d54dc3354d84e215145d7d1a8b3bab47e255d842fb7506f9226784cca6,,PASS,PASS
S4-1-0218,1,reserved_purposive,source_titles,/catalogue_sources/descriptions/8/titles/0,cnw0001.xml,607898d54dc3354d84e215145d7d1a8b3bab47e255d842fb7506f9226784cca6,/m:mei[1]/m:meiHead[1]/m:manifestationList[1]/m:manifestation[9]/m:titleStmt[1]/m:title[1],PASS,PASS
S4-1-0219,1,reserved_purposive,source_classification_terms,/catalogue_sources/descriptions/8/classification_terms,cnw0001.xml,607898d54dc3354d84e215145d7d1a8b3bab47e255d842fb7506f9226784cca6,,PASS,PASS
S4-1-0220,1,reserved_purposive,source_classification_terms,/catalogue_sources/descriptions/8/classification_terms/0,cnw0001.xml,607898d54dc3354d84e215145d7d1a8b3bab47e255d842fb7506f9226784cca6,/m:mei[1]/m:meiHead[1]/m:manifestationList[1]/m:manifestation[9]/m:classification[1]/m:termList[1]/m:term[1],PASS,PASS
S4-1-0221,1,reserved_purposive,source_classification_terms,/catalogue_sources/descriptions/8/classification_terms/1,cnw0001.xml,607898d54dc3354d84e215145d7d1a8b3bab47e255d842fb7506f9226784cca6,/m:mei[1]/m:meiHead[1]/m:manifestationList[1]/m:manifestation[9]/m:classification[1]/m:termList[1]/m:term[2],PASS,PASS
S4-1-0222,1,reserved_purposive,source_classification_terms,/catalogue_sources/descriptions/8/classification_terms/2,cnw0001.xml,607898d54dc3354d84e215145d7d1a8b3bab47e255d842fb7506f9226784cca6,/m:mei[1]/m:meiHead[1]/m:manifestationList[1]/m:manifestation[9]/m:classification[1]/m:termList[1]/m:term[3],PASS,PASS
S4-1-0223,1,reserved_purposive,source_classification_terms,/catalogue_sources/descriptions/8/classification_terms/3,cnw0001.xml,607898d54dc3354d84e215145d7d1a8b3bab47e255d842fb7506f9226784cca6,/m:mei[1]/m:meiHead[1]/m:manifestationList[1]/m:manifestation[9]/m:classification[1]/m:termList[1]/m:term[4],PASS,PASS
S4-1-0224,1,reserved_purposive,source_classification_terms,/catalogue_sources/descriptions/8/classification_terms/4,cnw0001.xml,607898d54dc3354d84e215145d7d1a8b3bab47e255d842fb7506f9226784cca6,/m:mei[1]/m:meiHead[1]/m:manifestationList[1]/m:manifestation[9]/m:classification[1]/m:termList[1]/m:term[5],PASS,PASS
S4-1-0225,1,reserved_purposive,source_classification_terms,/catalogue_sources/descriptions/8/classification_terms/5,cnw0001.xml,607898d54dc3354d84e215145d7d1a8b3bab47e255d842fb7506f9226784cca6,/m:mei[1]/m:meiHead[1]/m:manifestationList[1]/m:manifestation[9]/m:classification[1]/m:termList[1]/m:term[6],PASS,PASS
S4-1-0226,1,reserved_purposive,source_publication,/catalogue_sources/descriptions/8/publication,cnw0001.xml,607898d54dc3354d84e215145d7d1a8b3bab47e255d842fb7506f9226784cca6,,PASS,PASS
S4-1-0227,1,reserved_purposive,source_physical_description,/catalogue_sources/descriptions/8/physical_description,cnw0001.xml,607898d54dc3354d84e215145d7d1a8b3bab47e255d842fb7506f9226784cca6,,PASS,PASS
S4-1-0228,1,reserved_purposive,source_notes,/catalogue_sources/descriptions/8/notes,cnw0001.xml,607898d54dc3354d84e215145d7d1a8b3bab47e255d842fb7506f9226784cca6,,PASS,PASS
S4-1-0229,1,reserved_purposive,source_links,/catalogue_sources/descriptions/8/links,cnw0001.xml,607898d54dc3354d84e215145d7d1a8b3bab47e255d842fb7506f9226784cca6,,PASS,PASS
S4-1-0230,1,reserved_purposive,source_relation,/catalogue_sources/descriptions/8/relations,cnw0001.xml,607898d54dc3354d84e215145d7d1a8b3bab47e255d842fb7506f9226784cca6,,PASS,PASS
S4-1-0231,1,reserved_purposive,source_relation,/catalogue_sources/descriptions/8/relations/0,cnw0001.xml,607898d54dc3354d84e215145d7d1a8b3bab47e255d842fb7506f9226784cca6,/m:mei[1]/m:meiHead[1]/m:manifestationList[1]/m:manifestation[9]/m:relationList[1]/m:relation[1],PASS,PASS
S4-1-0232,1,reserved_purposive,held_item_identity,/catalogue_sources/descriptions/8/held_items,cnw0001.xml,607898d54dc3354d84e215145d7d1a8b3bab47e255d842fb7506f9226784cca6,,PASS,PASS
S4-1-0233,1,reserved_purposive,held_item_identity,/catalogue_sources/descriptions/8/held_items/0,cnw0001.xml,607898d54dc3354d84e215145d7d1a8b3bab47e255d842fb7506f9226784cca6,/m:mei[1]/m:meiHead[1]/m:manifestationList[1]/m:manifestation[9]/m:itemList[1]/m:item[1],PASS,PASS
S4-1-0234,1,reserved_purposive,held_item_identifiers,/catalogue_sources/descriptions/8/held_items/0/identifiers,cnw0001.xml,607898d54dc3354d84e215145d7d1a8b3bab47e255d842fb7506f9226784cca6,,PASS,PASS
S4-1-0235,1,reserved_purposive,held_item_identifiers,/catalogue_sources/descriptions/8/held_items/0/identifiers/0,cnw0001.xml,607898d54dc3354d84e215145d7d1a8b3bab47e255d842fb7506f9226784cca6,/m:mei[1]/m:meiHead[1]/m:manifestationList[1]/m:manifestation[9]/m:itemList[1]/m:item[1]/m:identifier[1],PASS,PASS
S4-1-0236,1,reserved_purposive,held_item_physical_locations,/catalogue_sources/descriptions/8/held_items/0/physical_locations,cnw0001.xml,607898d54dc3354d84e215145d7d1a8b3bab47e255d842fb7506f9226784cca6,,PASS,PASS
S4-1-0237,1,reserved_purposive,held_item_physical_locations,/catalogue_sources/descriptions/8/held_items/0/physical_locations/0,cnw0001.xml,607898d54dc3354d84e215145d7d1a8b3bab47e255d842fb7506f9226784cca6,/m:mei[1]/m:meiHead[1]/m:manifestationList[1]/m:manifestation[9]/m:itemList[1]/m:item[1]/m:physLoc[1],PASS,PASS
S4-1-0238,1,reserved_purposive,held_item_physical_description,/catalogue_sources/descriptions/8/held_items/0/physical_description,cnw0001.xml,607898d54dc3354d84e215145d7d1a8b3bab47e255d842fb7506f9226784cca6,,PASS,PASS
S4-1-0239,1,reserved_purposive,held_item_links,/catalogue_sources/descriptions/8/held_items/0/links,cnw0001.xml,607898d54dc3354d84e215145d7d1a8b3bab47e255d842fb7506f9226784cca6,,PASS,PASS
S4-1-0240,1,reserved_purposive,source_identity,/catalogue_sources/descriptions/9,cnw0001.xml,607898d54dc3354d84e215145d7d1a8b3bab47e255d842fb7506f9226784cca6,/m:mei[1]/m:meiHead[1]/m:manifestationList[1]/m:manifestation[10],PASS,PASS
S4-1-0241,1,reserved_purposive,source_identifiers,/catalogue_sources/descriptions/9/identifiers,cnw0001.xml,607898d54dc3354d84e215145d7d1a8b3bab47e255d842fb7506f9226784cca6,,PASS,PASS
S4-1-0242,1,reserved_purposive,source_titles,/catalogue_sources/descriptions/9/titles,cnw0001.xml,607898d54dc3354d84e215145d7d1a8b3bab47e255d842fb7506f9226784cca6,,PASS,PASS
S4-1-0243,1,reserved_purposive,source_titles,/catalogue_sources/descriptions/9/titles/0,cnw0001.xml,607898d54dc3354d84e215145d7d1a8b3bab47e255d842fb7506f9226784cca6,/m:mei[1]/m:meiHead[1]/m:manifestationList[1]/m:manifestation[10]/m:titleStmt[1]/m:title[1],PASS,PASS
S4-1-0244,1,reserved_purposive,source_classification_terms,/catalogue_sources/descriptions/9/classification_terms,cnw0001.xml,607898d54dc3354d84e215145d7d1a8b3bab47e255d842fb7506f9226784cca6,,PASS,PASS
S4-1-0245,1,reserved_purposive,source_classification_terms,/catalogue_sources/descriptions/9/classification_terms/0,cnw0001.xml,607898d54dc3354d84e215145d7d1a8b3bab47e255d842fb7506f9226784cca6,/m:mei[1]/m:meiHead[1]/m:manifestationList[1]/m:manifestation[10]/m:classification[1]/m:termList[1]/m:term[1],PASS,PASS
S4-1-0246,1,reserved_purposive,source_classification_terms,/catalogue_sources/descriptions/9/classification_terms/1,cnw0001.xml,607898d54dc3354d84e215145d7d1a8b3bab47e255d842fb7506f9226784cca6,/m:mei[1]/m:meiHead[1]/m:manifestationList[1]/m:manifestation[10]/m:classification[1]/m:termList[1]/m:term[2],PASS,PASS
S4-1-0247,1,reserved_purposive,source_classification_terms,/catalogue_sources/descriptions/9/classification_terms/2,cnw0001.xml,607898d54dc3354d84e215145d7d1a8b3bab47e255d842fb7506f9226784cca6,/m:mei[1]/m:meiHead[1]/m:manifestationList[1]/m:manifestation[10]/m:classification[1]/m:termList[1]/m:term[3],PASS,PASS
S4-1-0248,1,reserved_purposive,source_classification_terms,/catalogue_sources/descriptions/9/classification_terms/3,cnw0001.xml,607898d54dc3354d84e215145d7d1a8b3bab47e255d842fb7506f9226784cca6,/m:mei[1]/m:meiHead[1]/m:manifestationList[1]/m:manifestation[10]/m:classification[1]/m:termList[1]/m:term[4],PASS,PASS
S4-1-0249,1,reserved_purposive,source_classification_terms,/catalogue_sources/descriptions/9/classification_terms/4,cnw0001.xml,607898d54dc3354d84e215145d7d1a8b3bab47e255d842fb7506f9226784cca6,/m:mei[1]/m:meiHead[1]/m:manifestationList[1]/m:manifestation[10]/m:classification[1]/m:termList[1]/m:term[5],PASS,PASS
S4-1-0250,1,reserved_purposive,source_classification_terms,/catalogue_sources/descriptions/9/classification_terms/5,cnw0001.xml,607898d54dc3354d84e215145d7d1a8b3bab47e255d842fb7506f9226784cca6,/m:mei[1]/m:meiHead[1]/m:manifestationList[1]/m:manifestation[10]/m:classification[1]/m:termList[1]/m:term[6],PASS,PASS
S4-1-0251,1,reserved_purposive,source_publication,/catalogue_sources/descriptions/9/publication,cnw0001.xml,607898d54dc3354d84e215145d7d1a8b3bab47e255d842fb7506f9226784cca6,,PASS,PASS
S4-1-0252,1,reserved_purposive,source_physical_description,/catalogue_sources/descriptions/9/physical_description,cnw0001.xml,607898d54dc3354d84e215145d7d1a8b3bab47e255d842fb7506f9226784cca6,,PASS,PASS
S4-1-0253,1,reserved_purposive,source_notes,/catalogue_sources/descriptions/9/notes,cnw0001.xml,607898d54dc3354d84e215145d7d1a8b3bab47e255d842fb7506f9226784cca6,,PASS,PASS
S4-1-0254,1,reserved_purposive,source_links,/catalogue_sources/descriptions/9/links,cnw0001.xml,607898d54dc3354d84e215145d7d1a8b3bab47e255d842fb7506f9226784cca6,,PASS,PASS
S4-1-0255,1,reserved_purposive,source_relation,/catalogue_sources/descriptions/9/relations,cnw0001.xml,607898d54dc3354d84e215145d7d1a8b3bab47e255d842fb7506f9226784cca6,,PASS,PASS
S4-1-0256,1,reserved_purposive,source_relation,/catalogue_sources/descriptions/9/relations/0,cnw0001.xml,607898d54dc3354d84e215145d7d1a8b3bab47e255d842fb7506f9226784cca6,/m:mei[1]/m:meiHead[1]/m:manifestationList[1]/m:manifestation[10]/m:relationList[1]/m:relation[1],PASS,PASS
S4-1-0257,1,reserved_purposive,held_item_identity,/catalogue_sources/descriptions/9/held_items,cnw0001.xml,607898d54dc3354d84e215145d7d1a8b3bab47e255d842fb7506f9226784cca6,,PASS,PASS
S4-1-0258,1,reserved_purposive,held_item_identity,/catalogue_sources/descriptions/9/held_items/0,cnw0001.xml,607898d54dc3354d84e215145d7d1a8b3bab47e255d842fb7506f9226784cca6,/m:mei[1]/m:meiHead[1]/m:manifestationList[1]/m:manifestation[10]/m:itemList[1]/m:item[1],PASS,PASS
S4-1-0259,1,reserved_purposive,held_item_identifiers,/catalogue_sources/descriptions/9/held_items/0/identifiers,cnw0001.xml,607898d54dc3354d84e215145d7d1a8b3bab47e255d842fb7506f9226784cca6,,PASS,PASS
S4-1-0260,1,reserved_purposive,held_item_identifiers,/catalogue_sources/descriptions/9/held_items/0/identifiers/0,cnw0001.xml,607898d54dc3354d84e215145d7d1a8b3bab47e255d842fb7506f9226784cca6,/m:mei[1]/m:meiHead[1]/m:manifestationList[1]/m:manifestation[10]/m:itemList[1]/m:item[1]/m:identifier[1],PASS,PASS
S4-1-0261,1,reserved_purposive,held_item_physical_locations,/catalogue_sources/descriptions/9/held_items/0/physical_locations,cnw0001.xml,607898d54dc3354d84e215145d7d1a8b3bab47e255d842fb7506f9226784cca6,,PASS,PASS
S4-1-0262,1,reserved_purposive,held_item_physical_locations,/catalogue_sources/descriptions/9/held_items/0/physical_locations/0,cnw0001.xml,607898d54dc3354d84e215145d7d1a8b3bab47e255d842fb7506f9226784cca6,/m:mei[1]/m:meiHead[1]/m:manifestationList[1]/m:manifestation[10]/m:itemList[1]/m:item[1]/m:physLoc[1],PASS,PASS
S4-1-0263,1,reserved_purposive,held_item_physical_description,/catalogue_sources/descriptions/9/held_items/0/physical_description,cnw0001.xml,607898d54dc3354d84e215145d7d1a8b3bab47e255d842fb7506f9226784cca6,,PASS,PASS
S4-1-0264,1,reserved_purposive,held_item_links,/catalogue_sources/descriptions/9/held_items/0/links,cnw0001.xml,607898d54dc3354d84e215145d7d1a8b3bab47e255d842fb7506f9226784cca6,,PASS,PASS
S4-1-0265,1,reserved_purposive,source_identity,/catalogue_sources/descriptions/10,cnw0001.xml,607898d54dc3354d84e215145d7d1a8b3bab47e255d842fb7506f9226784cca6,/m:mei[1]/m:meiHead[1]/m:manifestationList[1]/m:manifestation[11],PASS,PASS
S4-1-0266,1,reserved_purposive,source_identifiers,/catalogue_sources/descriptions/10/identifiers,cnw0001.xml,607898d54dc3354d84e215145d7d1a8b3bab47e255d842fb7506f9226784cca6,,PASS,PASS
S4-1-0267,1,reserved_purposive,source_titles,/catalogue_sources/descriptions/10/titles,cnw0001.xml,607898d54dc3354d84e215145d7d1a8b3bab47e255d842fb7506f9226784cca6,,PASS,PASS
S4-1-0268,1,reserved_purposive,source_titles,/catalogue_sources/descriptions/10/titles/0,cnw0001.xml,607898d54dc3354d84e215145d7d1a8b3bab47e255d842fb7506f9226784cca6,/m:mei[1]/m:meiHead[1]/m:manifestationList[1]/m:manifestation[11]/m:titleStmt[1]/m:title[1],PASS,PASS
S4-1-0269,1,reserved_purposive,source_classification_terms,/catalogue_sources/descriptions/10/classification_terms,cnw0001.xml,607898d54dc3354d84e215145d7d1a8b3bab47e255d842fb7506f9226784cca6,,PASS,PASS
S4-1-0270,1,reserved_purposive,source_classification_terms,/catalogue_sources/descriptions/10/classification_terms/0,cnw0001.xml,607898d54dc3354d84e215145d7d1a8b3bab47e255d842fb7506f9226784cca6,/m:mei[1]/m:meiHead[1]/m:manifestationList[1]/m:manifestation[11]/m:classification[1]/m:termList[1]/m:term[1],PASS,PASS
S4-1-0271,1,reserved_purposive,source_classification_terms,/catalogue_sources/descriptions/10/classification_terms/1,cnw0001.xml,607898d54dc3354d84e215145d7d1a8b3bab47e255d842fb7506f9226784cca6,/m:mei[1]/m:meiHead[1]/m:manifestationList[1]/m:manifestation[11]/m:classification[1]/m:termList[1]/m:term[2],PASS,PASS
S4-1-0272,1,reserved_purposive,source_classification_terms,/catalogue_sources/descriptions/10/classification_terms/2,cnw0001.xml,607898d54dc3354d84e215145d7d1a8b3bab47e255d842fb7506f9226784cca6,/m:mei[1]/m:meiHead[1]/m:manifestationList[1]/m:manifestation[11]/m:classification[1]/m:termList[1]/m:term[3],PASS,PASS
S4-1-0273,1,reserved_purposive,source_classification_terms,/catalogue_sources/descriptions/10/classification_terms/3,cnw0001.xml,607898d54dc3354d84e215145d7d1a8b3bab47e255d842fb7506f9226784cca6,/m:mei[1]/m:meiHead[1]/m:manifestationList[1]/m:manifestation[11]/m:classification[1]/m:termList[1]/m:term[4],PASS,PASS
S4-1-0274,1,reserved_purposive,source_classification_terms,/catalogue_sources/descriptions/10/classification_terms/4,cnw0001.xml,607898d54dc3354d84e215145d7d1a8b3bab47e255d842fb7506f9226784cca6,/m:mei[1]/m:meiHead[1]/m:manifestationList[1]/m:manifestation[11]/m:classification[1]/m:termList[1]/m:term[5],PASS,PASS
S4-1-0275,1,reserved_purposive,source_classification_terms,/catalogue_sources/descriptions/10/classification_terms/5,cnw0001.xml,607898d54dc3354d84e215145d7d1a8b3bab47e255d842fb7506f9226784cca6,/m:mei[1]/m:meiHead[1]/m:manifestationList[1]/m:manifestation[11]/m:classification[1]/m:termList[1]/m:term[6],PASS,PASS
S4-1-0276,1,reserved_purposive,source_publication,/catalogue_sources/descriptions/10/publication,cnw0001.xml,607898d54dc3354d84e215145d7d1a8b3bab47e255d842fb7506f9226784cca6,,PASS,PASS
S4-1-0277,1,reserved_purposive,source_physical_description,/catalogue_sources/descriptions/10/physical_description,cnw0001.xml,607898d54dc3354d84e215145d7d1a8b3bab47e255d842fb7506f9226784cca6,,PASS,PASS
S4-1-0278,1,reserved_purposive,source_notes,/catalogue_sources/descriptions/10/notes,cnw0001.xml,607898d54dc3354d84e215145d7d1a8b3bab47e255d842fb7506f9226784cca6,,PASS,PASS
S4-1-0279,1,reserved_purposive,source_links,/catalogue_sources/descriptions/10/links,cnw0001.xml,607898d54dc3354d84e215145d7d1a8b3bab47e255d842fb7506f9226784cca6,,PASS,PASS
S4-1-0280,1,reserved_purposive,source_relation,/catalogue_sources/descriptions/10/relations,cnw0001.xml,607898d54dc3354d84e215145d7d1a8b3bab47e255d842fb7506f9226784cca6,,PASS,PASS
S4-1-0281,1,reserved_purposive,source_relation,/catalogue_sources/descriptions/10/relations/0,cnw0001.xml,607898d54dc3354d84e215145d7d1a8b3bab47e255d842fb7506f9226784cca6,/m:mei[1]/m:meiHead[1]/m:manifestationList[1]/m:manifestation[11]/m:relationList[1]/m:relation[1],PASS,PASS
S4-1-0282,1,reserved_purposive,held_item_identity,/catalogue_sources/descriptions/10/held_items,cnw0001.xml,607898d54dc3354d84e215145d7d1a8b3bab47e255d842fb7506f9226784cca6,,PASS,PASS
S4-1-0283,1,reserved_purposive,held_item_identity,/catalogue_sources/descriptions/10/held_items/0,cnw0001.xml,607898d54dc3354d84e215145d7d1a8b3bab47e255d842fb7506f9226784cca6,/m:mei[1]/m:meiHead[1]/m:manifestationList[1]/m:manifestation[11]/m:itemList[1]/m:item[1],PASS,PASS
S4-1-0284,1,reserved_purposive,held_item_identifiers,/catalogue_sources/descriptions/10/held_items/0/identifiers,cnw0001.xml,607898d54dc3354d84e215145d7d1a8b3bab47e255d842fb7506f9226784cca6,,PASS,PASS
S4-1-0285,1,reserved_purposive,held_item_identifiers,/catalogue_sources/descriptions/10/held_items/0/identifiers/0,cnw0001.xml,607898d54dc3354d84e215145d7d1a8b3bab47e255d842fb7506f9226784cca6,/m:mei[1]/m:meiHead[1]/m:manifestationList[1]/m:manifestation[11]/m:itemList[1]/m:item[1]/m:identifier[1],PASS,PASS
S4-1-0286,1,reserved_purposive,held_item_physical_locations,/catalogue_sources/descriptions/10/held_items/0/physical_locations,cnw0001.xml,607898d54dc3354d84e215145d7d1a8b3bab47e255d842fb7506f9226784cca6,,PASS,PASS
S4-1-0287,1,reserved_purposive,held_item_physical_locations,/catalogue_sources/descriptions/10/held_items/0/physical_locations/0,cnw0001.xml,607898d54dc3354d84e215145d7d1a8b3bab47e255d842fb7506f9226784cca6,/m:mei[1]/m:meiHead[1]/m:manifestationList[1]/m:manifestation[11]/m:itemList[1]/m:item[1]/m:physLoc[1],PASS,PASS
S4-1-0288,1,reserved_purposive,held_item_physical_description,/catalogue_sources/descriptions/10/held_items/0/physical_description,cnw0001.xml,607898d54dc3354d84e215145d7d1a8b3bab47e255d842fb7506f9226784cca6,,PASS,PASS
S4-1-0289,1,reserved_purposive,held_item_links,/catalogue_sources/descriptions/10/held_items/0/links,cnw0001.xml,607898d54dc3354d84e215145d7d1a8b3bab47e255d842fb7506f9226784cca6,,PASS,PASS
S4-1-0290,1,reserved_purposive,source_identity,/catalogue_sources/descriptions/11,cnw0001.xml,607898d54dc3354d84e215145d7d1a8b3bab47e255d842fb7506f9226784cca6,/m:mei[1]/m:meiHead[1]/m:manifestationList[1]/m:manifestation[12],PASS,PASS
S4-1-0291,1,reserved_purposive,source_identifiers,/catalogue_sources/descriptions/11/identifiers,cnw0001.xml,607898d54dc3354d84e215145d7d1a8b3bab47e255d842fb7506f9226784cca6,,PASS,PASS
S4-1-0292,1,reserved_purposive,source_titles,/catalogue_sources/descriptions/11/titles,cnw0001.xml,607898d54dc3354d84e215145d7d1a8b3bab47e255d842fb7506f9226784cca6,,PASS,PASS
S4-1-0293,1,reserved_purposive,source_titles,/catalogue_sources/descriptions/11/titles/0,cnw0001.xml,607898d54dc3354d84e215145d7d1a8b3bab47e255d842fb7506f9226784cca6,/m:mei[1]/m:meiHead[1]/m:manifestationList[1]/m:manifestation[12]/m:titleStmt[1]/m:title[1],PASS,PASS
S4-1-0294,1,reserved_purposive,source_classification_terms,/catalogue_sources/descriptions/11/classification_terms,cnw0001.xml,607898d54dc3354d84e215145d7d1a8b3bab47e255d842fb7506f9226784cca6,,PASS,PASS
S4-1-0295,1,reserved_purposive,source_classification_terms,/catalogue_sources/descriptions/11/classification_terms/0,cnw0001.xml,607898d54dc3354d84e215145d7d1a8b3bab47e255d842fb7506f9226784cca6,/m:mei[1]/m:meiHead[1]/m:manifestationList[1]/m:manifestation[12]/m:classification[1]/m:termList[1]/m:term[1],PASS,PASS
S4-1-0296,1,reserved_purposive,source_classification_terms,/catalogue_sources/descriptions/11/classification_terms/1,cnw0001.xml,607898d54dc3354d84e215145d7d1a8b3bab47e255d842fb7506f9226784cca6,/m:mei[1]/m:meiHead[1]/m:manifestationList[1]/m:manifestation[12]/m:classification[1]/m:termList[1]/m:term[2],PASS,PASS
S4-1-0297,1,reserved_purposive,source_classification_terms,/catalogue_sources/descriptions/11/classification_terms/2,cnw0001.xml,607898d54dc3354d84e215145d7d1a8b3bab47e255d842fb7506f9226784cca6,/m:mei[1]/m:meiHead[1]/m:manifestationList[1]/m:manifestation[12]/m:classification[1]/m:termList[1]/m:term[3],PASS,PASS
S4-1-0298,1,reserved_purposive,source_classification_terms,/catalogue_sources/descriptions/11/classification_terms/3,cnw0001.xml,607898d54dc3354d84e215145d7d1a8b3bab47e255d842fb7506f9226784cca6,/m:mei[1]/m:meiHead[1]/m:manifestationList[1]/m:manifestation[12]/m:classification[1]/m:termList[1]/m:term[4],PASS,PASS
S4-1-0299,1,reserved_purposive,source_classification_terms,/catalogue_sources/descriptions/11/classification_terms/4,cnw0001.xml,607898d54dc3354d84e215145d7d1a8b3bab47e255d842fb7506f9226784cca6,/m:mei[1]/m:meiHead[1]/m:manifestationList[1]/m:manifestation[12]/m:classification[1]/m:termList[1]/m:term[5],PASS,PASS
S4-1-0300,1,reserved_purposive,source_classification_terms,/catalogue_sources/descriptions/11/classification_terms/5,cnw0001.xml,607898d54dc3354d84e215145d7d1a8b3bab47e255d842fb7506f9226784cca6,/m:mei[1]/m:meiHead[1]/m:manifestationList[1]/m:manifestation[12]/m:classification[1]/m:termList[1]/m:term[6],PASS,PASS
S4-1-0301,1,reserved_purposive,source_publication,/catalogue_sources/descriptions/11/publication,cnw0001.xml,607898d54dc3354d84e215145d7d1a8b3bab47e255d842fb7506f9226784cca6,,PASS,PASS
S4-1-0302,1,reserved_purposive,source_physical_description,/catalogue_sources/descriptions/11/physical_description,cnw0001.xml,607898d54dc3354d84e215145d7d1a8b3bab47e255d842fb7506f9226784cca6,,PASS,PASS
S4-1-0303,1,reserved_purposive,source_notes,/catalogue_sources/descriptions/11/notes,cnw0001.xml,607898d54dc3354d84e215145d7d1a8b3bab47e255d842fb7506f9226784cca6,,PASS,PASS
S4-1-0304,1,reserved_purposive,source_links,/catalogue_sources/descriptions/11/links,cnw0001.xml,607898d54dc3354d84e215145d7d1a8b3bab47e255d842fb7506f9226784cca6,,PASS,PASS
S4-1-0305,1,reserved_purposive,source_relation,/catalogue_sources/descriptions/11/relations,cnw0001.xml,607898d54dc3354d84e215145d7d1a8b3bab47e255d842fb7506f9226784cca6,,PASS,PASS
S4-1-0306,1,reserved_purposive,source_relation,/catalogue_sources/descriptions/11/relations/0,cnw0001.xml,607898d54dc3354d84e215145d7d1a8b3bab47e255d842fb7506f9226784cca6,/m:mei[1]/m:meiHead[1]/m:manifestationList[1]/m:manifestation[12]/m:relationList[1]/m:relation[1],PASS,PASS
S4-1-0307,1,reserved_purposive,held_item_identity,/catalogue_sources/descriptions/11/held_items,cnw0001.xml,607898d54dc3354d84e215145d7d1a8b3bab47e255d842fb7506f9226784cca6,,PASS,PASS
S4-1-0308,1,reserved_purposive,held_item_identity,/catalogue_sources/descriptions/11/held_items/0,cnw0001.xml,607898d54dc3354d84e215145d7d1a8b3bab47e255d842fb7506f9226784cca6,/m:mei[1]/m:meiHead[1]/m:manifestationList[1]/m:manifestation[12]/m:itemList[1]/m:item[1],PASS,PASS
S4-1-0309,1,reserved_purposive,held_item_identifiers,/catalogue_sources/descriptions/11/held_items/0/identifiers,cnw0001.xml,607898d54dc3354d84e215145d7d1a8b3bab47e255d842fb7506f9226784cca6,,PASS,PASS
S4-1-0310,1,reserved_purposive,held_item_identifiers,/catalogue_sources/descriptions/11/held_items/0/identifiers/0,cnw0001.xml,607898d54dc3354d84e215145d7d1a8b3bab47e255d842fb7506f9226784cca6,/m:mei[1]/m:meiHead[1]/m:manifestationList[1]/m:manifestation[12]/m:itemList[1]/m:item[1]/m:identifier[1],PASS,PASS
S4-1-0311,1,reserved_purposive,held_item_physical_locations,/catalogue_sources/descriptions/11/held_items/0/physical_locations,cnw0001.xml,607898d54dc3354d84e215145d7d1a8b3bab47e255d842fb7506f9226784cca6,,PASS,PASS
S4-1-0312,1,reserved_purposive,held_item_physical_locations,/catalogue_sources/descriptions/11/held_items/0/physical_locations/0,cnw0001.xml,607898d54dc3354d84e215145d7d1a8b3bab47e255d842fb7506f9226784cca6,/m:mei[1]/m:meiHead[1]/m:manifestationList[1]/m:manifestation[12]/m:itemList[1]/m:item[1]/m:physLoc[1],PASS,PASS
S4-1-0313,1,reserved_purposive,held_item_physical_description,/catalogue_sources/descriptions/11/held_items/0/physical_description,cnw0001.xml,607898d54dc3354d84e215145d7d1a8b3bab47e255d842fb7506f9226784cca6,,PASS,PASS
S4-1-0314,1,reserved_purposive,held_item_links,/catalogue_sources/descriptions/11/held_items/0/links,cnw0001.xml,607898d54dc3354d84e215145d7d1a8b3bab47e255d842fb7506f9226784cca6,,PASS,PASS
S4-1-0315,1,reserved_purposive,source_identity,/catalogue_sources/descriptions/12,cnw0001.xml,607898d54dc3354d84e215145d7d1a8b3bab47e255d842fb7506f9226784cca6,/m:mei[1]/m:meiHead[1]/m:manifestationList[1]/m:manifestation[13],PASS,PASS
S4-1-0316,1,reserved_purposive,source_identifiers,/catalogue_sources/descriptions/12/identifiers,cnw0001.xml,607898d54dc3354d84e215145d7d1a8b3bab47e255d842fb7506f9226784cca6,,PASS,PASS
S4-1-0317,1,reserved_purposive,source_titles,/catalogue_sources/descriptions/12/titles,cnw0001.xml,607898d54dc3354d84e215145d7d1a8b3bab47e255d842fb7506f9226784cca6,,PASS,PASS
S4-1-0318,1,reserved_purposive,source_titles,/catalogue_sources/descriptions/12/titles/0,cnw0001.xml,607898d54dc3354d84e215145d7d1a8b3bab47e255d842fb7506f9226784cca6,/m:mei[1]/m:meiHead[1]/m:manifestationList[1]/m:manifestation[13]/m:titleStmt[1]/m:title[1],PASS,PASS
S4-1-0319,1,reserved_purposive,source_classification_terms,/catalogue_sources/descriptions/12/classification_terms,cnw0001.xml,607898d54dc3354d84e215145d7d1a8b3bab47e255d842fb7506f9226784cca6,,PASS,PASS
S4-1-0320,1,reserved_purposive,source_classification_terms,/catalogue_sources/descriptions/12/classification_terms/0,cnw0001.xml,607898d54dc3354d84e215145d7d1a8b3bab47e255d842fb7506f9226784cca6,/m:mei[1]/m:meiHead[1]/m:manifestationList[1]/m:manifestation[13]/m:classification[1]/m:termList[1]/m:term[1],PASS,PASS
S4-1-0321,1,reserved_purposive,source_classification_terms,/catalogue_sources/descriptions/12/classification_terms/1,cnw0001.xml,607898d54dc3354d84e215145d7d1a8b3bab47e255d842fb7506f9226784cca6,/m:mei[1]/m:meiHead[1]/m:manifestationList[1]/m:manifestation[13]/m:classification[1]/m:termList[1]/m:term[2],PASS,PASS
S4-1-0322,1,reserved_purposive,source_classification_terms,/catalogue_sources/descriptions/12/classification_terms/2,cnw0001.xml,607898d54dc3354d84e215145d7d1a8b3bab47e255d842fb7506f9226784cca6,/m:mei[1]/m:meiHead[1]/m:manifestationList[1]/m:manifestation[13]/m:classification[1]/m:termList[1]/m:term[3],PASS,PASS
S4-1-0323,1,reserved_purposive,source_classification_terms,/catalogue_sources/descriptions/12/classification_terms/3,cnw0001.xml,607898d54dc3354d84e215145d7d1a8b3bab47e255d842fb7506f9226784cca6,/m:mei[1]/m:meiHead[1]/m:manifestationList[1]/m:manifestation[13]/m:classification[1]/m:termList[1]/m:term[4],PASS,PASS
S4-1-0324,1,reserved_purposive,source_classification_terms,/catalogue_sources/descriptions/12/classification_terms/4,cnw0001.xml,607898d54dc3354d84e215145d7d1a8b3bab47e255d842fb7506f9226784cca6,/m:mei[1]/m:meiHead[1]/m:manifestationList[1]/m:manifestation[13]/m:classification[1]/m:termList[1]/m:term[5],PASS,PASS
S4-1-0325,1,reserved_purposive,source_classification_terms,/catalogue_sources/descriptions/12/classification_terms/5,cnw0001.xml,607898d54dc3354d84e215145d7d1a8b3bab47e255d842fb7506f9226784cca6,/m:mei[1]/m:meiHead[1]/m:manifestationList[1]/m:manifestation[13]/m:classification[1]/m:termList[1]/m:term[6],PASS,PASS
S4-1-0326,1,reserved_purposive,source_publication,/catalogue_sources/descriptions/12/publication,cnw0001.xml,607898d54dc3354d84e215145d7d1a8b3bab47e255d842fb7506f9226784cca6,,PASS,PASS
S4-1-0327,1,reserved_purposive,source_physical_description,/catalogue_sources/descriptions/12/physical_description,cnw0001.xml,607898d54dc3354d84e215145d7d1a8b3bab47e255d842fb7506f9226784cca6,,PASS,PASS
S4-1-0328,1,reserved_purposive,source_notes,/catalogue_sources/descriptions/12/notes,cnw0001.xml,607898d54dc3354d84e215145d7d1a8b3bab47e255d842fb7506f9226784cca6,,PASS,PASS
S4-1-0329,1,reserved_purposive,source_links,/catalogue_sources/descriptions/12/links,cnw0001.xml,607898d54dc3354d84e215145d7d1a8b3bab47e255d842fb7506f9226784cca6,,PASS,PASS
S4-1-0330,1,reserved_purposive,source_relation,/catalogue_sources/descriptions/12/relations,cnw0001.xml,607898d54dc3354d84e215145d7d1a8b3bab47e255d842fb7506f9226784cca6,,PASS,PASS
S4-1-0331,1,reserved_purposive,source_relation,/catalogue_sources/descriptions/12/relations/0,cnw0001.xml,607898d54dc3354d84e215145d7d1a8b3bab47e255d842fb7506f9226784cca6,/m:mei[1]/m:meiHead[1]/m:manifestationList[1]/m:manifestation[13]/m:relationList[1]/m:relation[1],PASS,PASS
S4-1-0332,1,reserved_purposive,held_item_identity,/catalogue_sources/descriptions/12/held_items,cnw0001.xml,607898d54dc3354d84e215145d7d1a8b3bab47e255d842fb7506f9226784cca6,,PASS,PASS
S4-1-0333,1,reserved_purposive,held_item_identity,/catalogue_sources/descriptions/12/held_items/0,cnw0001.xml,607898d54dc3354d84e215145d7d1a8b3bab47e255d842fb7506f9226784cca6,/m:mei[1]/m:meiHead[1]/m:manifestationList[1]/m:manifestation[13]/m:itemList[1]/m:item[1],PASS,PASS
S4-1-0334,1,reserved_purposive,held_item_identifiers,/catalogue_sources/descriptions/12/held_items/0/identifiers,cnw0001.xml,607898d54dc3354d84e215145d7d1a8b3bab47e255d842fb7506f9226784cca6,,PASS,PASS
S4-1-0335,1,reserved_purposive,held_item_identifiers,/catalogue_sources/descriptions/12/held_items/0/identifiers/0,cnw0001.xml,607898d54dc3354d84e215145d7d1a8b3bab47e255d842fb7506f9226784cca6,/m:mei[1]/m:meiHead[1]/m:manifestationList[1]/m:manifestation[13]/m:itemList[1]/m:item[1]/m:identifier[1],PASS,PASS
S4-1-0336,1,reserved_purposive,held_item_physical_locations,/catalogue_sources/descriptions/12/held_items/0/physical_locations,cnw0001.xml,607898d54dc3354d84e215145d7d1a8b3bab47e255d842fb7506f9226784cca6,,PASS,PASS
S4-1-0337,1,reserved_purposive,held_item_physical_locations,/catalogue_sources/descriptions/12/held_items/0/physical_locations/0,cnw0001.xml,607898d54dc3354d84e215145d7d1a8b3bab47e255d842fb7506f9226784cca6,/m:mei[1]/m:meiHead[1]/m:manifestationList[1]/m:manifestation[13]/m:itemList[1]/m:item[1]/m:physLoc[1],PASS,PASS
S4-1-0338,1,reserved_purposive,held_item_physical_description,/catalogue_sources/descriptions/12/held_items/0/physical_description,cnw0001.xml,607898d54dc3354d84e215145d7d1a8b3bab47e255d842fb7506f9226784cca6,,PASS,PASS
S4-1-0339,1,reserved_purposive,held_item_links,/catalogue_sources/descriptions/12/held_items/0/links,cnw0001.xml,607898d54dc3354d84e215145d7d1a8b3bab47e255d842fb7506f9226784cca6,,PASS,PASS
S4-1-0340,1,reserved_purposive,source_identity,/catalogue_sources/descriptions/13,cnw0001.xml,607898d54dc3354d84e215145d7d1a8b3bab47e255d842fb7506f9226784cca6,/m:mei[1]/m:meiHead[1]/m:manifestationList[1]/m:manifestation[14],PASS,PASS
S4-1-0341,1,reserved_purposive,source_identifiers,/catalogue_sources/descriptions/13/identifiers,cnw0001.xml,607898d54dc3354d84e215145d7d1a8b3bab47e255d842fb7506f9226784cca6,,PASS,PASS
S4-1-0342,1,reserved_purposive,source_titles,/catalogue_sources/descriptions/13/titles,cnw0001.xml,607898d54dc3354d84e215145d7d1a8b3bab47e255d842fb7506f9226784cca6,,PASS,PASS
S4-1-0343,1,reserved_purposive,source_titles,/catalogue_sources/descriptions/13/titles/0,cnw0001.xml,607898d54dc3354d84e215145d7d1a8b3bab47e255d842fb7506f9226784cca6,/m:mei[1]/m:meiHead[1]/m:manifestationList[1]/m:manifestation[14]/m:titleStmt[1]/m:title[1],PASS,PASS
S4-1-0344,1,reserved_purposive,source_classification_terms,/catalogue_sources/descriptions/13/classification_terms,cnw0001.xml,607898d54dc3354d84e215145d7d1a8b3bab47e255d842fb7506f9226784cca6,,PASS,PASS
S4-1-0345,1,reserved_purposive,source_classification_terms,/catalogue_sources/descriptions/13/classification_terms/0,cnw0001.xml,607898d54dc3354d84e215145d7d1a8b3bab47e255d842fb7506f9226784cca6,/m:mei[1]/m:meiHead[1]/m:manifestationList[1]/m:manifestation[14]/m:classification[1]/m:termList[1]/m:term[1],PASS,PASS
S4-1-0346,1,reserved_purposive,source_classification_terms,/catalogue_sources/descriptions/13/classification_terms/1,cnw0001.xml,607898d54dc3354d84e215145d7d1a8b3bab47e255d842fb7506f9226784cca6,/m:mei[1]/m:meiHead[1]/m:manifestationList[1]/m:manifestation[14]/m:classification[1]/m:termList[1]/m:term[2],PASS,PASS
S4-1-0347,1,reserved_purposive,source_classification_terms,/catalogue_sources/descriptions/13/classification_terms/2,cnw0001.xml,607898d54dc3354d84e215145d7d1a8b3bab47e255d842fb7506f9226784cca6,/m:mei[1]/m:meiHead[1]/m:manifestationList[1]/m:manifestation[14]/m:classification[1]/m:termList[1]/m:term[3],PASS,PASS
S4-1-0348,1,reserved_purposive,source_classification_terms,/catalogue_sources/descriptions/13/classification_terms/3,cnw0001.xml,607898d54dc3354d84e215145d7d1a8b3bab47e255d842fb7506f9226784cca6,/m:mei[1]/m:meiHead[1]/m:manifestationList[1]/m:manifestation[14]/m:classification[1]/m:termList[1]/m:term[4],PASS,PASS
S4-1-0349,1,reserved_purposive,source_classification_terms,/catalogue_sources/descriptions/13/classification_terms/4,cnw0001.xml,607898d54dc3354d84e215145d7d1a8b3bab47e255d842fb7506f9226784cca6,/m:mei[1]/m:meiHead[1]/m:manifestationList[1]/m:manifestation[14]/m:classification[1]/m:termList[1]/m:term[5],PASS,PASS
S4-1-0350,1,reserved_purposive,source_classification_terms,/catalogue_sources/descriptions/13/classification_terms/5,cnw0001.xml,607898d54dc3354d84e215145d7d1a8b3bab47e255d842fb7506f9226784cca6,/m:mei[1]/m:meiHead[1]/m:manifestationList[1]/m:manifestation[14]/m:classification[1]/m:termList[1]/m:term[6],PASS,PASS
S4-1-0351,1,reserved_purposive,source_publication,/catalogue_sources/descriptions/13/publication,cnw0001.xml,607898d54dc3354d84e215145d7d1a8b3bab47e255d842fb7506f9226784cca6,,PASS,PASS
S4-1-0352,1,reserved_purposive,source_physical_description,/catalogue_sources/descriptions/13/physical_description,cnw0001.xml,607898d54dc3354d84e215145d7d1a8b3bab47e255d842fb7506f9226784cca6,,PASS,PASS
S4-1-0353,1,reserved_purposive,source_notes,/catalogue_sources/descriptions/13/notes,cnw0001.xml,607898d54dc3354d84e215145d7d1a8b3bab47e255d842fb7506f9226784cca6,,PASS,PASS
S4-1-0354,1,reserved_purposive,source_links,/catalogue_sources/descriptions/13/links,cnw0001.xml,607898d54dc3354d84e215145d7d1a8b3bab47e255d842fb7506f9226784cca6,,PASS,PASS
S4-1-0355,1,reserved_purposive,source_relation,/catalogue_sources/descriptions/13/relations,cnw0001.xml,607898d54dc3354d84e215145d7d1a8b3bab47e255d842fb7506f9226784cca6,,PASS,PASS
S4-1-0356,1,reserved_purposive,source_relation,/catalogue_sources/descriptions/13/relations/0,cnw0001.xml,607898d54dc3354d84e215145d7d1a8b3bab47e255d842fb7506f9226784cca6,/m:mei[1]/m:meiHead[1]/m:manifestationList[1]/m:manifestation[14]/m:relationList[1]/m:relation[1],PASS,PASS
S4-1-0357,1,reserved_purposive,held_item_identity,/catalogue_sources/descriptions/13/held_items,cnw0001.xml,607898d54dc3354d84e215145d7d1a8b3bab47e255d842fb7506f9226784cca6,,PASS,PASS
S4-1-0358,1,reserved_purposive,held_item_identity,/catalogue_sources/descriptions/13/held_items/0,cnw0001.xml,607898d54dc3354d84e215145d7d1a8b3bab47e255d842fb7506f9226784cca6,/m:mei[1]/m:meiHead[1]/m:manifestationList[1]/m:manifestation[14]/m:itemList[1]/m:item[1],PASS,PASS
S4-1-0359,1,reserved_purposive,held_item_identifiers,/catalogue_sources/descriptions/13/held_items/0/identifiers,cnw0001.xml,607898d54dc3354d84e215145d7d1a8b3bab47e255d842fb7506f9226784cca6,,PASS,PASS
S4-1-0360,1,reserved_purposive,held_item_identifiers,/catalogue_sources/descriptions/13/held_items/0/identifiers/0,cnw0001.xml,607898d54dc3354d84e215145d7d1a8b3bab47e255d842fb7506f9226784cca6,/m:mei[1]/m:meiHead[1]/m:manifestationList[1]/m:manifestation[14]/m:itemList[1]/m:item[1]/m:identifier[1],PASS,PASS
S4-1-0361,1,reserved_purposive,held_item_physical_locations,/catalogue_sources/descriptions/13/held_items/0/physical_locations,cnw0001.xml,607898d54dc3354d84e215145d7d1a8b3bab47e255d842fb7506f9226784cca6,,PASS,PASS
S4-1-0362,1,reserved_purposive,held_item_physical_locations,/catalogue_sources/descriptions/13/held_items/0/physical_locations/0,cnw0001.xml,607898d54dc3354d84e215145d7d1a8b3bab47e255d842fb7506f9226784cca6,/m:mei[1]/m:meiHead[1]/m:manifestationList[1]/m:manifestation[14]/m:itemList[1]/m:item[1]/m:physLoc[1],PASS,PASS
S4-1-0363,1,reserved_purposive,held_item_physical_description,/catalogue_sources/descriptions/13/held_items/0/physical_description,cnw0001.xml,607898d54dc3354d84e215145d7d1a8b3bab47e255d842fb7506f9226784cca6,,PASS,PASS
S4-1-0364,1,reserved_purposive,held_item_links,/catalogue_sources/descriptions/13/held_items/0/links,cnw0001.xml,607898d54dc3354d84e215145d7d1a8b3bab47e255d842fb7506f9226784cca6,,PASS,PASS
S4-1-0365,1,reserved_purposive,source_identity,/catalogue_sources/descriptions/14,cnw0001.xml,607898d54dc3354d84e215145d7d1a8b3bab47e255d842fb7506f9226784cca6,/m:mei[1]/m:meiHead[1]/m:manifestationList[1]/m:manifestation[15],PASS,PASS
S4-1-0366,1,reserved_purposive,source_identifiers,/catalogue_sources/descriptions/14/identifiers,cnw0001.xml,607898d54dc3354d84e215145d7d1a8b3bab47e255d842fb7506f9226784cca6,,PASS,PASS
S4-1-0367,1,reserved_purposive,source_titles,/catalogue_sources/descriptions/14/titles,cnw0001.xml,607898d54dc3354d84e215145d7d1a8b3bab47e255d842fb7506f9226784cca6,,PASS,PASS
S4-1-0368,1,reserved_purposive,source_titles,/catalogue_sources/descriptions/14/titles/0,cnw0001.xml,607898d54dc3354d84e215145d7d1a8b3bab47e255d842fb7506f9226784cca6,/m:mei[1]/m:meiHead[1]/m:manifestationList[1]/m:manifestation[15]/m:titleStmt[1]/m:title[1],PASS,PASS
S4-1-0369,1,reserved_purposive,source_classification_terms,/catalogue_sources/descriptions/14/classification_terms,cnw0001.xml,607898d54dc3354d84e215145d7d1a8b3bab47e255d842fb7506f9226784cca6,,PASS,PASS
S4-1-0370,1,reserved_purposive,source_classification_terms,/catalogue_sources/descriptions/14/classification_terms/0,cnw0001.xml,607898d54dc3354d84e215145d7d1a8b3bab47e255d842fb7506f9226784cca6,/m:mei[1]/m:meiHead[1]/m:manifestationList[1]/m:manifestation[15]/m:classification[1]/m:termList[1]/m:term[1],PASS,PASS
S4-1-0371,1,reserved_purposive,source_classification_terms,/catalogue_sources/descriptions/14/classification_terms/1,cnw0001.xml,607898d54dc3354d84e215145d7d1a8b3bab47e255d842fb7506f9226784cca6,/m:mei[1]/m:meiHead[1]/m:manifestationList[1]/m:manifestation[15]/m:classification[1]/m:termList[1]/m:term[2],PASS,PASS
S4-1-0372,1,reserved_purposive,source_classification_terms,/catalogue_sources/descriptions/14/classification_terms/2,cnw0001.xml,607898d54dc3354d84e215145d7d1a8b3bab47e255d842fb7506f9226784cca6,/m:mei[1]/m:meiHead[1]/m:manifestationList[1]/m:manifestation[15]/m:classification[1]/m:termList[1]/m:term[3],PASS,PASS
S4-1-0373,1,reserved_purposive,source_classification_terms,/catalogue_sources/descriptions/14/classification_terms/3,cnw0001.xml,607898d54dc3354d84e215145d7d1a8b3bab47e255d842fb7506f9226784cca6,/m:mei[1]/m:meiHead[1]/m:manifestationList[1]/m:manifestation[15]/m:classification[1]/m:termList[1]/m:term[4],PASS,PASS
S4-1-0374,1,reserved_purposive,source_classification_terms,/catalogue_sources/descriptions/14/classification_terms/4,cnw0001.xml,607898d54dc3354d84e215145d7d1a8b3bab47e255d842fb7506f9226784cca6,/m:mei[1]/m:meiHead[1]/m:manifestationList[1]/m:manifestation[15]/m:classification[1]/m:termList[1]/m:term[5],PASS,PASS
S4-1-0375,1,reserved_purposive,source_classification_terms,/catalogue_sources/descriptions/14/classification_terms/5,cnw0001.xml,607898d54dc3354d84e215145d7d1a8b3bab47e255d842fb7506f9226784cca6,/m:mei[1]/m:meiHead[1]/m:manifestationList[1]/m:manifestation[15]/m:classification[1]/m:termList[1]/m:term[6],PASS,PASS
S4-1-0376,1,reserved_purposive,source_publication,/catalogue_sources/descriptions/14/publication,cnw0001.xml,607898d54dc3354d84e215145d7d1a8b3bab47e255d842fb7506f9226784cca6,,PASS,PASS
S4-1-0377,1,reserved_purposive,source_physical_description,/catalogue_sources/descriptions/14/physical_description,cnw0001.xml,607898d54dc3354d84e215145d7d1a8b3bab47e255d842fb7506f9226784cca6,,PASS,PASS
S4-1-0378,1,reserved_purposive,source_notes,/catalogue_sources/descriptions/14/notes,cnw0001.xml,607898d54dc3354d84e215145d7d1a8b3bab47e255d842fb7506f9226784cca6,,PASS,PASS
S4-1-0379,1,reserved_purposive,source_links,/catalogue_sources/descriptions/14/links,cnw0001.xml,607898d54dc3354d84e215145d7d1a8b3bab47e255d842fb7506f9226784cca6,,PASS,PASS
S4-1-0380,1,reserved_purposive,source_relation,/catalogue_sources/descriptions/14/relations,cnw0001.xml,607898d54dc3354d84e215145d7d1a8b3bab47e255d842fb7506f9226784cca6,,PASS,PASS
S4-1-0381,1,reserved_purposive,source_relation,/catalogue_sources/descriptions/14/relations/0,cnw0001.xml,607898d54dc3354d84e215145d7d1a8b3bab47e255d842fb7506f9226784cca6,/m:mei[1]/m:meiHead[1]/m:manifestationList[1]/m:manifestation[15]/m:relationList[1]/m:relation[1],PASS,PASS
S4-1-0382,1,reserved_purposive,held_item_identity,/catalogue_sources/descriptions/14/held_items,cnw0001.xml,607898d54dc3354d84e215145d7d1a8b3bab47e255d842fb7506f9226784cca6,,PASS,PASS
S4-1-0383,1,reserved_purposive,held_item_identity,/catalogue_sources/descriptions/14/held_items/0,cnw0001.xml,607898d54dc3354d84e215145d7d1a8b3bab47e255d842fb7506f9226784cca6,/m:mei[1]/m:meiHead[1]/m:manifestationList[1]/m:manifestation[15]/m:itemList[1]/m:item[1],PASS,PASS
S4-1-0384,1,reserved_purposive,held_item_identifiers,/catalogue_sources/descriptions/14/held_items/0/identifiers,cnw0001.xml,607898d54dc3354d84e215145d7d1a8b3bab47e255d842fb7506f9226784cca6,,PASS,PASS
S4-1-0385,1,reserved_purposive,held_item_identifiers,/catalogue_sources/descriptions/14/held_items/0/identifiers/0,cnw0001.xml,607898d54dc3354d84e215145d7d1a8b3bab47e255d842fb7506f9226784cca6,/m:mei[1]/m:meiHead[1]/m:manifestationList[1]/m:manifestation[15]/m:itemList[1]/m:item[1]/m:identifier[1],PASS,PASS
S4-1-0386,1,reserved_purposive,held_item_physical_locations,/catalogue_sources/descriptions/14/held_items/0/physical_locations,cnw0001.xml,607898d54dc3354d84e215145d7d1a8b3bab47e255d842fb7506f9226784cca6,,PASS,PASS
S4-1-0387,1,reserved_purposive,held_item_physical_locations,/catalogue_sources/descriptions/14/held_items/0/physical_locations/0,cnw0001.xml,607898d54dc3354d84e215145d7d1a8b3bab47e255d842fb7506f9226784cca6,/m:mei[1]/m:meiHead[1]/m:manifestationList[1]/m:manifestation[15]/m:itemList[1]/m:item[1]/m:physLoc[1],PASS,PASS
S4-1-0388,1,reserved_purposive,held_item_physical_description,/catalogue_sources/descriptions/14/held_items/0/physical_description,cnw0001.xml,607898d54dc3354d84e215145d7d1a8b3bab47e255d842fb7506f9226784cca6,,PASS,PASS
S4-1-0389,1,reserved_purposive,held_item_links,/catalogue_sources/descriptions/14/held_items/0/links,cnw0001.xml,607898d54dc3354d84e215145d7d1a8b3bab47e255d842fb7506f9226784cca6,,PASS,PASS
S4-1-0390,1,reserved_purposive,source_identity,/catalogue_sources/descriptions/15,cnw0001.xml,607898d54dc3354d84e215145d7d1a8b3bab47e255d842fb7506f9226784cca6,/m:mei[1]/m:meiHead[1]/m:manifestationList[1]/m:manifestation[16],PASS,PASS
S4-1-0391,1,reserved_purposive,source_identifiers,/catalogue_sources/descriptions/15/identifiers,cnw0001.xml,607898d54dc3354d84e215145d7d1a8b3bab47e255d842fb7506f9226784cca6,,PASS,PASS
S4-1-0392,1,reserved_purposive,source_titles,/catalogue_sources/descriptions/15/titles,cnw0001.xml,607898d54dc3354d84e215145d7d1a8b3bab47e255d842fb7506f9226784cca6,,PASS,PASS
S4-1-0393,1,reserved_purposive,source_titles,/catalogue_sources/descriptions/15/titles/0,cnw0001.xml,607898d54dc3354d84e215145d7d1a8b3bab47e255d842fb7506f9226784cca6,/m:mei[1]/m:meiHead[1]/m:manifestationList[1]/m:manifestation[16]/m:titleStmt[1]/m:title[1],PASS,PASS
S4-1-0394,1,reserved_purposive,source_classification_terms,/catalogue_sources/descriptions/15/classification_terms,cnw0001.xml,607898d54dc3354d84e215145d7d1a8b3bab47e255d842fb7506f9226784cca6,,PASS,PASS
S4-1-0395,1,reserved_purposive,source_classification_terms,/catalogue_sources/descriptions/15/classification_terms/0,cnw0001.xml,607898d54dc3354d84e215145d7d1a8b3bab47e255d842fb7506f9226784cca6,/m:mei[1]/m:meiHead[1]/m:manifestationList[1]/m:manifestation[16]/m:classification[1]/m:termList[1]/m:term[1],PASS,PASS
S4-1-0396,1,reserved_purposive,source_classification_terms,/catalogue_sources/descriptions/15/classification_terms/1,cnw0001.xml,607898d54dc3354d84e215145d7d1a8b3bab47e255d842fb7506f9226784cca6,/m:mei[1]/m:meiHead[1]/m:manifestationList[1]/m:manifestation[16]/m:classification[1]/m:termList[1]/m:term[2],PASS,PASS
S4-1-0397,1,reserved_purposive,source_classification_terms,/catalogue_sources/descriptions/15/classification_terms/2,cnw0001.xml,607898d54dc3354d84e215145d7d1a8b3bab47e255d842fb7506f9226784cca6,/m:mei[1]/m:meiHead[1]/m:manifestationList[1]/m:manifestation[16]/m:classification[1]/m:termList[1]/m:term[3],PASS,PASS
S4-1-0398,1,reserved_purposive,source_classification_terms,/catalogue_sources/descriptions/15/classification_terms/3,cnw0001.xml,607898d54dc3354d84e215145d7d1a8b3bab47e255d842fb7506f9226784cca6,/m:mei[1]/m:meiHead[1]/m:manifestationList[1]/m:manifestation[16]/m:classification[1]/m:termList[1]/m:term[4],PASS,PASS
S4-1-0399,1,reserved_purposive,source_classification_terms,/catalogue_sources/descriptions/15/classification_terms/4,cnw0001.xml,607898d54dc3354d84e215145d7d1a8b3bab47e255d842fb7506f9226784cca6,/m:mei[1]/m:meiHead[1]/m:manifestationList[1]/m:manifestation[16]/m:classification[1]/m:termList[1]/m:term[5],PASS,PASS
S4-1-0400,1,reserved_purposive,source_classification_terms,/catalogue_sources/descriptions/15/classification_terms/5,cnw0001.xml,607898d54dc3354d84e215145d7d1a8b3bab47e255d842fb7506f9226784cca6,/m:mei[1]/m:meiHead[1]/m:manifestationList[1]/m:manifestation[16]/m:classification[1]/m:termList[1]/m:term[6],PASS,PASS
S4-1-0401,1,reserved_purposive,source_publication,/catalogue_sources/descriptions/15/publication,cnw0001.xml,607898d54dc3354d84e215145d7d1a8b3bab47e255d842fb7506f9226784cca6,,PASS,PASS
S4-1-0402,1,reserved_purposive,source_physical_description,/catalogue_sources/descriptions/15/physical_description,cnw0001.xml,607898d54dc3354d84e215145d7d1a8b3bab47e255d842fb7506f9226784cca6,,PASS,PASS
S4-1-0403,1,reserved_purposive,source_notes,/catalogue_sources/descriptions/15/notes,cnw0001.xml,607898d54dc3354d84e215145d7d1a8b3bab47e255d842fb7506f9226784cca6,,PASS,PASS
S4-1-0404,1,reserved_purposive,source_links,/catalogue_sources/descriptions/15/links,cnw0001.xml,607898d54dc3354d84e215145d7d1a8b3bab47e255d842fb7506f9226784cca6,,PASS,PASS
S4-1-0405,1,reserved_purposive,source_relation,/catalogue_sources/descriptions/15/relations,cnw0001.xml,607898d54dc3354d84e215145d7d1a8b3bab47e255d842fb7506f9226784cca6,,PASS,PASS
S4-1-0406,1,reserved_purposive,source_relation,/catalogue_sources/descriptions/15/relations/0,cnw0001.xml,607898d54dc3354d84e215145d7d1a8b3bab47e255d842fb7506f9226784cca6,/m:mei[1]/m:meiHead[1]/m:manifestationList[1]/m:manifestation[16]/m:relationList[1]/m:relation[1],PASS,PASS
S4-1-0407,1,reserved_purposive,held_item_identity,/catalogue_sources/descriptions/15/held_items,cnw0001.xml,607898d54dc3354d84e215145d7d1a8b3bab47e255d842fb7506f9226784cca6,,PASS,PASS
S4-1-0408,1,reserved_purposive,held_item_identity,/catalogue_sources/descriptions/15/held_items/0,cnw0001.xml,607898d54dc3354d84e215145d7d1a8b3bab47e255d842fb7506f9226784cca6,/m:mei[1]/m:meiHead[1]/m:manifestationList[1]/m:manifestation[16]/m:itemList[1]/m:item[1],PASS,PASS
S4-1-0409,1,reserved_purposive,held_item_identifiers,/catalogue_sources/descriptions/15/held_items/0/identifiers,cnw0001.xml,607898d54dc3354d84e215145d7d1a8b3bab47e255d842fb7506f9226784cca6,,PASS,PASS
S4-1-0410,1,reserved_purposive,held_item_identifiers,/catalogue_sources/descriptions/15/held_items/0/identifiers/0,cnw0001.xml,607898d54dc3354d84e215145d7d1a8b3bab47e255d842fb7506f9226784cca6,/m:mei[1]/m:meiHead[1]/m:manifestationList[1]/m:manifestation[16]/m:itemList[1]/m:item[1]/m:identifier[1],PASS,PASS
S4-1-0411,1,reserved_purposive,held_item_physical_locations,/catalogue_sources/descriptions/15/held_items/0/physical_locations,cnw0001.xml,607898d54dc3354d84e215145d7d1a8b3bab47e255d842fb7506f9226784cca6,,PASS,PASS
S4-1-0412,1,reserved_purposive,held_item_physical_locations,/catalogue_sources/descriptions/15/held_items/0/physical_locations/0,cnw0001.xml,607898d54dc3354d84e215145d7d1a8b3bab47e255d842fb7506f9226784cca6,/m:mei[1]/m:meiHead[1]/m:manifestationList[1]/m:manifestation[16]/m:itemList[1]/m:item[1]/m:physLoc[1],PASS,PASS
S4-1-0413,1,reserved_purposive,held_item_physical_description,/catalogue_sources/descriptions/15/held_items/0/physical_description,cnw0001.xml,607898d54dc3354d84e215145d7d1a8b3bab47e255d842fb7506f9226784cca6,,PASS,PASS
S4-1-0414,1,reserved_purposive,held_item_links,/catalogue_sources/descriptions/15/held_items/0/links,cnw0001.xml,607898d54dc3354d84e215145d7d1a8b3bab47e255d842fb7506f9226784cca6,,PASS,PASS
S4-1-0415,1,reserved_purposive,source_identity,/catalogue_sources/descriptions/16,cnw0001.xml,607898d54dc3354d84e215145d7d1a8b3bab47e255d842fb7506f9226784cca6,/m:mei[1]/m:meiHead[1]/m:manifestationList[1]/m:manifestation[17],PASS,PASS
S4-1-0416,1,reserved_purposive,source_identifiers,/catalogue_sources/descriptions/16/identifiers,cnw0001.xml,607898d54dc3354d84e215145d7d1a8b3bab47e255d842fb7506f9226784cca6,,PASS,PASS
S4-1-0417,1,reserved_purposive,source_titles,/catalogue_sources/descriptions/16/titles,cnw0001.xml,607898d54dc3354d84e215145d7d1a8b3bab47e255d842fb7506f9226784cca6,,PASS,PASS
S4-1-0418,1,reserved_purposive,source_titles,/catalogue_sources/descriptions/16/titles/0,cnw0001.xml,607898d54dc3354d84e215145d7d1a8b3bab47e255d842fb7506f9226784cca6,/m:mei[1]/m:meiHead[1]/m:manifestationList[1]/m:manifestation[17]/m:titleStmt[1]/m:title[1],PASS,PASS
S4-1-0419,1,reserved_purposive,source_classification_terms,/catalogue_sources/descriptions/16/classification_terms,cnw0001.xml,607898d54dc3354d84e215145d7d1a8b3bab47e255d842fb7506f9226784cca6,,PASS,PASS
S4-1-0420,1,reserved_purposive,source_classification_terms,/catalogue_sources/descriptions/16/classification_terms/0,cnw0001.xml,607898d54dc3354d84e215145d7d1a8b3bab47e255d842fb7506f9226784cca6,/m:mei[1]/m:meiHead[1]/m:manifestationList[1]/m:manifestation[17]/m:classification[1]/m:termList[1]/m:term[1],PASS,PASS
S4-1-0421,1,reserved_purposive,source_classification_terms,/catalogue_sources/descriptions/16/classification_terms/1,cnw0001.xml,607898d54dc3354d84e215145d7d1a8b3bab47e255d842fb7506f9226784cca6,/m:mei[1]/m:meiHead[1]/m:manifestationList[1]/m:manifestation[17]/m:classification[1]/m:termList[1]/m:term[2],PASS,PASS
S4-1-0422,1,reserved_purposive,source_classification_terms,/catalogue_sources/descriptions/16/classification_terms/2,cnw0001.xml,607898d54dc3354d84e215145d7d1a8b3bab47e255d842fb7506f9226784cca6,/m:mei[1]/m:meiHead[1]/m:manifestationList[1]/m:manifestation[17]/m:classification[1]/m:termList[1]/m:term[3],PASS,PASS
S4-1-0423,1,reserved_purposive,source_classification_terms,/catalogue_sources/descriptions/16/classification_terms/3,cnw0001.xml,607898d54dc3354d84e215145d7d1a8b3bab47e255d842fb7506f9226784cca6,/m:mei[1]/m:meiHead[1]/m:manifestationList[1]/m:manifestation[17]/m:classification[1]/m:termList[1]/m:term[4],PASS,PASS
S4-1-0424,1,reserved_purposive,source_classification_terms,/catalogue_sources/descriptions/16/classification_terms/4,cnw0001.xml,607898d54dc3354d84e215145d7d1a8b3bab47e255d842fb7506f9226784cca6,/m:mei[1]/m:meiHead[1]/m:manifestationList[1]/m:manifestation[17]/m:classification[1]/m:termList[1]/m:term[5],PASS,PASS
S4-1-0425,1,reserved_purposive,source_classification_terms,/catalogue_sources/descriptions/16/classification_terms/5,cnw0001.xml,607898d54dc3354d84e215145d7d1a8b3bab47e255d842fb7506f9226784cca6,/m:mei[1]/m:meiHead[1]/m:manifestationList[1]/m:manifestation[17]/m:classification[1]/m:termList[1]/m:term[6],PASS,PASS
S4-1-0426,1,reserved_purposive,source_publication,/catalogue_sources/descriptions/16/publication,cnw0001.xml,607898d54dc3354d84e215145d7d1a8b3bab47e255d842fb7506f9226784cca6,,PASS,PASS
S4-1-0427,1,reserved_purposive,source_physical_description,/catalogue_sources/descriptions/16/physical_description,cnw0001.xml,607898d54dc3354d84e215145d7d1a8b3bab47e255d842fb7506f9226784cca6,,PASS,PASS
S4-1-0428,1,reserved_purposive,source_notes,/catalogue_sources/descriptions/16/notes,cnw0001.xml,607898d54dc3354d84e215145d7d1a8b3bab47e255d842fb7506f9226784cca6,,PASS,PASS
S4-1-0429,1,reserved_purposive,source_links,/catalogue_sources/descriptions/16/links,cnw0001.xml,607898d54dc3354d84e215145d7d1a8b3bab47e255d842fb7506f9226784cca6,,PASS,PASS
S4-1-0430,1,reserved_purposive,source_relation,/catalogue_sources/descriptions/16/relations,cnw0001.xml,607898d54dc3354d84e215145d7d1a8b3bab47e255d842fb7506f9226784cca6,,PASS,PASS
S4-1-0431,1,reserved_purposive,source_relation,/catalogue_sources/descriptions/16/relations/0,cnw0001.xml,607898d54dc3354d84e215145d7d1a8b3bab47e255d842fb7506f9226784cca6,/m:mei[1]/m:meiHead[1]/m:manifestationList[1]/m:manifestation[17]/m:relationList[1]/m:relation[1],PASS,PASS
S4-1-0432,1,reserved_purposive,held_item_identity,/catalogue_sources/descriptions/16/held_items,cnw0001.xml,607898d54dc3354d84e215145d7d1a8b3bab47e255d842fb7506f9226784cca6,,PASS,PASS
S4-1-0433,1,reserved_purposive,held_item_identity,/catalogue_sources/descriptions/16/held_items/0,cnw0001.xml,607898d54dc3354d84e215145d7d1a8b3bab47e255d842fb7506f9226784cca6,/m:mei[1]/m:meiHead[1]/m:manifestationList[1]/m:manifestation[17]/m:itemList[1]/m:item[1],PASS,PASS
S4-1-0434,1,reserved_purposive,held_item_identifiers,/catalogue_sources/descriptions/16/held_items/0/identifiers,cnw0001.xml,607898d54dc3354d84e215145d7d1a8b3bab47e255d842fb7506f9226784cca6,,PASS,PASS
S4-1-0435,1,reserved_purposive,held_item_identifiers,/catalogue_sources/descriptions/16/held_items/0/identifiers/0,cnw0001.xml,607898d54dc3354d84e215145d7d1a8b3bab47e255d842fb7506f9226784cca6,/m:mei[1]/m:meiHead[1]/m:manifestationList[1]/m:manifestation[17]/m:itemList[1]/m:item[1]/m:identifier[1],PASS,PASS
S4-1-0436,1,reserved_purposive,held_item_physical_locations,/catalogue_sources/descriptions/16/held_items/0/physical_locations,cnw0001.xml,607898d54dc3354d84e215145d7d1a8b3bab47e255d842fb7506f9226784cca6,,PASS,PASS
S4-1-0437,1,reserved_purposive,held_item_physical_locations,/catalogue_sources/descriptions/16/held_items/0/physical_locations/0,cnw0001.xml,607898d54dc3354d84e215145d7d1a8b3bab47e255d842fb7506f9226784cca6,/m:mei[1]/m:meiHead[1]/m:manifestationList[1]/m:manifestation[17]/m:itemList[1]/m:item[1]/m:physLoc[1],PASS,PASS
S4-1-0438,1,reserved_purposive,held_item_physical_description,/catalogue_sources/descriptions/16/held_items/0/physical_description,cnw0001.xml,607898d54dc3354d84e215145d7d1a8b3bab47e255d842fb7506f9226784cca6,,PASS,PASS
S4-1-0439,1,reserved_purposive,held_item_links,/catalogue_sources/descriptions/16/held_items/0/links,cnw0001.xml,607898d54dc3354d84e215145d7d1a8b3bab47e255d842fb7506f9226784cca6,,PASS,PASS
S4-1-0440,1,reserved_purposive,source_identity,/catalogue_sources/descriptions/17,cnw0001.xml,607898d54dc3354d84e215145d7d1a8b3bab47e255d842fb7506f9226784cca6,/m:mei[1]/m:meiHead[1]/m:manifestationList[1]/m:manifestation[18],PASS,PASS
S4-1-0441,1,reserved_purposive,source_identifiers,/catalogue_sources/descriptions/17/identifiers,cnw0001.xml,607898d54dc3354d84e215145d7d1a8b3bab47e255d842fb7506f9226784cca6,,PASS,PASS
S4-1-0442,1,reserved_purposive,source_titles,/catalogue_sources/descriptions/17/titles,cnw0001.xml,607898d54dc3354d84e215145d7d1a8b3bab47e255d842fb7506f9226784cca6,,PASS,PASS
S4-1-0443,1,reserved_purposive,source_titles,/catalogue_sources/descriptions/17/titles/0,cnw0001.xml,607898d54dc3354d84e215145d7d1a8b3bab47e255d842fb7506f9226784cca6,/m:mei[1]/m:meiHead[1]/m:manifestationList[1]/m:manifestation[18]/m:titleStmt[1]/m:title[1],PASS,PASS
S4-1-0444,1,reserved_purposive,source_classification_terms,/catalogue_sources/descriptions/17/classification_terms,cnw0001.xml,607898d54dc3354d84e215145d7d1a8b3bab47e255d842fb7506f9226784cca6,,PASS,PASS
S4-1-0445,1,reserved_purposive,source_classification_terms,/catalogue_sources/descriptions/17/classification_terms/0,cnw0001.xml,607898d54dc3354d84e215145d7d1a8b3bab47e255d842fb7506f9226784cca6,/m:mei[1]/m:meiHead[1]/m:manifestationList[1]/m:manifestation[18]/m:classification[1]/m:termList[1]/m:term[1],PASS,PASS
S4-1-0446,1,reserved_purposive,source_classification_terms,/catalogue_sources/descriptions/17/classification_terms/1,cnw0001.xml,607898d54dc3354d84e215145d7d1a8b3bab47e255d842fb7506f9226784cca6,/m:mei[1]/m:meiHead[1]/m:manifestationList[1]/m:manifestation[18]/m:classification[1]/m:termList[1]/m:term[2],PASS,PASS
S4-1-0447,1,reserved_purposive,source_classification_terms,/catalogue_sources/descriptions/17/classification_terms/2,cnw0001.xml,607898d54dc3354d84e215145d7d1a8b3bab47e255d842fb7506f9226784cca6,/m:mei[1]/m:meiHead[1]/m:manifestationList[1]/m:manifestation[18]/m:classification[1]/m:termList[1]/m:term[3],PASS,PASS
S4-1-0448,1,reserved_purposive,source_classification_terms,/catalogue_sources/descriptions/17/classification_terms/3,cnw0001.xml,607898d54dc3354d84e215145d7d1a8b3bab47e255d842fb7506f9226784cca6,/m:mei[1]/m:meiHead[1]/m:manifestationList[1]/m:manifestation[18]/m:classification[1]/m:termList[1]/m:term[4],PASS,PASS
S4-1-0449,1,reserved_purposive,source_classification_terms,/catalogue_sources/descriptions/17/classification_terms/4,cnw0001.xml,607898d54dc3354d84e215145d7d1a8b3bab47e255d842fb7506f9226784cca6,/m:mei[1]/m:meiHead[1]/m:manifestationList[1]/m:manifestation[18]/m:classification[1]/m:termList[1]/m:term[5],PASS,PASS
S4-1-0450,1,reserved_purposive,source_classification_terms,/catalogue_sources/descriptions/17/classification_terms/5,cnw0001.xml,607898d54dc3354d84e215145d7d1a8b3bab47e255d842fb7506f9226784cca6,/m:mei[1]/m:meiHead[1]/m:manifestationList[1]/m:manifestation[18]/m:classification[1]/m:termList[1]/m:term[6],PASS,PASS
S4-1-0451,1,reserved_purposive,source_publication,/catalogue_sources/descriptions/17/publication,cnw0001.xml,607898d54dc3354d84e215145d7d1a8b3bab47e255d842fb7506f9226784cca6,,PASS,PASS
S4-1-0452,1,reserved_purposive,source_physical_description,/catalogue_sources/descriptions/17/physical_description,cnw0001.xml,607898d54dc3354d84e215145d7d1a8b3bab47e255d842fb7506f9226784cca6,,PASS,PASS
S4-1-0453,1,reserved_purposive,source_notes,/catalogue_sources/descriptions/17/notes,cnw0001.xml,607898d54dc3354d84e215145d7d1a8b3bab47e255d842fb7506f9226784cca6,,PASS,PASS
S4-1-0454,1,reserved_purposive,source_links,/catalogue_sources/descriptions/17/links,cnw0001.xml,607898d54dc3354d84e215145d7d1a8b3bab47e255d842fb7506f9226784cca6,,PASS,PASS
S4-1-0455,1,reserved_purposive,source_relation,/catalogue_sources/descriptions/17/relations,cnw0001.xml,607898d54dc3354d84e215145d7d1a8b3bab47e255d842fb7506f9226784cca6,,PASS,PASS
S4-1-0456,1,reserved_purposive,source_relation,/catalogue_sources/descriptions/17/relations/0,cnw0001.xml,607898d54dc3354d84e215145d7d1a8b3bab47e255d842fb7506f9226784cca6,/m:mei[1]/m:meiHead[1]/m:manifestationList[1]/m:manifestation[18]/m:relationList[1]/m:relation[1],PASS,PASS
S4-1-0457,1,reserved_purposive,held_item_identity,/catalogue_sources/descriptions/17/held_items,cnw0001.xml,607898d54dc3354d84e215145d7d1a8b3bab47e255d842fb7506f9226784cca6,,PASS,PASS
S4-1-0458,1,reserved_purposive,held_item_identity,/catalogue_sources/descriptions/17/held_items/0,cnw0001.xml,607898d54dc3354d84e215145d7d1a8b3bab47e255d842fb7506f9226784cca6,/m:mei[1]/m:meiHead[1]/m:manifestationList[1]/m:manifestation[18]/m:itemList[1]/m:item[1],PASS,PASS
S4-1-0459,1,reserved_purposive,held_item_identifiers,/catalogue_sources/descriptions/17/held_items/0/identifiers,cnw0001.xml,607898d54dc3354d84e215145d7d1a8b3bab47e255d842fb7506f9226784cca6,,PASS,PASS
S4-1-0460,1,reserved_purposive,held_item_identifiers,/catalogue_sources/descriptions/17/held_items/0/identifiers/0,cnw0001.xml,607898d54dc3354d84e215145d7d1a8b3bab47e255d842fb7506f9226784cca6,/m:mei[1]/m:meiHead[1]/m:manifestationList[1]/m:manifestation[18]/m:itemList[1]/m:item[1]/m:identifier[1],PASS,PASS
S4-1-0461,1,reserved_purposive,held_item_physical_locations,/catalogue_sources/descriptions/17/held_items/0/physical_locations,cnw0001.xml,607898d54dc3354d84e215145d7d1a8b3bab47e255d842fb7506f9226784cca6,,PASS,PASS
S4-1-0462,1,reserved_purposive,held_item_physical_locations,/catalogue_sources/descriptions/17/held_items/0/physical_locations/0,cnw0001.xml,607898d54dc3354d84e215145d7d1a8b3bab47e255d842fb7506f9226784cca6,/m:mei[1]/m:meiHead[1]/m:manifestationList[1]/m:manifestation[18]/m:itemList[1]/m:item[1]/m:physLoc[1],PASS,PASS
S4-1-0463,1,reserved_purposive,held_item_physical_description,/catalogue_sources/descriptions/17/held_items/0/physical_description,cnw0001.xml,607898d54dc3354d84e215145d7d1a8b3bab47e255d842fb7506f9226784cca6,,PASS,PASS
S4-1-0464,1,reserved_purposive,held_item_links,/catalogue_sources/descriptions/17/held_items/0/links,cnw0001.xml,607898d54dc3354d84e215145d7d1a8b3bab47e255d842fb7506f9226784cca6,,PASS,PASS
S4-1-0465,1,reserved_purposive,source_identity,/catalogue_sources/descriptions/18,cnw0001.xml,607898d54dc3354d84e215145d7d1a8b3bab47e255d842fb7506f9226784cca6,/m:mei[1]/m:meiHead[1]/m:manifestationList[1]/m:manifestation[19],PASS,PASS
S4-1-0466,1,reserved_purposive,source_identifiers,/catalogue_sources/descriptions/18/identifiers,cnw0001.xml,607898d54dc3354d84e215145d7d1a8b3bab47e255d842fb7506f9226784cca6,,PASS,PASS
S4-1-0467,1,reserved_purposive,source_titles,/catalogue_sources/descriptions/18/titles,cnw0001.xml,607898d54dc3354d84e215145d7d1a8b3bab47e255d842fb7506f9226784cca6,,PASS,PASS
S4-1-0468,1,reserved_purposive,source_titles,/catalogue_sources/descriptions/18/titles/0,cnw0001.xml,607898d54dc3354d84e215145d7d1a8b3bab47e255d842fb7506f9226784cca6,/m:mei[1]/m:meiHead[1]/m:manifestationList[1]/m:manifestation[19]/m:titleStmt[1]/m:title[1],PASS,PASS
S4-1-0469,1,reserved_purposive,source_classification_terms,/catalogue_sources/descriptions/18/classification_terms,cnw0001.xml,607898d54dc3354d84e215145d7d1a8b3bab47e255d842fb7506f9226784cca6,,PASS,PASS
S4-1-0470,1,reserved_purposive,source_classification_terms,/catalogue_sources/descriptions/18/classification_terms/0,cnw0001.xml,607898d54dc3354d84e215145d7d1a8b3bab47e255d842fb7506f9226784cca6,/m:mei[1]/m:meiHead[1]/m:manifestationList[1]/m:manifestation[19]/m:classification[1]/m:termList[1]/m:term[1],PASS,PASS
S4-1-0471,1,reserved_purposive,source_classification_terms,/catalogue_sources/descriptions/18/classification_terms/1,cnw0001.xml,607898d54dc3354d84e215145d7d1a8b3bab47e255d842fb7506f9226784cca6,/m:mei[1]/m:meiHead[1]/m:manifestationList[1]/m:manifestation[19]/m:classification[1]/m:termList[1]/m:term[2],PASS,PASS
S4-1-0472,1,reserved_purposive,source_classification_terms,/catalogue_sources/descriptions/18/classification_terms/2,cnw0001.xml,607898d54dc3354d84e215145d7d1a8b3bab47e255d842fb7506f9226784cca6,/m:mei[1]/m:meiHead[1]/m:manifestationList[1]/m:manifestation[19]/m:classification[1]/m:termList[1]/m:term[3],PASS,PASS
S4-1-0473,1,reserved_purposive,source_classification_terms,/catalogue_sources/descriptions/18/classification_terms/3,cnw0001.xml,607898d54dc3354d84e215145d7d1a8b3bab47e255d842fb7506f9226784cca6,/m:mei[1]/m:meiHead[1]/m:manifestationList[1]/m:manifestation[19]/m:classification[1]/m:termList[1]/m:term[4],PASS,PASS
S4-1-0474,1,reserved_purposive,source_classification_terms,/catalogue_sources/descriptions/18/classification_terms/4,cnw0001.xml,607898d54dc3354d84e215145d7d1a8b3bab47e255d842fb7506f9226784cca6,/m:mei[1]/m:meiHead[1]/m:manifestationList[1]/m:manifestation[19]/m:classification[1]/m:termList[1]/m:term[5],PASS,PASS
S4-1-0475,1,reserved_purposive,source_classification_terms,/catalogue_sources/descriptions/18/classification_terms/5,cnw0001.xml,607898d54dc3354d84e215145d7d1a8b3bab47e255d842fb7506f9226784cca6,/m:mei[1]/m:meiHead[1]/m:manifestationList[1]/m:manifestation[19]/m:classification[1]/m:termList[1]/m:term[6],PASS,PASS
S4-1-0476,1,reserved_purposive,source_publication,/catalogue_sources/descriptions/18/publication,cnw0001.xml,607898d54dc3354d84e215145d7d1a8b3bab47e255d842fb7506f9226784cca6,,PASS,PASS
S4-1-0477,1,reserved_purposive,source_physical_description,/catalogue_sources/descriptions/18/physical_description,cnw0001.xml,607898d54dc3354d84e215145d7d1a8b3bab47e255d842fb7506f9226784cca6,,PASS,PASS
S4-1-0478,1,reserved_purposive,source_notes,/catalogue_sources/descriptions/18/notes,cnw0001.xml,607898d54dc3354d84e215145d7d1a8b3bab47e255d842fb7506f9226784cca6,,PASS,PASS
S4-1-0479,1,reserved_purposive,source_links,/catalogue_sources/descriptions/18/links,cnw0001.xml,607898d54dc3354d84e215145d7d1a8b3bab47e255d842fb7506f9226784cca6,,PASS,PASS
S4-1-0480,1,reserved_purposive,source_relation,/catalogue_sources/descriptions/18/relations,cnw0001.xml,607898d54dc3354d84e215145d7d1a8b3bab47e255d842fb7506f9226784cca6,,PASS,PASS
S4-1-0481,1,reserved_purposive,source_relation,/catalogue_sources/descriptions/18/relations/0,cnw0001.xml,607898d54dc3354d84e215145d7d1a8b3bab47e255d842fb7506f9226784cca6,/m:mei[1]/m:meiHead[1]/m:manifestationList[1]/m:manifestation[19]/m:relationList[1]/m:relation[1],PASS,PASS
S4-1-0482,1,reserved_purposive,held_item_identity,/catalogue_sources/descriptions/18/held_items,cnw0001.xml,607898d54dc3354d84e215145d7d1a8b3bab47e255d842fb7506f9226784cca6,,PASS,PASS
S4-1-0483,1,reserved_purposive,held_item_identity,/catalogue_sources/descriptions/18/held_items/0,cnw0001.xml,607898d54dc3354d84e215145d7d1a8b3bab47e255d842fb7506f9226784cca6,/m:mei[1]/m:meiHead[1]/m:manifestationList[1]/m:manifestation[19]/m:itemList[1]/m:item[1],PASS,PASS
S4-1-0484,1,reserved_purposive,held_item_identifiers,/catalogue_sources/descriptions/18/held_items/0/identifiers,cnw0001.xml,607898d54dc3354d84e215145d7d1a8b3bab47e255d842fb7506f9226784cca6,,PASS,PASS
S4-1-0485,1,reserved_purposive,held_item_identifiers,/catalogue_sources/descriptions/18/held_items/0/identifiers/0,cnw0001.xml,607898d54dc3354d84e215145d7d1a8b3bab47e255d842fb7506f9226784cca6,/m:mei[1]/m:meiHead[1]/m:manifestationList[1]/m:manifestation[19]/m:itemList[1]/m:item[1]/m:identifier[1],PASS,PASS
S4-1-0486,1,reserved_purposive,held_item_physical_locations,/catalogue_sources/descriptions/18/held_items/0/physical_locations,cnw0001.xml,607898d54dc3354d84e215145d7d1a8b3bab47e255d842fb7506f9226784cca6,,PASS,PASS
S4-1-0487,1,reserved_purposive,held_item_physical_locations,/catalogue_sources/descriptions/18/held_items/0/physical_locations/0,cnw0001.xml,607898d54dc3354d84e215145d7d1a8b3bab47e255d842fb7506f9226784cca6,/m:mei[1]/m:meiHead[1]/m:manifestationList[1]/m:manifestation[19]/m:itemList[1]/m:item[1]/m:physLoc[1],PASS,PASS
S4-1-0488,1,reserved_purposive,held_item_physical_description,/catalogue_sources/descriptions/18/held_items/0/physical_description,cnw0001.xml,607898d54dc3354d84e215145d7d1a8b3bab47e255d842fb7506f9226784cca6,,PASS,PASS
S4-1-0489,1,reserved_purposive,held_item_links,/catalogue_sources/descriptions/18/held_items/0/links,cnw0001.xml,607898d54dc3354d84e215145d7d1a8b3bab47e255d842fb7506f9226784cca6,,PASS,PASS
S4-1-0490,1,reserved_purposive,source_identity,/catalogue_sources/descriptions/19,cnw0001.xml,607898d54dc3354d84e215145d7d1a8b3bab47e255d842fb7506f9226784cca6,/m:mei[1]/m:meiHead[1]/m:manifestationList[1]/m:manifestation[20],PASS,PASS
S4-1-0491,1,reserved_purposive,source_identifiers,/catalogue_sources/descriptions/19/identifiers,cnw0001.xml,607898d54dc3354d84e215145d7d1a8b3bab47e255d842fb7506f9226784cca6,,PASS,PASS
S4-1-0492,1,reserved_purposive,source_titles,/catalogue_sources/descriptions/19/titles,cnw0001.xml,607898d54dc3354d84e215145d7d1a8b3bab47e255d842fb7506f9226784cca6,,PASS,PASS
S4-1-0493,1,reserved_purposive,source_titles,/catalogue_sources/descriptions/19/titles/0,cnw0001.xml,607898d54dc3354d84e215145d7d1a8b3bab47e255d842fb7506f9226784cca6,/m:mei[1]/m:meiHead[1]/m:manifestationList[1]/m:manifestation[20]/m:titleStmt[1]/m:title[1],PASS,PASS
S4-1-0494,1,reserved_purposive,source_classification_terms,/catalogue_sources/descriptions/19/classification_terms,cnw0001.xml,607898d54dc3354d84e215145d7d1a8b3bab47e255d842fb7506f9226784cca6,,PASS,PASS
S4-1-0495,1,reserved_purposive,source_classification_terms,/catalogue_sources/descriptions/19/classification_terms/0,cnw0001.xml,607898d54dc3354d84e215145d7d1a8b3bab47e255d842fb7506f9226784cca6,/m:mei[1]/m:meiHead[1]/m:manifestationList[1]/m:manifestation[20]/m:classification[1]/m:termList[1]/m:term[1],PASS,PASS
S4-1-0496,1,reserved_purposive,source_classification_terms,/catalogue_sources/descriptions/19/classification_terms/1,cnw0001.xml,607898d54dc3354d84e215145d7d1a8b3bab47e255d842fb7506f9226784cca6,/m:mei[1]/m:meiHead[1]/m:manifestationList[1]/m:manifestation[20]/m:classification[1]/m:termList[1]/m:term[2],PASS,PASS
S4-1-0497,1,reserved_purposive,source_classification_terms,/catalogue_sources/descriptions/19/classification_terms/2,cnw0001.xml,607898d54dc3354d84e215145d7d1a8b3bab47e255d842fb7506f9226784cca6,/m:mei[1]/m:meiHead[1]/m:manifestationList[1]/m:manifestation[20]/m:classification[1]/m:termList[1]/m:term[3],PASS,PASS
S4-1-0498,1,reserved_purposive,source_classification_terms,/catalogue_sources/descriptions/19/classification_terms/3,cnw0001.xml,607898d54dc3354d84e215145d7d1a8b3bab47e255d842fb7506f9226784cca6,/m:mei[1]/m:meiHead[1]/m:manifestationList[1]/m:manifestation[20]/m:classification[1]/m:termList[1]/m:term[4],PASS,PASS
S4-1-0499,1,reserved_purposive,source_classification_terms,/catalogue_sources/descriptions/19/classification_terms/4,cnw0001.xml,607898d54dc3354d84e215145d7d1a8b3bab47e255d842fb7506f9226784cca6,/m:mei[1]/m:meiHead[1]/m:manifestationList[1]/m:manifestation[20]/m:classification[1]/m:termList[1]/m:term[5],PASS,PASS
S4-1-0500,1,reserved_purposive,source_classification_terms,/catalogue_sources/descriptions/19/classification_terms/5,cnw0001.xml,607898d54dc3354d84e215145d7d1a8b3bab47e255d842fb7506f9226784cca6,/m:mei[1]/m:meiHead[1]/m:manifestationList[1]/m:manifestation[20]/m:classification[1]/m:termList[1]/m:term[6],PASS,PASS
S4-1-0501,1,reserved_purposive,source_publication,/catalogue_sources/descriptions/19/publication,cnw0001.xml,607898d54dc3354d84e215145d7d1a8b3bab47e255d842fb7506f9226784cca6,,PASS,PASS
S4-1-0502,1,reserved_purposive,source_physical_description,/catalogue_sources/descriptions/19/physical_description,cnw0001.xml,607898d54dc3354d84e215145d7d1a8b3bab47e255d842fb7506f9226784cca6,,PASS,PASS
S4-1-0503,1,reserved_purposive,source_notes,/catalogue_sources/descriptions/19/notes,cnw0001.xml,607898d54dc3354d84e215145d7d1a8b3bab47e255d842fb7506f9226784cca6,,PASS,PASS
S4-1-0504,1,reserved_purposive,source_links,/catalogue_sources/descriptions/19/links,cnw0001.xml,607898d54dc3354d84e215145d7d1a8b3bab47e255d842fb7506f9226784cca6,,PASS,PASS
S4-1-0505,1,reserved_purposive,source_relation,/catalogue_sources/descriptions/19/relations,cnw0001.xml,607898d54dc3354d84e215145d7d1a8b3bab47e255d842fb7506f9226784cca6,,PASS,PASS
S4-1-0506,1,reserved_purposive,source_relation,/catalogue_sources/descriptions/19/relations/0,cnw0001.xml,607898d54dc3354d84e215145d7d1a8b3bab47e255d842fb7506f9226784cca6,/m:mei[1]/m:meiHead[1]/m:manifestationList[1]/m:manifestation[20]/m:relationList[1]/m:relation[1],PASS,PASS
S4-1-0507,1,reserved_purposive,held_item_identity,/catalogue_sources/descriptions/19/held_items,cnw0001.xml,607898d54dc3354d84e215145d7d1a8b3bab47e255d842fb7506f9226784cca6,,PASS,PASS
S4-1-0508,1,reserved_purposive,held_item_identity,/catalogue_sources/descriptions/19/held_items/0,cnw0001.xml,607898d54dc3354d84e215145d7d1a8b3bab47e255d842fb7506f9226784cca6,/m:mei[1]/m:meiHead[1]/m:manifestationList[1]/m:manifestation[20]/m:itemList[1]/m:item[1],PASS,PASS
S4-1-0509,1,reserved_purposive,held_item_identifiers,/catalogue_sources/descriptions/19/held_items/0/identifiers,cnw0001.xml,607898d54dc3354d84e215145d7d1a8b3bab47e255d842fb7506f9226784cca6,,PASS,PASS
S4-1-0510,1,reserved_purposive,held_item_identifiers,/catalogue_sources/descriptions/19/held_items/0/identifiers/0,cnw0001.xml,607898d54dc3354d84e215145d7d1a8b3bab47e255d842fb7506f9226784cca6,/m:mei[1]/m:meiHead[1]/m:manifestationList[1]/m:manifestation[20]/m:itemList[1]/m:item[1]/m:identifier[1],PASS,PASS
S4-1-0511,1,reserved_purposive,held_item_physical_locations,/catalogue_sources/descriptions/19/held_items/0/physical_locations,cnw0001.xml,607898d54dc3354d84e215145d7d1a8b3bab47e255d842fb7506f9226784cca6,,PASS,PASS
S4-1-0512,1,reserved_purposive,held_item_physical_locations,/catalogue_sources/descriptions/19/held_items/0/physical_locations/0,cnw0001.xml,607898d54dc3354d84e215145d7d1a8b3bab47e255d842fb7506f9226784cca6,/m:mei[1]/m:meiHead[1]/m:manifestationList[1]/m:manifestation[20]/m:itemList[1]/m:item[1]/m:physLoc[1],PASS,PASS
S4-1-0513,1,reserved_purposive,held_item_physical_description,/catalogue_sources/descriptions/19/held_items/0/physical_description,cnw0001.xml,607898d54dc3354d84e215145d7d1a8b3bab47e255d842fb7506f9226784cca6,,PASS,PASS
S4-1-0514,1,reserved_purposive,held_item_links,/catalogue_sources/descriptions/19/held_items/0/links,cnw0001.xml,607898d54dc3354d84e215145d7d1a8b3bab47e255d842fb7506f9226784cca6,,PASS,PASS
S4-1-0515,1,reserved_purposive,source_identity,/catalogue_sources/descriptions/20,cnw0001.xml,607898d54dc3354d84e215145d7d1a8b3bab47e255d842fb7506f9226784cca6,/m:mei[1]/m:meiHead[1]/m:manifestationList[1]/m:manifestation[21],PASS,PASS
S4-1-0516,1,reserved_purposive,source_identifiers,/catalogue_sources/descriptions/20/identifiers,cnw0001.xml,607898d54dc3354d84e215145d7d1a8b3bab47e255d842fb7506f9226784cca6,,PASS,PASS
S4-1-0517,1,reserved_purposive,source_titles,/catalogue_sources/descriptions/20/titles,cnw0001.xml,607898d54dc3354d84e215145d7d1a8b3bab47e255d842fb7506f9226784cca6,,PASS,PASS
S4-1-0518,1,reserved_purposive,source_titles,/catalogue_sources/descriptions/20/titles/0,cnw0001.xml,607898d54dc3354d84e215145d7d1a8b3bab47e255d842fb7506f9226784cca6,/m:mei[1]/m:meiHead[1]/m:manifestationList[1]/m:manifestation[21]/m:titleStmt[1]/m:title[1],PASS,PASS
S4-1-0519,1,reserved_purposive,source_classification_terms,/catalogue_sources/descriptions/20/classification_terms,cnw0001.xml,607898d54dc3354d84e215145d7d1a8b3bab47e255d842fb7506f9226784cca6,,PASS,PASS
S4-1-0520,1,reserved_purposive,source_classification_terms,/catalogue_sources/descriptions/20/classification_terms/0,cnw0001.xml,607898d54dc3354d84e215145d7d1a8b3bab47e255d842fb7506f9226784cca6,/m:mei[1]/m:meiHead[1]/m:manifestationList[1]/m:manifestation[21]/m:classification[1]/m:termList[1]/m:term[1],PASS,PASS
S4-1-0521,1,reserved_purposive,source_classification_terms,/catalogue_sources/descriptions/20/classification_terms/1,cnw0001.xml,607898d54dc3354d84e215145d7d1a8b3bab47e255d842fb7506f9226784cca6,/m:mei[1]/m:meiHead[1]/m:manifestationList[1]/m:manifestation[21]/m:classification[1]/m:termList[1]/m:term[2],PASS,PASS
S4-1-0522,1,reserved_purposive,source_classification_terms,/catalogue_sources/descriptions/20/classification_terms/2,cnw0001.xml,607898d54dc3354d84e215145d7d1a8b3bab47e255d842fb7506f9226784cca6,/m:mei[1]/m:meiHead[1]/m:manifestationList[1]/m:manifestation[21]/m:classification[1]/m:termList[1]/m:term[3],PASS,PASS
S4-1-0523,1,reserved_purposive,source_classification_terms,/catalogue_sources/descriptions/20/classification_terms/3,cnw0001.xml,607898d54dc3354d84e215145d7d1a8b3bab47e255d842fb7506f9226784cca6,/m:mei[1]/m:meiHead[1]/m:manifestationList[1]/m:manifestation[21]/m:classification[1]/m:termList[1]/m:term[4],PASS,PASS
S4-1-0524,1,reserved_purposive,source_classification_terms,/catalogue_sources/descriptions/20/classification_terms/4,cnw0001.xml,607898d54dc3354d84e215145d7d1a8b3bab47e255d842fb7506f9226784cca6,/m:mei[1]/m:meiHead[1]/m:manifestationList[1]/m:manifestation[21]/m:classification[1]/m:termList[1]/m:term[5],PASS,PASS
S4-1-0525,1,reserved_purposive,source_classification_terms,/catalogue_sources/descriptions/20/classification_terms/5,cnw0001.xml,607898d54dc3354d84e215145d7d1a8b3bab47e255d842fb7506f9226784cca6,/m:mei[1]/m:meiHead[1]/m:manifestationList[1]/m:manifestation[21]/m:classification[1]/m:termList[1]/m:term[6],PASS,PASS
S4-1-0526,1,reserved_purposive,source_publication,/catalogue_sources/descriptions/20/publication,cnw0001.xml,607898d54dc3354d84e215145d7d1a8b3bab47e255d842fb7506f9226784cca6,,PASS,PASS
S4-1-0527,1,reserved_purposive,source_physical_description,/catalogue_sources/descriptions/20/physical_description,cnw0001.xml,607898d54dc3354d84e215145d7d1a8b3bab47e255d842fb7506f9226784cca6,,PASS,PASS
S4-1-0528,1,reserved_purposive,source_notes,/catalogue_sources/descriptions/20/notes,cnw0001.xml,607898d54dc3354d84e215145d7d1a8b3bab47e255d842fb7506f9226784cca6,,PASS,PASS
S4-1-0529,1,reserved_purposive,source_links,/catalogue_sources/descriptions/20/links,cnw0001.xml,607898d54dc3354d84e215145d7d1a8b3bab47e255d842fb7506f9226784cca6,,PASS,PASS
S4-1-0530,1,reserved_purposive,source_relation,/catalogue_sources/descriptions/20/relations,cnw0001.xml,607898d54dc3354d84e215145d7d1a8b3bab47e255d842fb7506f9226784cca6,,PASS,PASS
S4-1-0531,1,reserved_purposive,source_relation,/catalogue_sources/descriptions/20/relations/0,cnw0001.xml,607898d54dc3354d84e215145d7d1a8b3bab47e255d842fb7506f9226784cca6,/m:mei[1]/m:meiHead[1]/m:manifestationList[1]/m:manifestation[21]/m:relationList[1]/m:relation[1],PASS,PASS
S4-1-0532,1,reserved_purposive,held_item_identity,/catalogue_sources/descriptions/20/held_items,cnw0001.xml,607898d54dc3354d84e215145d7d1a8b3bab47e255d842fb7506f9226784cca6,,PASS,PASS
S4-1-0533,1,reserved_purposive,held_item_identity,/catalogue_sources/descriptions/20/held_items/0,cnw0001.xml,607898d54dc3354d84e215145d7d1a8b3bab47e255d842fb7506f9226784cca6,/m:mei[1]/m:meiHead[1]/m:manifestationList[1]/m:manifestation[21]/m:itemList[1]/m:item[1],PASS,PASS
S4-1-0534,1,reserved_purposive,held_item_identifiers,/catalogue_sources/descriptions/20/held_items/0/identifiers,cnw0001.xml,607898d54dc3354d84e215145d7d1a8b3bab47e255d842fb7506f9226784cca6,,PASS,PASS
S4-1-0535,1,reserved_purposive,held_item_identifiers,/catalogue_sources/descriptions/20/held_items/0/identifiers/0,cnw0001.xml,607898d54dc3354d84e215145d7d1a8b3bab47e255d842fb7506f9226784cca6,/m:mei[1]/m:meiHead[1]/m:manifestationList[1]/m:manifestation[21]/m:itemList[1]/m:item[1]/m:identifier[1],PASS,PASS
S4-1-0536,1,reserved_purposive,held_item_physical_locations,/catalogue_sources/descriptions/20/held_items/0/physical_locations,cnw0001.xml,607898d54dc3354d84e215145d7d1a8b3bab47e255d842fb7506f9226784cca6,,PASS,PASS
S4-1-0537,1,reserved_purposive,held_item_physical_locations,/catalogue_sources/descriptions/20/held_items/0/physical_locations/0,cnw0001.xml,607898d54dc3354d84e215145d7d1a8b3bab47e255d842fb7506f9226784cca6,/m:mei[1]/m:meiHead[1]/m:manifestationList[1]/m:manifestation[21]/m:itemList[1]/m:item[1]/m:physLoc[1],PASS,PASS
S4-1-0538,1,reserved_purposive,held_item_physical_description,/catalogue_sources/descriptions/20/held_items/0/physical_description,cnw0001.xml,607898d54dc3354d84e215145d7d1a8b3bab47e255d842fb7506f9226784cca6,,PASS,PASS
S4-1-0539,1,reserved_purposive,held_item_links,/catalogue_sources/descriptions/20/held_items/0/links,cnw0001.xml,607898d54dc3354d84e215145d7d1a8b3bab47e255d842fb7506f9226784cca6,,PASS,PASS
S4-1-0540,1,reserved_purposive,source_identity,/catalogue_sources/descriptions/21,cnw0001.xml,607898d54dc3354d84e215145d7d1a8b3bab47e255d842fb7506f9226784cca6,/m:mei[1]/m:meiHead[1]/m:manifestationList[1]/m:manifestation[22],PASS,PASS
S4-1-0541,1,reserved_purposive,source_identifiers,/catalogue_sources/descriptions/21/identifiers,cnw0001.xml,607898d54dc3354d84e215145d7d1a8b3bab47e255d842fb7506f9226784cca6,,PASS,PASS
S4-1-0542,1,reserved_purposive,source_titles,/catalogue_sources/descriptions/21/titles,cnw0001.xml,607898d54dc3354d84e215145d7d1a8b3bab47e255d842fb7506f9226784cca6,,PASS,PASS
S4-1-0543,1,reserved_purposive,source_titles,/catalogue_sources/descriptions/21/titles/0,cnw0001.xml,607898d54dc3354d84e215145d7d1a8b3bab47e255d842fb7506f9226784cca6,/m:mei[1]/m:meiHead[1]/m:manifestationList[1]/m:manifestation[22]/m:titleStmt[1]/m:title[1],PASS,PASS
S4-1-0544,1,reserved_purposive,source_classification_terms,/catalogue_sources/descriptions/21/classification_terms,cnw0001.xml,607898d54dc3354d84e215145d7d1a8b3bab47e255d842fb7506f9226784cca6,,PASS,PASS
S4-1-0545,1,reserved_purposive,source_classification_terms,/catalogue_sources/descriptions/21/classification_terms/0,cnw0001.xml,607898d54dc3354d84e215145d7d1a8b3bab47e255d842fb7506f9226784cca6,/m:mei[1]/m:meiHead[1]/m:manifestationList[1]/m:manifestation[22]/m:classification[1]/m:termList[1]/m:term[1],PASS,PASS
S4-1-0546,1,reserved_purposive,source_classification_terms,/catalogue_sources/descriptions/21/classification_terms/1,cnw0001.xml,607898d54dc3354d84e215145d7d1a8b3bab47e255d842fb7506f9226784cca6,/m:mei[1]/m:meiHead[1]/m:manifestationList[1]/m:manifestation[22]/m:classification[1]/m:termList[1]/m:term[2],PASS,PASS
S4-1-0547,1,reserved_purposive,source_classification_terms,/catalogue_sources/descriptions/21/classification_terms/2,cnw0001.xml,607898d54dc3354d84e215145d7d1a8b3bab47e255d842fb7506f9226784cca6,/m:mei[1]/m:meiHead[1]/m:manifestationList[1]/m:manifestation[22]/m:classification[1]/m:termList[1]/m:term[3],PASS,PASS
S4-1-0548,1,reserved_purposive,source_classification_terms,/catalogue_sources/descriptions/21/classification_terms/3,cnw0001.xml,607898d54dc3354d84e215145d7d1a8b3bab47e255d842fb7506f9226784cca6,/m:mei[1]/m:meiHead[1]/m:manifestationList[1]/m:manifestation[22]/m:classification[1]/m:termList[1]/m:term[4],PASS,PASS
S4-1-0549,1,reserved_purposive,source_classification_terms,/catalogue_sources/descriptions/21/classification_terms/4,cnw0001.xml,607898d54dc3354d84e215145d7d1a8b3bab47e255d842fb7506f9226784cca6,/m:mei[1]/m:meiHead[1]/m:manifestationList[1]/m:manifestation[22]/m:classification[1]/m:termList[1]/m:term[5],PASS,PASS
S4-1-0550,1,reserved_purposive,source_classification_terms,/catalogue_sources/descriptions/21/classification_terms/5,cnw0001.xml,607898d54dc3354d84e215145d7d1a8b3bab47e255d842fb7506f9226784cca6,/m:mei[1]/m:meiHead[1]/m:manifestationList[1]/m:manifestation[22]/m:classification[1]/m:termList[1]/m:term[6],PASS,PASS
S4-1-0551,1,reserved_purposive,source_publication,/catalogue_sources/descriptions/21/publication,cnw0001.xml,607898d54dc3354d84e215145d7d1a8b3bab47e255d842fb7506f9226784cca6,,PASS,PASS
S4-1-0552,1,reserved_purposive,source_physical_description,/catalogue_sources/descriptions/21/physical_description,cnw0001.xml,607898d54dc3354d84e215145d7d1a8b3bab47e255d842fb7506f9226784cca6,,PASS,PASS
S4-1-0553,1,reserved_purposive,source_notes,/catalogue_sources/descriptions/21/notes,cnw0001.xml,607898d54dc3354d84e215145d7d1a8b3bab47e255d842fb7506f9226784cca6,,PASS,PASS
S4-1-0554,1,reserved_purposive,source_links,/catalogue_sources/descriptions/21/links,cnw0001.xml,607898d54dc3354d84e215145d7d1a8b3bab47e255d842fb7506f9226784cca6,,PASS,PASS
S4-1-0555,1,reserved_purposive,source_relation,/catalogue_sources/descriptions/21/relations,cnw0001.xml,607898d54dc3354d84e215145d7d1a8b3bab47e255d842fb7506f9226784cca6,,PASS,PASS
S4-1-0556,1,reserved_purposive,source_relation,/catalogue_sources/descriptions/21/relations/0,cnw0001.xml,607898d54dc3354d84e215145d7d1a8b3bab47e255d842fb7506f9226784cca6,/m:mei[1]/m:meiHead[1]/m:manifestationList[1]/m:manifestation[22]/m:relationList[1]/m:relation[1],PASS,PASS
S4-1-0557,1,reserved_purposive,held_item_identity,/catalogue_sources/descriptions/21/held_items,cnw0001.xml,607898d54dc3354d84e215145d7d1a8b3bab47e255d842fb7506f9226784cca6,,PASS,PASS
S4-1-0558,1,reserved_purposive,held_item_identity,/catalogue_sources/descriptions/21/held_items/0,cnw0001.xml,607898d54dc3354d84e215145d7d1a8b3bab47e255d842fb7506f9226784cca6,/m:mei[1]/m:meiHead[1]/m:manifestationList[1]/m:manifestation[22]/m:itemList[1]/m:item[1],PASS,PASS
S4-1-0559,1,reserved_purposive,held_item_identifiers,/catalogue_sources/descriptions/21/held_items/0/identifiers,cnw0001.xml,607898d54dc3354d84e215145d7d1a8b3bab47e255d842fb7506f9226784cca6,,PASS,PASS
S4-1-0560,1,reserved_purposive,held_item_identifiers,/catalogue_sources/descriptions/21/held_items/0/identifiers/0,cnw0001.xml,607898d54dc3354d84e215145d7d1a8b3bab47e255d842fb7506f9226784cca6,/m:mei[1]/m:meiHead[1]/m:manifestationList[1]/m:manifestation[22]/m:itemList[1]/m:item[1]/m:identifier[1],PASS,PASS
S4-1-0561,1,reserved_purposive,held_item_physical_locations,/catalogue_sources/descriptions/21/held_items/0/physical_locations,cnw0001.xml,607898d54dc3354d84e215145d7d1a8b3bab47e255d842fb7506f9226784cca6,,PASS,PASS
S4-1-0562,1,reserved_purposive,held_item_physical_locations,/catalogue_sources/descriptions/21/held_items/0/physical_locations/0,cnw0001.xml,607898d54dc3354d84e215145d7d1a8b3bab47e255d842fb7506f9226784cca6,/m:mei[1]/m:meiHead[1]/m:manifestationList[1]/m:manifestation[22]/m:itemList[1]/m:item[1]/m:physLoc[1],PASS,PASS
S4-1-0563,1,reserved_purposive,held_item_physical_description,/catalogue_sources/descriptions/21/held_items/0/physical_description,cnw0001.xml,607898d54dc3354d84e215145d7d1a8b3bab47e255d842fb7506f9226784cca6,,PASS,PASS
S4-1-0564,1,reserved_purposive,held_item_links,/catalogue_sources/descriptions/21/held_items/0/links,cnw0001.xml,607898d54dc3354d84e215145d7d1a8b3bab47e255d842fb7506f9226784cca6,,PASS,PASS
S4-1-0565,1,reserved_purposive,source_identity,/catalogue_sources/descriptions/22,cnw0001.xml,607898d54dc3354d84e215145d7d1a8b3bab47e255d842fb7506f9226784cca6,/m:mei[1]/m:meiHead[1]/m:manifestationList[1]/m:manifestation[23],PASS,PASS
S4-1-0566,1,reserved_purposive,source_identifiers,/catalogue_sources/descriptions/22/identifiers,cnw0001.xml,607898d54dc3354d84e215145d7d1a8b3bab47e255d842fb7506f9226784cca6,,PASS,PASS
S4-1-0567,1,reserved_purposive,source_titles,/catalogue_sources/descriptions/22/titles,cnw0001.xml,607898d54dc3354d84e215145d7d1a8b3bab47e255d842fb7506f9226784cca6,,PASS,PASS
S4-1-0568,1,reserved_purposive,source_titles,/catalogue_sources/descriptions/22/titles/0,cnw0001.xml,607898d54dc3354d84e215145d7d1a8b3bab47e255d842fb7506f9226784cca6,/m:mei[1]/m:meiHead[1]/m:manifestationList[1]/m:manifestation[23]/m:titleStmt[1]/m:title[1],PASS,PASS
S4-1-0569,1,reserved_purposive,source_classification_terms,/catalogue_sources/descriptions/22/classification_terms,cnw0001.xml,607898d54dc3354d84e215145d7d1a8b3bab47e255d842fb7506f9226784cca6,,PASS,PASS
S4-1-0570,1,reserved_purposive,source_classification_terms,/catalogue_sources/descriptions/22/classification_terms/0,cnw0001.xml,607898d54dc3354d84e215145d7d1a8b3bab47e255d842fb7506f9226784cca6,/m:mei[1]/m:meiHead[1]/m:manifestationList[1]/m:manifestation[23]/m:classification[1]/m:termList[1]/m:term[1],PASS,PASS
S4-1-0571,1,reserved_purposive,source_classification_terms,/catalogue_sources/descriptions/22/classification_terms/1,cnw0001.xml,607898d54dc3354d84e215145d7d1a8b3bab47e255d842fb7506f9226784cca6,/m:mei[1]/m:meiHead[1]/m:manifestationList[1]/m:manifestation[23]/m:classification[1]/m:termList[1]/m:term[2],PASS,PASS
S4-1-0572,1,reserved_purposive,source_classification_terms,/catalogue_sources/descriptions/22/classification_terms/2,cnw0001.xml,607898d54dc3354d84e215145d7d1a8b3bab47e255d842fb7506f9226784cca6,/m:mei[1]/m:meiHead[1]/m:manifestationList[1]/m:manifestation[23]/m:classification[1]/m:termList[1]/m:term[3],PASS,PASS
S4-1-0573,1,reserved_purposive,source_classification_terms,/catalogue_sources/descriptions/22/classification_terms/3,cnw0001.xml,607898d54dc3354d84e215145d7d1a8b3bab47e255d842fb7506f9226784cca6,/m:mei[1]/m:meiHead[1]/m:manifestationList[1]/m:manifestation[23]/m:classification[1]/m:termList[1]/m:term[4],PASS,PASS
S4-1-0574,1,reserved_purposive,source_classification_terms,/catalogue_sources/descriptions/22/classification_terms/4,cnw0001.xml,607898d54dc3354d84e215145d7d1a8b3bab47e255d842fb7506f9226784cca6,/m:mei[1]/m:meiHead[1]/m:manifestationList[1]/m:manifestation[23]/m:classification[1]/m:termList[1]/m:term[5],PASS,PASS
S4-1-0575,1,reserved_purposive,source_classification_terms,/catalogue_sources/descriptions/22/classification_terms/5,cnw0001.xml,607898d54dc3354d84e215145d7d1a8b3bab47e255d842fb7506f9226784cca6,/m:mei[1]/m:meiHead[1]/m:manifestationList[1]/m:manifestation[23]/m:classification[1]/m:termList[1]/m:term[6],PASS,PASS
S4-1-0576,1,reserved_purposive,source_publication,/catalogue_sources/descriptions/22/publication,cnw0001.xml,607898d54dc3354d84e215145d7d1a8b3bab47e255d842fb7506f9226784cca6,,PASS,PASS
S4-1-0577,1,reserved_purposive,source_physical_description,/catalogue_sources/descriptions/22/physical_description,cnw0001.xml,607898d54dc3354d84e215145d7d1a8b3bab47e255d842fb7506f9226784cca6,,PASS,PASS
S4-1-0578,1,reserved_purposive,source_notes,/catalogue_sources/descriptions/22/notes,cnw0001.xml,607898d54dc3354d84e215145d7d1a8b3bab47e255d842fb7506f9226784cca6,,PASS,PASS
S4-1-0579,1,reserved_purposive,source_links,/catalogue_sources/descriptions/22/links,cnw0001.xml,607898d54dc3354d84e215145d7d1a8b3bab47e255d842fb7506f9226784cca6,,PASS,PASS
S4-1-0580,1,reserved_purposive,source_relation,/catalogue_sources/descriptions/22/relations,cnw0001.xml,607898d54dc3354d84e215145d7d1a8b3bab47e255d842fb7506f9226784cca6,,PASS,PASS
S4-1-0581,1,reserved_purposive,source_relation,/catalogue_sources/descriptions/22/relations/0,cnw0001.xml,607898d54dc3354d84e215145d7d1a8b3bab47e255d842fb7506f9226784cca6,/m:mei[1]/m:meiHead[1]/m:manifestationList[1]/m:manifestation[23]/m:relationList[1]/m:relation[1],PASS,PASS
S4-1-0582,1,reserved_purposive,held_item_identity,/catalogue_sources/descriptions/22/held_items,cnw0001.xml,607898d54dc3354d84e215145d7d1a8b3bab47e255d842fb7506f9226784cca6,,PASS,PASS
S4-1-0583,1,reserved_purposive,held_item_identity,/catalogue_sources/descriptions/22/held_items/0,cnw0001.xml,607898d54dc3354d84e215145d7d1a8b3bab47e255d842fb7506f9226784cca6,/m:mei[1]/m:meiHead[1]/m:manifestationList[1]/m:manifestation[23]/m:itemList[1]/m:item[1],PASS,PASS
S4-1-0584,1,reserved_purposive,held_item_identifiers,/catalogue_sources/descriptions/22/held_items/0/identifiers,cnw0001.xml,607898d54dc3354d84e215145d7d1a8b3bab47e255d842fb7506f9226784cca6,,PASS,PASS
S4-1-0585,1,reserved_purposive,held_item_identifiers,/catalogue_sources/descriptions/22/held_items/0/identifiers/0,cnw0001.xml,607898d54dc3354d84e215145d7d1a8b3bab47e255d842fb7506f9226784cca6,/m:mei[1]/m:meiHead[1]/m:manifestationList[1]/m:manifestation[23]/m:itemList[1]/m:item[1]/m:identifier[1],PASS,PASS
S4-1-0586,1,reserved_purposive,held_item_physical_locations,/catalogue_sources/descriptions/22/held_items/0/physical_locations,cnw0001.xml,607898d54dc3354d84e215145d7d1a8b3bab47e255d842fb7506f9226784cca6,,PASS,PASS
S4-1-0587,1,reserved_purposive,held_item_physical_locations,/catalogue_sources/descriptions/22/held_items/0/physical_locations/0,cnw0001.xml,607898d54dc3354d84e215145d7d1a8b3bab47e255d842fb7506f9226784cca6,/m:mei[1]/m:meiHead[1]/m:manifestationList[1]/m:manifestation[23]/m:itemList[1]/m:item[1]/m:physLoc[1],PASS,PASS
S4-1-0588,1,reserved_purposive,held_item_physical_description,/catalogue_sources/descriptions/22/held_items/0/physical_description,cnw0001.xml,607898d54dc3354d84e215145d7d1a8b3bab47e255d842fb7506f9226784cca6,,PASS,PASS
S4-1-0589,1,reserved_purposive,held_item_links,/catalogue_sources/descriptions/22/held_items/0/links,cnw0001.xml,607898d54dc3354d84e215145d7d1a8b3bab47e255d842fb7506f9226784cca6,,PASS,PASS
S4-1-0590,1,reserved_purposive,source_identity,/catalogue_sources/descriptions/23,cnw0001.xml,607898d54dc3354d84e215145d7d1a8b3bab47e255d842fb7506f9226784cca6,/m:mei[1]/m:meiHead[1]/m:manifestationList[1]/m:manifestation[24],PASS,PASS
S4-1-0591,1,reserved_purposive,source_identifiers,/catalogue_sources/descriptions/23/identifiers,cnw0001.xml,607898d54dc3354d84e215145d7d1a8b3bab47e255d842fb7506f9226784cca6,,PASS,PASS
S4-1-0592,1,reserved_purposive,source_titles,/catalogue_sources/descriptions/23/titles,cnw0001.xml,607898d54dc3354d84e215145d7d1a8b3bab47e255d842fb7506f9226784cca6,,PASS,PASS
S4-1-0593,1,reserved_purposive,source_titles,/catalogue_sources/descriptions/23/titles/0,cnw0001.xml,607898d54dc3354d84e215145d7d1a8b3bab47e255d842fb7506f9226784cca6,/m:mei[1]/m:meiHead[1]/m:manifestationList[1]/m:manifestation[24]/m:titleStmt[1]/m:title[1],PASS,PASS
S4-1-0594,1,reserved_purposive,source_classification_terms,/catalogue_sources/descriptions/23/classification_terms,cnw0001.xml,607898d54dc3354d84e215145d7d1a8b3bab47e255d842fb7506f9226784cca6,,PASS,PASS
S4-1-0595,1,reserved_purposive,source_classification_terms,/catalogue_sources/descriptions/23/classification_terms/0,cnw0001.xml,607898d54dc3354d84e215145d7d1a8b3bab47e255d842fb7506f9226784cca6,/m:mei[1]/m:meiHead[1]/m:manifestationList[1]/m:manifestation[24]/m:classification[1]/m:termList[1]/m:term[1],PASS,PASS
S4-1-0596,1,reserved_purposive,source_classification_terms,/catalogue_sources/descriptions/23/classification_terms/1,cnw0001.xml,607898d54dc3354d84e215145d7d1a8b3bab47e255d842fb7506f9226784cca6,/m:mei[1]/m:meiHead[1]/m:manifestationList[1]/m:manifestation[24]/m:classification[1]/m:termList[1]/m:term[2],PASS,PASS
S4-1-0597,1,reserved_purposive,source_classification_terms,/catalogue_sources/descriptions/23/classification_terms/2,cnw0001.xml,607898d54dc3354d84e215145d7d1a8b3bab47e255d842fb7506f9226784cca6,/m:mei[1]/m:meiHead[1]/m:manifestationList[1]/m:manifestation[24]/m:classification[1]/m:termList[1]/m:term[3],PASS,PASS
S4-1-0598,1,reserved_purposive,source_classification_terms,/catalogue_sources/descriptions/23/classification_terms/3,cnw0001.xml,607898d54dc3354d84e215145d7d1a8b3bab47e255d842fb7506f9226784cca6,/m:mei[1]/m:meiHead[1]/m:manifestationList[1]/m:manifestation[24]/m:classification[1]/m:termList[1]/m:term[4],PASS,PASS
S4-1-0599,1,reserved_purposive,source_classification_terms,/catalogue_sources/descriptions/23/classification_terms/4,cnw0001.xml,607898d54dc3354d84e215145d7d1a8b3bab47e255d842fb7506f9226784cca6,/m:mei[1]/m:meiHead[1]/m:manifestationList[1]/m:manifestation[24]/m:classification[1]/m:termList[1]/m:term[5],PASS,PASS
S4-1-0600,1,reserved_purposive,source_classification_terms,/catalogue_sources/descriptions/23/classification_terms/5,cnw0001.xml,607898d54dc3354d84e215145d7d1a8b3bab47e255d842fb7506f9226784cca6,/m:mei[1]/m:meiHead[1]/m:manifestationList[1]/m:manifestation[24]/m:classification[1]/m:termList[1]/m:term[6],PASS,PASS
S4-1-0601,1,reserved_purposive,source_publication,/catalogue_sources/descriptions/23/publication,cnw0001.xml,607898d54dc3354d84e215145d7d1a8b3bab47e255d842fb7506f9226784cca6,,PASS,PASS
S4-1-0602,1,reserved_purposive,source_physical_description,/catalogue_sources/descriptions/23/physical_description,cnw0001.xml,607898d54dc3354d84e215145d7d1a8b3bab47e255d842fb7506f9226784cca6,,PASS,PASS
S4-1-0603,1,reserved_purposive,source_notes,/catalogue_sources/descriptions/23/notes,cnw0001.xml,607898d54dc3354d84e215145d7d1a8b3bab47e255d842fb7506f9226784cca6,,PASS,PASS
S4-1-0604,1,reserved_purposive,source_links,/catalogue_sources/descriptions/23/links,cnw0001.xml,607898d54dc3354d84e215145d7d1a8b3bab47e255d842fb7506f9226784cca6,,PASS,PASS
S4-1-0605,1,reserved_purposive,source_relation,/catalogue_sources/descriptions/23/relations,cnw0001.xml,607898d54dc3354d84e215145d7d1a8b3bab47e255d842fb7506f9226784cca6,,PASS,PASS
S4-1-0606,1,reserved_purposive,source_relation,/catalogue_sources/descriptions/23/relations/0,cnw0001.xml,607898d54dc3354d84e215145d7d1a8b3bab47e255d842fb7506f9226784cca6,/m:mei[1]/m:meiHead[1]/m:manifestationList[1]/m:manifestation[24]/m:relationList[1]/m:relation[1],PASS,PASS
S4-1-0607,1,reserved_purposive,held_item_identity,/catalogue_sources/descriptions/23/held_items,cnw0001.xml,607898d54dc3354d84e215145d7d1a8b3bab47e255d842fb7506f9226784cca6,,PASS,PASS
S4-1-0608,1,reserved_purposive,held_item_identity,/catalogue_sources/descriptions/23/held_items/0,cnw0001.xml,607898d54dc3354d84e215145d7d1a8b3bab47e255d842fb7506f9226784cca6,/m:mei[1]/m:meiHead[1]/m:manifestationList[1]/m:manifestation[24]/m:itemList[1]/m:item[1],PASS,PASS
S4-1-0609,1,reserved_purposive,held_item_identifiers,/catalogue_sources/descriptions/23/held_items/0/identifiers,cnw0001.xml,607898d54dc3354d84e215145d7d1a8b3bab47e255d842fb7506f9226784cca6,,PASS,PASS
S4-1-0610,1,reserved_purposive,held_item_identifiers,/catalogue_sources/descriptions/23/held_items/0/identifiers/0,cnw0001.xml,607898d54dc3354d84e215145d7d1a8b3bab47e255d842fb7506f9226784cca6,/m:mei[1]/m:meiHead[1]/m:manifestationList[1]/m:manifestation[24]/m:itemList[1]/m:item[1]/m:identifier[1],PASS,PASS
S4-1-0611,1,reserved_purposive,held_item_physical_locations,/catalogue_sources/descriptions/23/held_items/0/physical_locations,cnw0001.xml,607898d54dc3354d84e215145d7d1a8b3bab47e255d842fb7506f9226784cca6,,PASS,PASS
S4-1-0612,1,reserved_purposive,held_item_physical_locations,/catalogue_sources/descriptions/23/held_items/0/physical_locations/0,cnw0001.xml,607898d54dc3354d84e215145d7d1a8b3bab47e255d842fb7506f9226784cca6,/m:mei[1]/m:meiHead[1]/m:manifestationList[1]/m:manifestation[24]/m:itemList[1]/m:item[1]/m:physLoc[1],PASS,PASS
S4-1-0613,1,reserved_purposive,held_item_physical_description,/catalogue_sources/descriptions/23/held_items/0/physical_description,cnw0001.xml,607898d54dc3354d84e215145d7d1a8b3bab47e255d842fb7506f9226784cca6,,PASS,PASS
S4-1-0614,1,reserved_purposive,held_item_links,/catalogue_sources/descriptions/23/held_items/0/links,cnw0001.xml,607898d54dc3354d84e215145d7d1a8b3bab47e255d842fb7506f9226784cca6,,PASS,PASS
S4-1-0615,1,reserved_purposive,source_identity,/catalogue_sources/descriptions/24,cnw0001.xml,607898d54dc3354d84e215145d7d1a8b3bab47e255d842fb7506f9226784cca6,/m:mei[1]/m:meiHead[1]/m:manifestationList[1]/m:manifestation[25],PASS,PASS
S4-1-0616,1,reserved_purposive,source_identifiers,/catalogue_sources/descriptions/24/identifiers,cnw0001.xml,607898d54dc3354d84e215145d7d1a8b3bab47e255d842fb7506f9226784cca6,,PASS,PASS
S4-1-0617,1,reserved_purposive,source_identifiers,/catalogue_sources/descriptions/24/identifiers/0,cnw0001.xml,607898d54dc3354d84e215145d7d1a8b3bab47e255d842fb7506f9226784cca6,/m:mei[1]/m:meiHead[1]/m:manifestationList[1]/m:manifestation[25]/m:identifier[1],PASS,PASS
S4-1-0618,1,reserved_purposive,source_titles,/catalogue_sources/descriptions/24/titles,cnw0001.xml,607898d54dc3354d84e215145d7d1a8b3bab47e255d842fb7506f9226784cca6,,PASS,PASS
S4-1-0619,1,reserved_purposive,source_titles,/catalogue_sources/descriptions/24/titles/0,cnw0001.xml,607898d54dc3354d84e215145d7d1a8b3bab47e255d842fb7506f9226784cca6,/m:mei[1]/m:meiHead[1]/m:manifestationList[1]/m:manifestation[25]/m:titleStmt[1]/m:title[1],PASS,PASS
S4-1-0620,1,reserved_purposive,source_classification_terms,/catalogue_sources/descriptions/24/classification_terms,cnw0001.xml,607898d54dc3354d84e215145d7d1a8b3bab47e255d842fb7506f9226784cca6,,PASS,PASS
S4-1-0621,1,reserved_purposive,source_classification_terms,/catalogue_sources/descriptions/24/classification_terms/0,cnw0001.xml,607898d54dc3354d84e215145d7d1a8b3bab47e255d842fb7506f9226784cca6,/m:mei[1]/m:meiHead[1]/m:manifestationList[1]/m:manifestation[25]/m:classification[1]/m:termList[1]/m:term[1],PASS,PASS
S4-1-0622,1,reserved_purposive,source_classification_terms,/catalogue_sources/descriptions/24/classification_terms/1,cnw0001.xml,607898d54dc3354d84e215145d7d1a8b3bab47e255d842fb7506f9226784cca6,/m:mei[1]/m:meiHead[1]/m:manifestationList[1]/m:manifestation[25]/m:classification[1]/m:termList[1]/m:term[2],PASS,PASS
S4-1-0623,1,reserved_purposive,source_classification_terms,/catalogue_sources/descriptions/24/classification_terms/2,cnw0001.xml,607898d54dc3354d84e215145d7d1a8b3bab47e255d842fb7506f9226784cca6,/m:mei[1]/m:meiHead[1]/m:manifestationList[1]/m:manifestation[25]/m:classification[1]/m:termList[1]/m:term[3],PASS,PASS
S4-1-0624,1,reserved_purposive,source_classification_terms,/catalogue_sources/descriptions/24/classification_terms/3,cnw0001.xml,607898d54dc3354d84e215145d7d1a8b3bab47e255d842fb7506f9226784cca6,/m:mei[1]/m:meiHead[1]/m:manifestationList[1]/m:manifestation[25]/m:classification[1]/m:termList[1]/m:term[4],PASS,PASS
S4-1-0625,1,reserved_purposive,source_classification_terms,/catalogue_sources/descriptions/24/classification_terms/4,cnw0001.xml,607898d54dc3354d84e215145d7d1a8b3bab47e255d842fb7506f9226784cca6,/m:mei[1]/m:meiHead[1]/m:manifestationList[1]/m:manifestation[25]/m:classification[1]/m:termList[1]/m:term[5],PASS,PASS
S4-1-0626,1,reserved_purposive,source_classification_terms,/catalogue_sources/descriptions/24/classification_terms/5,cnw0001.xml,607898d54dc3354d84e215145d7d1a8b3bab47e255d842fb7506f9226784cca6,/m:mei[1]/m:meiHead[1]/m:manifestationList[1]/m:manifestation[25]/m:classification[1]/m:termList[1]/m:term[6],PASS,PASS
S4-1-0627,1,reserved_purposive,source_publication,/catalogue_sources/descriptions/24/publication,cnw0001.xml,607898d54dc3354d84e215145d7d1a8b3bab47e255d842fb7506f9226784cca6,,PASS,PASS
S4-1-0628,1,reserved_purposive,source_publication,/catalogue_sources/descriptions/24/publication/0,cnw0001.xml,607898d54dc3354d84e215145d7d1a8b3bab47e255d842fb7506f9226784cca6,/m:mei[1]/m:meiHead[1]/m:manifestationList[1]/m:manifestation[25]/m:pubStmt[1]/m:publisher[1],PASS,PASS
S4-1-0629,1,reserved_purposive,source_publication,/catalogue_sources/descriptions/24/publication/1,cnw0001.xml,607898d54dc3354d84e215145d7d1a8b3bab47e255d842fb7506f9226784cca6,/m:mei[1]/m:meiHead[1]/m:manifestationList[1]/m:manifestation[25]/m:pubStmt[1]/m:pubPlace[1],PASS,PASS
S4-1-0630,1,reserved_purposive,source_publication,/catalogue_sources/descriptions/24/publication/2,cnw0001.xml,607898d54dc3354d84e215145d7d1a8b3bab47e255d842fb7506f9226784cca6,/m:mei[1]/m:meiHead[1]/m:manifestationList[1]/m:manifestation[25]/m:pubStmt[1]/m:date[1],PASS,PASS
S4-1-0631,1,reserved_purposive,source_physical_description,/catalogue_sources/descriptions/24/physical_description,cnw0001.xml,607898d54dc3354d84e215145d7d1a8b3bab47e255d842fb7506f9226784cca6,,PASS,PASS
S4-1-0632,1,reserved_purposive,source_physical_description,/catalogue_sources/descriptions/24/physical_description/0,cnw0001.xml,607898d54dc3354d84e215145d7d1a8b3bab47e255d842fb7506f9226784cca6,/m:mei[1]/m:meiHead[1]/m:manifestationList[1]/m:manifestation[25]/m:physDesc[1]/m:titlePage[1],PASS,PASS
S4-1-0633,1,reserved_purposive,source_physical_description,/catalogue_sources/descriptions/24/physical_description/1,cnw0001.xml,607898d54dc3354d84e215145d7d1a8b3bab47e255d842fb7506f9226784cca6,/m:mei[1]/m:meiHead[1]/m:manifestationList[1]/m:manifestation[25]/m:physDesc[1]/m:titlePage[2],PASS,PASS
S4-1-0634,1,reserved_purposive,source_notes,/catalogue_sources/descriptions/24/notes,cnw0001.xml,607898d54dc3354d84e215145d7d1a8b3bab47e255d842fb7506f9226784cca6,,PASS,PASS
S4-1-0635,1,reserved_purposive,source_links,/catalogue_sources/descriptions/24/links,cnw0001.xml,607898d54dc3354d84e215145d7d1a8b3bab47e255d842fb7506f9226784cca6,,PASS,PASS
S4-1-0636,1,reserved_purposive,source_relation,/catalogue_sources/descriptions/24/relations,cnw0001.xml,607898d54dc3354d84e215145d7d1a8b3bab47e255d842fb7506f9226784cca6,,PASS,PASS
S4-1-0637,1,reserved_purposive,source_relation,/catalogue_sources/descriptions/24/relations/0,cnw0001.xml,607898d54dc3354d84e215145d7d1a8b3bab47e255d842fb7506f9226784cca6,/m:mei[1]/m:meiHead[1]/m:manifestationList[1]/m:manifestation[25]/m:relationList[1]/m:relation[1],PASS,PASS
S4-1-0638,1,reserved_purposive,held_item_identity,/catalogue_sources/descriptions/24/held_items,cnw0001.xml,607898d54dc3354d84e215145d7d1a8b3bab47e255d842fb7506f9226784cca6,,PASS,PASS
S4-1-0639,1,reserved_purposive,held_item_identity,/catalogue_sources/descriptions/24/held_items/0,cnw0001.xml,607898d54dc3354d84e215145d7d1a8b3bab47e255d842fb7506f9226784cca6,/m:mei[1]/m:meiHead[1]/m:manifestationList[1]/m:manifestation[25]/m:itemList[1]/m:item[1],PASS,PASS
S4-1-0640,1,reserved_purposive,held_item_identifiers,/catalogue_sources/descriptions/24/held_items/0/identifiers,cnw0001.xml,607898d54dc3354d84e215145d7d1a8b3bab47e255d842fb7506f9226784cca6,,PASS,PASS
S4-1-0641,1,reserved_purposive,held_item_identifiers,/catalogue_sources/descriptions/24/held_items/0/identifiers/0,cnw0001.xml,607898d54dc3354d84e215145d7d1a8b3bab47e255d842fb7506f9226784cca6,/m:mei[1]/m:meiHead[1]/m:manifestationList[1]/m:manifestation[25]/m:itemList[1]/m:item[1]/m:identifier[1],PASS,PASS
S4-1-0642,1,reserved_purposive,held_item_physical_locations,/catalogue_sources/descriptions/24/held_items/0/physical_locations,cnw0001.xml,607898d54dc3354d84e215145d7d1a8b3bab47e255d842fb7506f9226784cca6,,PASS,PASS
S4-1-0643,1,reserved_purposive,held_item_physical_locations,/catalogue_sources/descriptions/24/held_items/0/physical_locations/0,cnw0001.xml,607898d54dc3354d84e215145d7d1a8b3bab47e255d842fb7506f9226784cca6,/m:mei[1]/m:meiHead[1]/m:manifestationList[1]/m:manifestation[25]/m:itemList[1]/m:item[1]/m:physLoc[1],PASS,PASS
S4-1-0644,1,reserved_purposive,held_item_physical_description,/catalogue_sources/descriptions/24/held_items/0/physical_description,cnw0001.xml,607898d54dc3354d84e215145d7d1a8b3bab47e255d842fb7506f9226784cca6,,PASS,PASS
S4-1-0645,1,reserved_purposive,held_item_links,/catalogue_sources/descriptions/24/held_items/0/links,cnw0001.xml,607898d54dc3354d84e215145d7d1a8b3bab47e255d842fb7506f9226784cca6,,PASS,PASS
S4-1-0646,1,reserved_purposive,held_item_identity,/catalogue_sources/descriptions/24/held_items/1,cnw0001.xml,607898d54dc3354d84e215145d7d1a8b3bab47e255d842fb7506f9226784cca6,/m:mei[1]/m:meiHead[1]/m:manifestationList[1]/m:manifestation[25]/m:itemList[1]/m:item[2],PASS,PASS
S4-1-0647,1,reserved_purposive,held_item_identifiers,/catalogue_sources/descriptions/24/held_items/1/identifiers,cnw0001.xml,607898d54dc3354d84e215145d7d1a8b3bab47e255d842fb7506f9226784cca6,,PASS,PASS
S4-1-0648,1,reserved_purposive,held_item_identifiers,/catalogue_sources/descriptions/24/held_items/1/identifiers/0,cnw0001.xml,607898d54dc3354d84e215145d7d1a8b3bab47e255d842fb7506f9226784cca6,/m:mei[1]/m:meiHead[1]/m:manifestationList[1]/m:manifestation[25]/m:itemList[1]/m:item[2]/m:identifier[1],PASS,PASS
S4-1-0649,1,reserved_purposive,held_item_physical_locations,/catalogue_sources/descriptions/24/held_items/1/physical_locations,cnw0001.xml,607898d54dc3354d84e215145d7d1a8b3bab47e255d842fb7506f9226784cca6,,PASS,PASS
S4-1-0650,1,reserved_purposive,held_item_physical_locations,/catalogue_sources/descriptions/24/held_items/1/physical_locations/0,cnw0001.xml,607898d54dc3354d84e215145d7d1a8b3bab47e255d842fb7506f9226784cca6,/m:mei[1]/m:meiHead[1]/m:manifestationList[1]/m:manifestation[25]/m:itemList[1]/m:item[2]/m:physLoc[1],PASS,PASS
S4-1-0651,1,reserved_purposive,held_item_physical_description,/catalogue_sources/descriptions/24/held_items/1/physical_description,cnw0001.xml,607898d54dc3354d84e215145d7d1a8b3bab47e255d842fb7506f9226784cca6,,PASS,PASS
S4-1-0652,1,reserved_purposive,held_item_links,/catalogue_sources/descriptions/24/held_items/1/links,cnw0001.xml,607898d54dc3354d84e215145d7d1a8b3bab47e255d842fb7506f9226784cca6,,PASS,PASS
S4-1-0653,1,reserved_purposive,held_item_identity,/catalogue_sources/descriptions/24/held_items/2,cnw0001.xml,607898d54dc3354d84e215145d7d1a8b3bab47e255d842fb7506f9226784cca6,/m:mei[1]/m:meiHead[1]/m:manifestationList[1]/m:manifestation[25]/m:itemList[1]/m:item[3],PASS,PASS
S4-1-0654,1,reserved_purposive,held_item_identifiers,/catalogue_sources/descriptions/24/held_items/2/identifiers,cnw0001.xml,607898d54dc3354d84e215145d7d1a8b3bab47e255d842fb7506f9226784cca6,,PASS,PASS
S4-1-0655,1,reserved_purposive,held_item_identifiers,/catalogue_sources/descriptions/24/held_items/2/identifiers/0,cnw0001.xml,607898d54dc3354d84e215145d7d1a8b3bab47e255d842fb7506f9226784cca6,/m:mei[1]/m:meiHead[1]/m:manifestationList[1]/m:manifestation[25]/m:itemList[1]/m:item[3]/m:identifier[1],PASS,PASS
S4-1-0656,1,reserved_purposive,held_item_physical_locations,/catalogue_sources/descriptions/24/held_items/2/physical_locations,cnw0001.xml,607898d54dc3354d84e215145d7d1a8b3bab47e255d842fb7506f9226784cca6,,PASS,PASS
S4-1-0657,1,reserved_purposive,held_item_physical_locations,/catalogue_sources/descriptions/24/held_items/2/physical_locations/0,cnw0001.xml,607898d54dc3354d84e215145d7d1a8b3bab47e255d842fb7506f9226784cca6,/m:mei[1]/m:meiHead[1]/m:manifestationList[1]/m:manifestation[25]/m:itemList[1]/m:item[3]/m:physLoc[1],PASS,PASS
S4-1-0658,1,reserved_purposive,held_item_physical_description,/catalogue_sources/descriptions/24/held_items/2/physical_description,cnw0001.xml,607898d54dc3354d84e215145d7d1a8b3bab47e255d842fb7506f9226784cca6,,PASS,PASS
S4-1-0659,1,reserved_purposive,held_item_links,/catalogue_sources/descriptions/24/held_items/2/links,cnw0001.xml,607898d54dc3354d84e215145d7d1a8b3bab47e255d842fb7506f9226784cca6,,PASS,PASS
S4-1-0660,1,reserved_purposive,held_item_identity,/catalogue_sources/descriptions/24/held_items/3,cnw0001.xml,607898d54dc3354d84e215145d7d1a8b3bab47e255d842fb7506f9226784cca6,/m:mei[1]/m:meiHead[1]/m:manifestationList[1]/m:manifestation[25]/m:itemList[1]/m:item[4],PASS,PASS
S4-1-0661,1,reserved_purposive,held_item_identifiers,/catalogue_sources/descriptions/24/held_items/3/identifiers,cnw0001.xml,607898d54dc3354d84e215145d7d1a8b3bab47e255d842fb7506f9226784cca6,,PASS,PASS
S4-1-0662,1,reserved_purposive,held_item_identifiers,/catalogue_sources/descriptions/24/held_items/3/identifiers/0,cnw0001.xml,607898d54dc3354d84e215145d7d1a8b3bab47e255d842fb7506f9226784cca6,/m:mei[1]/m:meiHead[1]/m:manifestationList[1]/m:manifestation[25]/m:itemList[1]/m:item[4]/m:identifier[1],PASS,PASS
S4-1-0663,1,reserved_purposive,held_item_physical_locations,/catalogue_sources/descriptions/24/held_items/3/physical_locations,cnw0001.xml,607898d54dc3354d84e215145d7d1a8b3bab47e255d842fb7506f9226784cca6,,PASS,PASS
S4-1-0664,1,reserved_purposive,held_item_physical_locations,/catalogue_sources/descriptions/24/held_items/3/physical_locations/0,cnw0001.xml,607898d54dc3354d84e215145d7d1a8b3bab47e255d842fb7506f9226784cca6,/m:mei[1]/m:meiHead[1]/m:manifestationList[1]/m:manifestation[25]/m:itemList[1]/m:item[4]/m:physLoc[1],PASS,PASS
S4-1-0665,1,reserved_purposive,held_item_physical_description,/catalogue_sources/descriptions/24/held_items/3/physical_description,cnw0001.xml,607898d54dc3354d84e215145d7d1a8b3bab47e255d842fb7506f9226784cca6,,PASS,PASS
S4-1-0666,1,reserved_purposive,held_item_links,/catalogue_sources/descriptions/24/held_items/3/links,cnw0001.xml,607898d54dc3354d84e215145d7d1a8b3bab47e255d842fb7506f9226784cca6,,PASS,PASS
S4-1-0667,1,reserved_purposive,source_identity,/catalogue_sources/descriptions/25,cnw0001.xml,607898d54dc3354d84e215145d7d1a8b3bab47e255d842fb7506f9226784cca6,/m:mei[1]/m:meiHead[1]/m:manifestationList[1]/m:manifestation[26],PASS,PASS
S4-1-0668,1,reserved_purposive,source_identifiers,/catalogue_sources/descriptions/25/identifiers,cnw0001.xml,607898d54dc3354d84e215145d7d1a8b3bab47e255d842fb7506f9226784cca6,,PASS,PASS
S4-1-0669,1,reserved_purposive,source_identifiers,/catalogue_sources/descriptions/25/identifiers/0,cnw0001.xml,607898d54dc3354d84e215145d7d1a8b3bab47e255d842fb7506f9226784cca6,/m:mei[1]/m:meiHead[1]/m:manifestationList[1]/m:manifestation[26]/m:identifier[1],PASS,PASS
S4-1-0670,1,reserved_purposive,source_titles,/catalogue_sources/descriptions/25/titles,cnw0001.xml,607898d54dc3354d84e215145d7d1a8b3bab47e255d842fb7506f9226784cca6,,PASS,PASS
S4-1-0671,1,reserved_purposive,source_titles,/catalogue_sources/descriptions/25/titles/0,cnw0001.xml,607898d54dc3354d84e215145d7d1a8b3bab47e255d842fb7506f9226784cca6,/m:mei[1]/m:meiHead[1]/m:manifestationList[1]/m:manifestation[26]/m:titleStmt[1]/m:title[1],PASS,PASS
S4-1-0672,1,reserved_purposive,source_classification_terms,/catalogue_sources/descriptions/25/classification_terms,cnw0001.xml,607898d54dc3354d84e215145d7d1a8b3bab47e255d842fb7506f9226784cca6,,PASS,PASS
S4-1-0673,1,reserved_purposive,source_classification_terms,/catalogue_sources/descriptions/25/classification_terms/0,cnw0001.xml,607898d54dc3354d84e215145d7d1a8b3bab47e255d842fb7506f9226784cca6,/m:mei[1]/m:meiHead[1]/m:manifestationList[1]/m:manifestation[26]/m:classification[1]/m:termList[1]/m:term[1],PASS,PASS
S4-1-0674,1,reserved_purposive,source_classification_terms,/catalogue_sources/descriptions/25/classification_terms/1,cnw0001.xml,607898d54dc3354d84e215145d7d1a8b3bab47e255d842fb7506f9226784cca6,/m:mei[1]/m:meiHead[1]/m:manifestationList[1]/m:manifestation[26]/m:classification[1]/m:termList[1]/m:term[2],PASS,PASS
S4-1-0675,1,reserved_purposive,source_classification_terms,/catalogue_sources/descriptions/25/classification_terms/2,cnw0001.xml,607898d54dc3354d84e215145d7d1a8b3bab47e255d842fb7506f9226784cca6,/m:mei[1]/m:meiHead[1]/m:manifestationList[1]/m:manifestation[26]/m:classification[1]/m:termList[1]/m:term[3],PASS,PASS
S4-1-0676,1,reserved_purposive,source_classification_terms,/catalogue_sources/descriptions/25/classification_terms/3,cnw0001.xml,607898d54dc3354d84e215145d7d1a8b3bab47e255d842fb7506f9226784cca6,/m:mei[1]/m:meiHead[1]/m:manifestationList[1]/m:manifestation[26]/m:classification[1]/m:termList[1]/m:term[4],PASS,PASS
S4-1-0677,1,reserved_purposive,source_classification_terms,/catalogue_sources/descriptions/25/classification_terms/4,cnw0001.xml,607898d54dc3354d84e215145d7d1a8b3bab47e255d842fb7506f9226784cca6,/m:mei[1]/m:meiHead[1]/m:manifestationList[1]/m:manifestation[26]/m:classification[1]/m:termList[1]/m:term[5],PASS,PASS
S4-1-0678,1,reserved_purposive,source_classification_terms,/catalogue_sources/descriptions/25/classification_terms/5,cnw0001.xml,607898d54dc3354d84e215145d7d1a8b3bab47e255d842fb7506f9226784cca6,/m:mei[1]/m:meiHead[1]/m:manifestationList[1]/m:manifestation[26]/m:classification[1]/m:termList[1]/m:term[6],PASS,PASS
S4-1-0679,1,reserved_purposive,source_publication,/catalogue_sources/descriptions/25/publication,cnw0001.xml,607898d54dc3354d84e215145d7d1a8b3bab47e255d842fb7506f9226784cca6,,PASS,PASS
S4-1-0680,1,reserved_purposive,source_publication,/catalogue_sources/descriptions/25/publication/0,cnw0001.xml,607898d54dc3354d84e215145d7d1a8b3bab47e255d842fb7506f9226784cca6,/m:mei[1]/m:meiHead[1]/m:manifestationList[1]/m:manifestation[26]/m:pubStmt[1]/m:publisher[1],PASS,PASS
S4-1-0681,1,reserved_purposive,source_publication,/catalogue_sources/descriptions/25/publication/1,cnw0001.xml,607898d54dc3354d84e215145d7d1a8b3bab47e255d842fb7506f9226784cca6,/m:mei[1]/m:meiHead[1]/m:manifestationList[1]/m:manifestation[26]/m:pubStmt[1]/m:pubPlace[1],PASS,PASS
S4-1-0682,1,reserved_purposive,source_publication,/catalogue_sources/descriptions/25/publication/2,cnw0001.xml,607898d54dc3354d84e215145d7d1a8b3bab47e255d842fb7506f9226784cca6,/m:mei[1]/m:meiHead[1]/m:manifestationList[1]/m:manifestation[26]/m:pubStmt[1]/m:date[1],PASS,PASS
S4-1-0683,1,reserved_purposive,source_physical_description,/catalogue_sources/descriptions/25/physical_description,cnw0001.xml,607898d54dc3354d84e215145d7d1a8b3bab47e255d842fb7506f9226784cca6,,PASS,PASS
S4-1-0684,1,reserved_purposive,source_physical_description,/catalogue_sources/descriptions/25/physical_description/0,cnw0001.xml,607898d54dc3354d84e215145d7d1a8b3bab47e255d842fb7506f9226784cca6,/m:mei[1]/m:meiHead[1]/m:manifestationList[1]/m:manifestation[26]/m:physDesc[1]/m:titlePage[1],PASS,PASS
S4-1-0685,1,reserved_purposive,source_physical_description,/catalogue_sources/descriptions/25/physical_description/1,cnw0001.xml,607898d54dc3354d84e215145d7d1a8b3bab47e255d842fb7506f9226784cca6,/m:mei[1]/m:meiHead[1]/m:manifestationList[1]/m:manifestation[26]/m:physDesc[1]/m:titlePage[2],PASS,PASS
S4-1-0686,1,reserved_purposive,source_notes,/catalogue_sources/descriptions/25/notes,cnw0001.xml,607898d54dc3354d84e215145d7d1a8b3bab47e255d842fb7506f9226784cca6,,PASS,PASS
S4-1-0687,1,reserved_purposive,source_links,/catalogue_sources/descriptions/25/links,cnw0001.xml,607898d54dc3354d84e215145d7d1a8b3bab47e255d842fb7506f9226784cca6,,PASS,PASS
S4-1-0688,1,reserved_purposive,source_relation,/catalogue_sources/descriptions/25/relations,cnw0001.xml,607898d54dc3354d84e215145d7d1a8b3bab47e255d842fb7506f9226784cca6,,PASS,PASS
S4-1-0689,1,reserved_purposive,source_relation,/catalogue_sources/descriptions/25/relations/0,cnw0001.xml,607898d54dc3354d84e215145d7d1a8b3bab47e255d842fb7506f9226784cca6,/m:mei[1]/m:meiHead[1]/m:manifestationList[1]/m:manifestation[26]/m:relationList[1]/m:relation[1],PASS,PASS
S4-1-0690,1,reserved_purposive,held_item_identity,/catalogue_sources/descriptions/25/held_items,cnw0001.xml,607898d54dc3354d84e215145d7d1a8b3bab47e255d842fb7506f9226784cca6,,PASS,PASS
S4-1-0691,1,reserved_purposive,source_identity,/catalogue_sources/descriptions/26,cnw0001.xml,607898d54dc3354d84e215145d7d1a8b3bab47e255d842fb7506f9226784cca6,/m:mei[1]/m:meiHead[1]/m:manifestationList[1]/m:manifestation[27],PASS,PASS
S4-1-0692,1,reserved_purposive,source_identifiers,/catalogue_sources/descriptions/26/identifiers,cnw0001.xml,607898d54dc3354d84e215145d7d1a8b3bab47e255d842fb7506f9226784cca6,,PASS,PASS
S4-1-0693,1,reserved_purposive,source_identifiers,/catalogue_sources/descriptions/26/identifiers/0,cnw0001.xml,607898d54dc3354d84e215145d7d1a8b3bab47e255d842fb7506f9226784cca6,/m:mei[1]/m:meiHead[1]/m:manifestationList[1]/m:manifestation[27]/m:identifier[1],PASS,PASS
S4-1-0694,1,reserved_purposive,source_titles,/catalogue_sources/descriptions/26/titles,cnw0001.xml,607898d54dc3354d84e215145d7d1a8b3bab47e255d842fb7506f9226784cca6,,PASS,PASS
S4-1-0695,1,reserved_purposive,source_titles,/catalogue_sources/descriptions/26/titles/0,cnw0001.xml,607898d54dc3354d84e215145d7d1a8b3bab47e255d842fb7506f9226784cca6,/m:mei[1]/m:meiHead[1]/m:manifestationList[1]/m:manifestation[27]/m:titleStmt[1]/m:title[1],PASS,PASS
S4-1-0696,1,reserved_purposive,source_classification_terms,/catalogue_sources/descriptions/26/classification_terms,cnw0001.xml,607898d54dc3354d84e215145d7d1a8b3bab47e255d842fb7506f9226784cca6,,PASS,PASS
S4-1-0697,1,reserved_purposive,source_classification_terms,/catalogue_sources/descriptions/26/classification_terms/0,cnw0001.xml,607898d54dc3354d84e215145d7d1a8b3bab47e255d842fb7506f9226784cca6,/m:mei[1]/m:meiHead[1]/m:manifestationList[1]/m:manifestation[27]/m:classification[1]/m:termList[1]/m:term[1],PASS,PASS
S4-1-0698,1,reserved_purposive,source_classification_terms,/catalogue_sources/descriptions/26/classification_terms/1,cnw0001.xml,607898d54dc3354d84e215145d7d1a8b3bab47e255d842fb7506f9226784cca6,/m:mei[1]/m:meiHead[1]/m:manifestationList[1]/m:manifestation[27]/m:classification[1]/m:termList[1]/m:term[2],PASS,PASS
S4-1-0699,1,reserved_purposive,source_classification_terms,/catalogue_sources/descriptions/26/classification_terms/2,cnw0001.xml,607898d54dc3354d84e215145d7d1a8b3bab47e255d842fb7506f9226784cca6,/m:mei[1]/m:meiHead[1]/m:manifestationList[1]/m:manifestation[27]/m:classification[1]/m:termList[1]/m:term[3],PASS,PASS
S4-1-0700,1,reserved_purposive,source_classification_terms,/catalogue_sources/descriptions/26/classification_terms/3,cnw0001.xml,607898d54dc3354d84e215145d7d1a8b3bab47e255d842fb7506f9226784cca6,/m:mei[1]/m:meiHead[1]/m:manifestationList[1]/m:manifestation[27]/m:classification[1]/m:termList[1]/m:term[4],PASS,PASS
S4-1-0701,1,reserved_purposive,source_classification_terms,/catalogue_sources/descriptions/26/classification_terms/4,cnw0001.xml,607898d54dc3354d84e215145d7d1a8b3bab47e255d842fb7506f9226784cca6,/m:mei[1]/m:meiHead[1]/m:manifestationList[1]/m:manifestation[27]/m:classification[1]/m:termList[1]/m:term[5],PASS,PASS
S4-1-0702,1,reserved_purposive,source_classification_terms,/catalogue_sources/descriptions/26/classification_terms/5,cnw0001.xml,607898d54dc3354d84e215145d7d1a8b3bab47e255d842fb7506f9226784cca6,/m:mei[1]/m:meiHead[1]/m:manifestationList[1]/m:manifestation[27]/m:classification[1]/m:termList[1]/m:term[6],PASS,PASS
S4-1-0703,1,reserved_purposive,source_publication,/catalogue_sources/descriptions/26/publication,cnw0001.xml,607898d54dc3354d84e215145d7d1a8b3bab47e255d842fb7506f9226784cca6,,PASS,PASS
S4-1-0704,1,reserved_purposive,source_physical_description,/catalogue_sources/descriptions/26/physical_description,cnw0001.xml,607898d54dc3354d84e215145d7d1a8b3bab47e255d842fb7506f9226784cca6,,PASS,PASS
S4-1-0705,1,reserved_purposive,source_notes,/catalogue_sources/descriptions/26/notes,cnw0001.xml,607898d54dc3354d84e215145d7d1a8b3bab47e255d842fb7506f9226784cca6,,PASS,PASS
S4-1-0706,1,reserved_purposive,source_links,/catalogue_sources/descriptions/26/links,cnw0001.xml,607898d54dc3354d84e215145d7d1a8b3bab47e255d842fb7506f9226784cca6,,PASS,PASS
S4-1-0707,1,reserved_purposive,source_relation,/catalogue_sources/descriptions/26/relations,cnw0001.xml,607898d54dc3354d84e215145d7d1a8b3bab47e255d842fb7506f9226784cca6,,PASS,PASS
S4-1-0708,1,reserved_purposive,source_relation,/catalogue_sources/descriptions/26/relations/0,cnw0001.xml,607898d54dc3354d84e215145d7d1a8b3bab47e255d842fb7506f9226784cca6,/m:mei[1]/m:meiHead[1]/m:manifestationList[1]/m:manifestation[27]/m:relationList[1]/m:relation[1],PASS,PASS
S4-1-0709,1,reserved_purposive,held_item_identity,/catalogue_sources/descriptions/26/held_items,cnw0001.xml,607898d54dc3354d84e215145d7d1a8b3bab47e255d842fb7506f9226784cca6,,PASS,PASS
S4-1-0710,1,reserved_purposive,source_identity,/catalogue_sources/descriptions/27,cnw0001.xml,607898d54dc3354d84e215145d7d1a8b3bab47e255d842fb7506f9226784cca6,/m:mei[1]/m:meiHead[1]/m:manifestationList[1]/m:manifestation[28],PASS,PASS
S4-1-0711,1,reserved_purposive,source_identifiers,/catalogue_sources/descriptions/27/identifiers,cnw0001.xml,607898d54dc3354d84e215145d7d1a8b3bab47e255d842fb7506f9226784cca6,,PASS,PASS
S4-1-0712,1,reserved_purposive,source_titles,/catalogue_sources/descriptions/27/titles,cnw0001.xml,607898d54dc3354d84e215145d7d1a8b3bab47e255d842fb7506f9226784cca6,,PASS,PASS
S4-1-0713,1,reserved_purposive,source_titles,/catalogue_sources/descriptions/27/titles/0,cnw0001.xml,607898d54dc3354d84e215145d7d1a8b3bab47e255d842fb7506f9226784cca6,/m:mei[1]/m:meiHead[1]/m:manifestationList[1]/m:manifestation[28]/m:titleStmt[1]/m:title[1],PASS,PASS
S4-1-0714,1,reserved_purposive,source_classification_terms,/catalogue_sources/descriptions/27/classification_terms,cnw0001.xml,607898d54dc3354d84e215145d7d1a8b3bab47e255d842fb7506f9226784cca6,,PASS,PASS
S4-1-0715,1,reserved_purposive,source_classification_terms,/catalogue_sources/descriptions/27/classification_terms/0,cnw0001.xml,607898d54dc3354d84e215145d7d1a8b3bab47e255d842fb7506f9226784cca6,/m:mei[1]/m:meiHead[1]/m:manifestationList[1]/m:manifestation[28]/m:classification[1]/m:termList[1]/m:term[1],PASS,PASS
S4-1-0716,1,reserved_purposive,source_classification_terms,/catalogue_sources/descriptions/27/classification_terms/1,cnw0001.xml,607898d54dc3354d84e215145d7d1a8b3bab47e255d842fb7506f9226784cca6,/m:mei[1]/m:meiHead[1]/m:manifestationList[1]/m:manifestation[28]/m:classification[1]/m:termList[1]/m:term[2],PASS,PASS
S4-1-0717,1,reserved_purposive,source_classification_terms,/catalogue_sources/descriptions/27/classification_terms/2,cnw0001.xml,607898d54dc3354d84e215145d7d1a8b3bab47e255d842fb7506f9226784cca6,/m:mei[1]/m:meiHead[1]/m:manifestationList[1]/m:manifestation[28]/m:classification[1]/m:termList[1]/m:term[3],PASS,PASS
S4-1-0718,1,reserved_purposive,source_classification_terms,/catalogue_sources/descriptions/27/classification_terms/3,cnw0001.xml,607898d54dc3354d84e215145d7d1a8b3bab47e255d842fb7506f9226784cca6,/m:mei[1]/m:meiHead[1]/m:manifestationList[1]/m:manifestation[28]/m:classification[1]/m:termList[1]/m:term[4],PASS,PASS
S4-1-0719,1,reserved_purposive,source_classification_terms,/catalogue_sources/descriptions/27/classification_terms/4,cnw0001.xml,607898d54dc3354d84e215145d7d1a8b3bab47e255d842fb7506f9226784cca6,/m:mei[1]/m:meiHead[1]/m:manifestationList[1]/m:manifestation[28]/m:classification[1]/m:termList[1]/m:term[5],PASS,PASS
S4-1-0720,1,reserved_purposive,source_classification_terms,/catalogue_sources/descriptions/27/classification_terms/5,cnw0001.xml,607898d54dc3354d84e215145d7d1a8b3bab47e255d842fb7506f9226784cca6,/m:mei[1]/m:meiHead[1]/m:manifestationList[1]/m:manifestation[28]/m:classification[1]/m:termList[1]/m:term[6],PASS,PASS
S4-1-0721,1,reserved_purposive,source_publication,/catalogue_sources/descriptions/27/publication,cnw0001.xml,607898d54dc3354d84e215145d7d1a8b3bab47e255d842fb7506f9226784cca6,,PASS,PASS
S4-1-0722,1,reserved_purposive,source_publication,/catalogue_sources/descriptions/27/publication/0,cnw0001.xml,607898d54dc3354d84e215145d7d1a8b3bab47e255d842fb7506f9226784cca6,/m:mei[1]/m:meiHead[1]/m:manifestationList[1]/m:manifestation[28]/m:pubStmt[1]/m:publisher[1],PASS,PASS
S4-1-0723,1,reserved_purposive,source_publication,/catalogue_sources/descriptions/27/publication/1,cnw0001.xml,607898d54dc3354d84e215145d7d1a8b3bab47e255d842fb7506f9226784cca6,/m:mei[1]/m:meiHead[1]/m:manifestationList[1]/m:manifestation[28]/m:pubStmt[1]/m:pubPlace[1],PASS,PASS
S4-1-0724,1,reserved_purposive,source_publication,/catalogue_sources/descriptions/27/publication/2,cnw0001.xml,607898d54dc3354d84e215145d7d1a8b3bab47e255d842fb7506f9226784cca6,/m:mei[1]/m:meiHead[1]/m:manifestationList[1]/m:manifestation[28]/m:pubStmt[1]/m:date[1],PASS,PASS
S4-1-0725,1,reserved_purposive,source_physical_description,/catalogue_sources/descriptions/27/physical_description,cnw0001.xml,607898d54dc3354d84e215145d7d1a8b3bab47e255d842fb7506f9226784cca6,,PASS,PASS
S4-1-0726,1,reserved_purposive,source_notes,/catalogue_sources/descriptions/27/notes,cnw0001.xml,607898d54dc3354d84e215145d7d1a8b3bab47e255d842fb7506f9226784cca6,,PASS,PASS
S4-1-0727,1,reserved_purposive,source_links,/catalogue_sources/descriptions/27/links,cnw0001.xml,607898d54dc3354d84e215145d7d1a8b3bab47e255d842fb7506f9226784cca6,,PASS,PASS
S4-1-0728,1,reserved_purposive,source_relation,/catalogue_sources/descriptions/27/relations,cnw0001.xml,607898d54dc3354d84e215145d7d1a8b3bab47e255d842fb7506f9226784cca6,,PASS,PASS
S4-1-0729,1,reserved_purposive,source_relation,/catalogue_sources/descriptions/27/relations/0,cnw0001.xml,607898d54dc3354d84e215145d7d1a8b3bab47e255d842fb7506f9226784cca6,/m:mei[1]/m:meiHead[1]/m:manifestationList[1]/m:manifestation[28]/m:relationList[1]/m:relation[1],PASS,PASS
S4-1-0730,1,reserved_purposive,held_item_identity,/catalogue_sources/descriptions/27/held_items,cnw0001.xml,607898d54dc3354d84e215145d7d1a8b3bab47e255d842fb7506f9226784cca6,,PASS,PASS
S4-1-0731,1,reserved_purposive,source_identity,/catalogue_sources/descriptions/28,cnw0001.xml,607898d54dc3354d84e215145d7d1a8b3bab47e255d842fb7506f9226784cca6,/m:mei[1]/m:meiHead[1]/m:manifestationList[1]/m:manifestation[29],PASS,PASS
S4-1-0732,1,reserved_purposive,source_identifiers,/catalogue_sources/descriptions/28/identifiers,cnw0001.xml,607898d54dc3354d84e215145d7d1a8b3bab47e255d842fb7506f9226784cca6,,PASS,PASS
S4-1-0733,1,reserved_purposive,source_titles,/catalogue_sources/descriptions/28/titles,cnw0001.xml,607898d54dc3354d84e215145d7d1a8b3bab47e255d842fb7506f9226784cca6,,PASS,PASS
S4-1-0734,1,reserved_purposive,source_titles,/catalogue_sources/descriptions/28/titles/0,cnw0001.xml,607898d54dc3354d84e215145d7d1a8b3bab47e255d842fb7506f9226784cca6,/m:mei[1]/m:meiHead[1]/m:manifestationList[1]/m:manifestation[29]/m:titleStmt[1]/m:title[1],PASS,PASS
S4-1-0735,1,reserved_purposive,source_classification_terms,/catalogue_sources/descriptions/28/classification_terms,cnw0001.xml,607898d54dc3354d84e215145d7d1a8b3bab47e255d842fb7506f9226784cca6,,PASS,PASS
S4-1-0736,1,reserved_purposive,source_classification_terms,/catalogue_sources/descriptions/28/classification_terms/0,cnw0001.xml,607898d54dc3354d84e215145d7d1a8b3bab47e255d842fb7506f9226784cca6,/m:mei[1]/m:meiHead[1]/m:manifestationList[1]/m:manifestation[29]/m:classification[1]/m:termList[1]/m:term[1],PASS,PASS
S4-1-0737,1,reserved_purposive,source_classification_terms,/catalogue_sources/descriptions/28/classification_terms/1,cnw0001.xml,607898d54dc3354d84e215145d7d1a8b3bab47e255d842fb7506f9226784cca6,/m:mei[1]/m:meiHead[1]/m:manifestationList[1]/m:manifestation[29]/m:classification[1]/m:termList[1]/m:term[2],PASS,PASS
S4-1-0738,1,reserved_purposive,source_classification_terms,/catalogue_sources/descriptions/28/classification_terms/2,cnw0001.xml,607898d54dc3354d84e215145d7d1a8b3bab47e255d842fb7506f9226784cca6,/m:mei[1]/m:meiHead[1]/m:manifestationList[1]/m:manifestation[29]/m:classification[1]/m:termList[1]/m:term[3],PASS,PASS
S4-1-0739,1,reserved_purposive,source_classification_terms,/catalogue_sources/descriptions/28/classification_terms/3,cnw0001.xml,607898d54dc3354d84e215145d7d1a8b3bab47e255d842fb7506f9226784cca6,/m:mei[1]/m:meiHead[1]/m:manifestationList[1]/m:manifestation[29]/m:classification[1]/m:termList[1]/m:term[4],PASS,PASS
S4-1-0740,1,reserved_purposive,source_classification_terms,/catalogue_sources/descriptions/28/classification_terms/4,cnw0001.xml,607898d54dc3354d84e215145d7d1a8b3bab47e255d842fb7506f9226784cca6,/m:mei[1]/m:meiHead[1]/m:manifestationList[1]/m:manifestation[29]/m:classification[1]/m:termList[1]/m:term[5],PASS,PASS
S4-1-0741,1,reserved_purposive,source_classification_terms,/catalogue_sources/descriptions/28/classification_terms/5,cnw0001.xml,607898d54dc3354d84e215145d7d1a8b3bab47e255d842fb7506f9226784cca6,/m:mei[1]/m:meiHead[1]/m:manifestationList[1]/m:manifestation[29]/m:classification[1]/m:termList[1]/m:term[6],PASS,PASS
S4-1-0742,1,reserved_purposive,source_publication,/catalogue_sources/descriptions/28/publication,cnw0001.xml,607898d54dc3354d84e215145d7d1a8b3bab47e255d842fb7506f9226784cca6,,PASS,PASS
S4-1-0743,1,reserved_purposive,source_physical_description,/catalogue_sources/descriptions/28/physical_description,cnw0001.xml,607898d54dc3354d84e215145d7d1a8b3bab47e255d842fb7506f9226784cca6,,PASS,PASS
S4-1-0744,1,reserved_purposive,source_notes,/catalogue_sources/descriptions/28/notes,cnw0001.xml,607898d54dc3354d84e215145d7d1a8b3bab47e255d842fb7506f9226784cca6,,PASS,PASS
S4-1-0745,1,reserved_purposive,source_links,/catalogue_sources/descriptions/28/links,cnw0001.xml,607898d54dc3354d84e215145d7d1a8b3bab47e255d842fb7506f9226784cca6,,PASS,PASS
S4-1-0746,1,reserved_purposive,source_relation,/catalogue_sources/descriptions/28/relations,cnw0001.xml,607898d54dc3354d84e215145d7d1a8b3bab47e255d842fb7506f9226784cca6,,PASS,PASS
S4-1-0747,1,reserved_purposive,source_relation,/catalogue_sources/descriptions/28/relations/0,cnw0001.xml,607898d54dc3354d84e215145d7d1a8b3bab47e255d842fb7506f9226784cca6,/m:mei[1]/m:meiHead[1]/m:manifestationList[1]/m:manifestation[29]/m:relationList[1]/m:relation[1],PASS,PASS
S4-1-0748,1,reserved_purposive,held_item_identity,/catalogue_sources/descriptions/28/held_items,cnw0001.xml,607898d54dc3354d84e215145d7d1a8b3bab47e255d842fb7506f9226784cca6,,PASS,PASS
S4-1-0749,1,reserved_purposive,held_item_identity,/catalogue_sources/descriptions/28/held_items/0,cnw0001.xml,607898d54dc3354d84e215145d7d1a8b3bab47e255d842fb7506f9226784cca6,/m:mei[1]/m:meiHead[1]/m:manifestationList[1]/m:manifestation[29]/m:itemList[1]/m:item[1],PASS,PASS
S4-1-0750,1,reserved_purposive,held_item_identifiers,/catalogue_sources/descriptions/28/held_items/0/identifiers,cnw0001.xml,607898d54dc3354d84e215145d7d1a8b3bab47e255d842fb7506f9226784cca6,,PASS,PASS
S4-1-0751,1,reserved_purposive,held_item_identifiers,/catalogue_sources/descriptions/28/held_items/0/identifiers/0,cnw0001.xml,607898d54dc3354d84e215145d7d1a8b3bab47e255d842fb7506f9226784cca6,/m:mei[1]/m:meiHead[1]/m:manifestationList[1]/m:manifestation[29]/m:itemList[1]/m:item[1]/m:identifier[1],PASS,PASS
S4-1-0752,1,reserved_purposive,held_item_physical_locations,/catalogue_sources/descriptions/28/held_items/0/physical_locations,cnw0001.xml,607898d54dc3354d84e215145d7d1a8b3bab47e255d842fb7506f9226784cca6,,PASS,PASS
S4-1-0753,1,reserved_purposive,held_item_physical_locations,/catalogue_sources/descriptions/28/held_items/0/physical_locations/0,cnw0001.xml,607898d54dc3354d84e215145d7d1a8b3bab47e255d842fb7506f9226784cca6,/m:mei[1]/m:meiHead[1]/m:manifestationList[1]/m:manifestation[29]/m:itemList[1]/m:item[1]/m:physLoc[1],PASS,PASS
S4-1-0754,1,reserved_purposive,held_item_physical_description,/catalogue_sources/descriptions/28/held_items/0/physical_description,cnw0001.xml,607898d54dc3354d84e215145d7d1a8b3bab47e255d842fb7506f9226784cca6,,PASS,PASS
S4-1-0755,1,reserved_purposive,held_item_links,/catalogue_sources/descriptions/28/held_items/0/links,cnw0001.xml,607898d54dc3354d84e215145d7d1a8b3bab47e255d842fb7506f9226784cca6,,PASS,PASS
S4-1-0756,1,reserved_purposive,source_identity,/catalogue_sources/descriptions/29,cnw0001.xml,607898d54dc3354d84e215145d7d1a8b3bab47e255d842fb7506f9226784cca6,/m:mei[1]/m:meiHead[1]/m:manifestationList[1]/m:manifestation[30],PASS,PASS
S4-1-0757,1,reserved_purposive,source_identifiers,/catalogue_sources/descriptions/29/identifiers,cnw0001.xml,607898d54dc3354d84e215145d7d1a8b3bab47e255d842fb7506f9226784cca6,,PASS,PASS
S4-1-0758,1,reserved_purposive,source_titles,/catalogue_sources/descriptions/29/titles,cnw0001.xml,607898d54dc3354d84e215145d7d1a8b3bab47e255d842fb7506f9226784cca6,,PASS,PASS
S4-1-0759,1,reserved_purposive,source_titles,/catalogue_sources/descriptions/29/titles/0,cnw0001.xml,607898d54dc3354d84e215145d7d1a8b3bab47e255d842fb7506f9226784cca6,/m:mei[1]/m:meiHead[1]/m:manifestationList[1]/m:manifestation[30]/m:titleStmt[1]/m:title[1],PASS,PASS
S4-1-0760,1,reserved_purposive,source_classification_terms,/catalogue_sources/descriptions/29/classification_terms,cnw0001.xml,607898d54dc3354d84e215145d7d1a8b3bab47e255d842fb7506f9226784cca6,,PASS,PASS
S4-1-0761,1,reserved_purposive,source_classification_terms,/catalogue_sources/descriptions/29/classification_terms/0,cnw0001.xml,607898d54dc3354d84e215145d7d1a8b3bab47e255d842fb7506f9226784cca6,/m:mei[1]/m:meiHead[1]/m:manifestationList[1]/m:manifestation[30]/m:classification[1]/m:termList[1]/m:term[1],PASS,PASS
S4-1-0762,1,reserved_purposive,source_classification_terms,/catalogue_sources/descriptions/29/classification_terms/1,cnw0001.xml,607898d54dc3354d84e215145d7d1a8b3bab47e255d842fb7506f9226784cca6,/m:mei[1]/m:meiHead[1]/m:manifestationList[1]/m:manifestation[30]/m:classification[1]/m:termList[1]/m:term[2],PASS,PASS
S4-1-0763,1,reserved_purposive,source_classification_terms,/catalogue_sources/descriptions/29/classification_terms/2,cnw0001.xml,607898d54dc3354d84e215145d7d1a8b3bab47e255d842fb7506f9226784cca6,/m:mei[1]/m:meiHead[1]/m:manifestationList[1]/m:manifestation[30]/m:classification[1]/m:termList[1]/m:term[3],PASS,PASS
S4-1-0764,1,reserved_purposive,source_classification_terms,/catalogue_sources/descriptions/29/classification_terms/3,cnw0001.xml,607898d54dc3354d84e215145d7d1a8b3bab47e255d842fb7506f9226784cca6,/m:mei[1]/m:meiHead[1]/m:manifestationList[1]/m:manifestation[30]/m:classification[1]/m:termList[1]/m:term[4],PASS,PASS
S4-1-0765,1,reserved_purposive,source_classification_terms,/catalogue_sources/descriptions/29/classification_terms/4,cnw0001.xml,607898d54dc3354d84e215145d7d1a8b3bab47e255d842fb7506f9226784cca6,/m:mei[1]/m:meiHead[1]/m:manifestationList[1]/m:manifestation[30]/m:classification[1]/m:termList[1]/m:term[5],PASS,PASS
S4-1-0766,1,reserved_purposive,source_classification_terms,/catalogue_sources/descriptions/29/classification_terms/5,cnw0001.xml,607898d54dc3354d84e215145d7d1a8b3bab47e255d842fb7506f9226784cca6,/m:mei[1]/m:meiHead[1]/m:manifestationList[1]/m:manifestation[30]/m:classification[1]/m:termList[1]/m:term[6],PASS,PASS
S4-1-0767,1,reserved_purposive,source_publication,/catalogue_sources/descriptions/29/publication,cnw0001.xml,607898d54dc3354d84e215145d7d1a8b3bab47e255d842fb7506f9226784cca6,,PASS,PASS
S4-1-0768,1,reserved_purposive,source_physical_description,/catalogue_sources/descriptions/29/physical_description,cnw0001.xml,607898d54dc3354d84e215145d7d1a8b3bab47e255d842fb7506f9226784cca6,,PASS,PASS
S4-1-0769,1,reserved_purposive,source_notes,/catalogue_sources/descriptions/29/notes,cnw0001.xml,607898d54dc3354d84e215145d7d1a8b3bab47e255d842fb7506f9226784cca6,,PASS,PASS
S4-1-0770,1,reserved_purposive,source_links,/catalogue_sources/descriptions/29/links,cnw0001.xml,607898d54dc3354d84e215145d7d1a8b3bab47e255d842fb7506f9226784cca6,,PASS,PASS
S4-1-0771,1,reserved_purposive,source_relation,/catalogue_sources/descriptions/29/relations,cnw0001.xml,607898d54dc3354d84e215145d7d1a8b3bab47e255d842fb7506f9226784cca6,,PASS,PASS
S4-1-0772,1,reserved_purposive,source_relation,/catalogue_sources/descriptions/29/relations/0,cnw0001.xml,607898d54dc3354d84e215145d7d1a8b3bab47e255d842fb7506f9226784cca6,/m:mei[1]/m:meiHead[1]/m:manifestationList[1]/m:manifestation[30]/m:relationList[1]/m:relation[1],PASS,PASS
S4-1-0773,1,reserved_purposive,held_item_identity,/catalogue_sources/descriptions/29/held_items,cnw0001.xml,607898d54dc3354d84e215145d7d1a8b3bab47e255d842fb7506f9226784cca6,,PASS,PASS
S4-1-0774,1,reserved_purposive,held_item_identity,/catalogue_sources/descriptions/29/held_items/0,cnw0001.xml,607898d54dc3354d84e215145d7d1a8b3bab47e255d842fb7506f9226784cca6,/m:mei[1]/m:meiHead[1]/m:manifestationList[1]/m:manifestation[30]/m:itemList[1]/m:item[1],PASS,PASS
S4-1-0775,1,reserved_purposive,held_item_identifiers,/catalogue_sources/descriptions/29/held_items/0/identifiers,cnw0001.xml,607898d54dc3354d84e215145d7d1a8b3bab47e255d842fb7506f9226784cca6,,PASS,PASS
S4-1-0776,1,reserved_purposive,held_item_identifiers,/catalogue_sources/descriptions/29/held_items/0/identifiers/0,cnw0001.xml,607898d54dc3354d84e215145d7d1a8b3bab47e255d842fb7506f9226784cca6,/m:mei[1]/m:meiHead[1]/m:manifestationList[1]/m:manifestation[30]/m:itemList[1]/m:item[1]/m:identifier[1],PASS,PASS
S4-1-0777,1,reserved_purposive,held_item_physical_locations,/catalogue_sources/descriptions/29/held_items/0/physical_locations,cnw0001.xml,607898d54dc3354d84e215145d7d1a8b3bab47e255d842fb7506f9226784cca6,,PASS,PASS
S4-1-0778,1,reserved_purposive,held_item_physical_locations,/catalogue_sources/descriptions/29/held_items/0/physical_locations/0,cnw0001.xml,607898d54dc3354d84e215145d7d1a8b3bab47e255d842fb7506f9226784cca6,/m:mei[1]/m:meiHead[1]/m:manifestationList[1]/m:manifestation[30]/m:itemList[1]/m:item[1]/m:physLoc[1],PASS,PASS
S4-1-0779,1,reserved_purposive,held_item_physical_description,/catalogue_sources/descriptions/29/held_items/0/physical_description,cnw0001.xml,607898d54dc3354d84e215145d7d1a8b3bab47e255d842fb7506f9226784cca6,,PASS,PASS
S4-1-0780,1,reserved_purposive,held_item_links,/catalogue_sources/descriptions/29/held_items/0/links,cnw0001.xml,607898d54dc3354d84e215145d7d1a8b3bab47e255d842fb7506f9226784cca6,,PASS,PASS
S4-1-0781,1,reserved_purposive,source_identity,/catalogue_sources/descriptions/30,cnw0001.xml,607898d54dc3354d84e215145d7d1a8b3bab47e255d842fb7506f9226784cca6,/m:mei[1]/m:meiHead[1]/m:manifestationList[1]/m:manifestation[31],PASS,PASS
S4-1-0782,1,reserved_purposive,source_identifiers,/catalogue_sources/descriptions/30/identifiers,cnw0001.xml,607898d54dc3354d84e215145d7d1a8b3bab47e255d842fb7506f9226784cca6,,PASS,PASS
S4-1-0783,1,reserved_purposive,source_identifiers,/catalogue_sources/descriptions/30/identifiers/0,cnw0001.xml,607898d54dc3354d84e215145d7d1a8b3bab47e255d842fb7506f9226784cca6,/m:mei[1]/m:meiHead[1]/m:manifestationList[1]/m:manifestation[31]/m:identifier[1],PASS,PASS
S4-1-0784,1,reserved_purposive,source_titles,/catalogue_sources/descriptions/30/titles,cnw0001.xml,607898d54dc3354d84e215145d7d1a8b3bab47e255d842fb7506f9226784cca6,,PASS,PASS
S4-1-0785,1,reserved_purposive,source_titles,/catalogue_sources/descriptions/30/titles/0,cnw0001.xml,607898d54dc3354d84e215145d7d1a8b3bab47e255d842fb7506f9226784cca6,/m:mei[1]/m:meiHead[1]/m:manifestationList[1]/m:manifestation[31]/m:titleStmt[1]/m:title[1],PASS,PASS
S4-1-0786,1,reserved_purposive,source_classification_terms,/catalogue_sources/descriptions/30/classification_terms,cnw0001.xml,607898d54dc3354d84e215145d7d1a8b3bab47e255d842fb7506f9226784cca6,,PASS,PASS
S4-1-0787,1,reserved_purposive,source_classification_terms,/catalogue_sources/descriptions/30/classification_terms/0,cnw0001.xml,607898d54dc3354d84e215145d7d1a8b3bab47e255d842fb7506f9226784cca6,/m:mei[1]/m:meiHead[1]/m:manifestationList[1]/m:manifestation[31]/m:classification[1]/m:termList[1]/m:term[1],PASS,PASS
S4-1-0788,1,reserved_purposive,source_classification_terms,/catalogue_sources/descriptions/30/classification_terms/1,cnw0001.xml,607898d54dc3354d84e215145d7d1a8b3bab47e255d842fb7506f9226784cca6,/m:mei[1]/m:meiHead[1]/m:manifestationList[1]/m:manifestation[31]/m:classification[1]/m:termList[1]/m:term[2],PASS,PASS
S4-1-0789,1,reserved_purposive,source_classification_terms,/catalogue_sources/descriptions/30/classification_terms/2,cnw0001.xml,607898d54dc3354d84e215145d7d1a8b3bab47e255d842fb7506f9226784cca6,/m:mei[1]/m:meiHead[1]/m:manifestationList[1]/m:manifestation[31]/m:classification[1]/m:termList[1]/m:term[3],PASS,PASS
S4-1-0790,1,reserved_purposive,source_classification_terms,/catalogue_sources/descriptions/30/classification_terms/3,cnw0001.xml,607898d54dc3354d84e215145d7d1a8b3bab47e255d842fb7506f9226784cca6,/m:mei[1]/m:meiHead[1]/m:manifestationList[1]/m:manifestation[31]/m:classification[1]/m:termList[1]/m:term[4],PASS,PASS
S4-1-0791,1,reserved_purposive,source_classification_terms,/catalogue_sources/descriptions/30/classification_terms/4,cnw0001.xml,607898d54dc3354d84e215145d7d1a8b3bab47e255d842fb7506f9226784cca6,/m:mei[1]/m:meiHead[1]/m:manifestationList[1]/m:manifestation[31]/m:classification[1]/m:termList[1]/m:term[5],PASS,PASS
S4-1-0792,1,reserved_purposive,source_classification_terms,/catalogue_sources/descriptions/30/classification_terms/5,cnw0001.xml,607898d54dc3354d84e215145d7d1a8b3bab47e255d842fb7506f9226784cca6,/m:mei[1]/m:meiHead[1]/m:manifestationList[1]/m:manifestation[31]/m:classification[1]/m:termList[1]/m:term[6],PASS,PASS
S4-1-0793,1,reserved_purposive,source_publication,/catalogue_sources/descriptions/30/publication,cnw0001.xml,607898d54dc3354d84e215145d7d1a8b3bab47e255d842fb7506f9226784cca6,,PASS,PASS
S4-1-0794,1,reserved_purposive,source_publication,/catalogue_sources/descriptions/30/publication/0,cnw0001.xml,607898d54dc3354d84e215145d7d1a8b3bab47e255d842fb7506f9226784cca6,/m:mei[1]/m:meiHead[1]/m:manifestationList[1]/m:manifestation[31]/m:pubStmt[1]/m:publisher[1],PASS,PASS
S4-1-0795,1,reserved_purposive,source_publication,/catalogue_sources/descriptions/30/publication/1,cnw0001.xml,607898d54dc3354d84e215145d7d1a8b3bab47e255d842fb7506f9226784cca6,/m:mei[1]/m:meiHead[1]/m:manifestationList[1]/m:manifestation[31]/m:pubStmt[1]/m:pubPlace[1],PASS,PASS
S4-1-0796,1,reserved_purposive,source_publication,/catalogue_sources/descriptions/30/publication/2,cnw0001.xml,607898d54dc3354d84e215145d7d1a8b3bab47e255d842fb7506f9226784cca6,/m:mei[1]/m:meiHead[1]/m:manifestationList[1]/m:manifestation[31]/m:pubStmt[1]/m:date[1],PASS,PASS
S4-1-0797,1,reserved_purposive,source_physical_description,/catalogue_sources/descriptions/30/physical_description,cnw0001.xml,607898d54dc3354d84e215145d7d1a8b3bab47e255d842fb7506f9226784cca6,,PASS,PASS
S4-1-0798,1,reserved_purposive,source_physical_description,/catalogue_sources/descriptions/30/physical_description/0,cnw0001.xml,607898d54dc3354d84e215145d7d1a8b3bab47e255d842fb7506f9226784cca6,/m:mei[1]/m:meiHead[1]/m:manifestationList[1]/m:manifestation[31]/m:physDesc[1]/m:titlePage[1],PASS,PASS
S4-1-0799,1,reserved_purposive,source_notes,/catalogue_sources/descriptions/30/notes,cnw0001.xml,607898d54dc3354d84e215145d7d1a8b3bab47e255d842fb7506f9226784cca6,,PASS,PASS
S4-1-0800,1,reserved_purposive,source_links,/catalogue_sources/descriptions/30/links,cnw0001.xml,607898d54dc3354d84e215145d7d1a8b3bab47e255d842fb7506f9226784cca6,,PASS,PASS
S4-1-0801,1,reserved_purposive,source_relation,/catalogue_sources/descriptions/30/relations,cnw0001.xml,607898d54dc3354d84e215145d7d1a8b3bab47e255d842fb7506f9226784cca6,,PASS,PASS
S4-1-0802,1,reserved_purposive,source_relation,/catalogue_sources/descriptions/30/relations/0,cnw0001.xml,607898d54dc3354d84e215145d7d1a8b3bab47e255d842fb7506f9226784cca6,/m:mei[1]/m:meiHead[1]/m:manifestationList[1]/m:manifestation[31]/m:relationList[1]/m:relation[1],PASS,PASS
S4-1-0803,1,reserved_purposive,held_item_identity,/catalogue_sources/descriptions/30/held_items,cnw0001.xml,607898d54dc3354d84e215145d7d1a8b3bab47e255d842fb7506f9226784cca6,,PASS,PASS
S4-1-0804,1,reserved_purposive,source_identity,/catalogue_sources/descriptions/31,cnw0001.xml,607898d54dc3354d84e215145d7d1a8b3bab47e255d842fb7506f9226784cca6,/m:mei[1]/m:meiHead[1]/m:manifestationList[1]/m:manifestation[32],PASS,PASS
S4-1-0805,1,reserved_purposive,source_identifiers,/catalogue_sources/descriptions/31/identifiers,cnw0001.xml,607898d54dc3354d84e215145d7d1a8b3bab47e255d842fb7506f9226784cca6,,PASS,PASS
S4-1-0806,1,reserved_purposive,source_identifiers,/catalogue_sources/descriptions/31/identifiers/0,cnw0001.xml,607898d54dc3354d84e215145d7d1a8b3bab47e255d842fb7506f9226784cca6,/m:mei[1]/m:meiHead[1]/m:manifestationList[1]/m:manifestation[32]/m:identifier[1],PASS,PASS
S4-1-0807,1,reserved_purposive,source_titles,/catalogue_sources/descriptions/31/titles,cnw0001.xml,607898d54dc3354d84e215145d7d1a8b3bab47e255d842fb7506f9226784cca6,,PASS,PASS
S4-1-0808,1,reserved_purposive,source_titles,/catalogue_sources/descriptions/31/titles/0,cnw0001.xml,607898d54dc3354d84e215145d7d1a8b3bab47e255d842fb7506f9226784cca6,/m:mei[1]/m:meiHead[1]/m:manifestationList[1]/m:manifestation[32]/m:titleStmt[1]/m:title[1],PASS,PASS
S4-1-0809,1,reserved_purposive,source_classification_terms,/catalogue_sources/descriptions/31/classification_terms,cnw0001.xml,607898d54dc3354d84e215145d7d1a8b3bab47e255d842fb7506f9226784cca6,,PASS,PASS
S4-1-0810,1,reserved_purposive,source_classification_terms,/catalogue_sources/descriptions/31/classification_terms/0,cnw0001.xml,607898d54dc3354d84e215145d7d1a8b3bab47e255d842fb7506f9226784cca6,/m:mei[1]/m:meiHead[1]/m:manifestationList[1]/m:manifestation[32]/m:classification[1]/m:termList[1]/m:term[1],PASS,PASS
S4-1-0811,1,reserved_purposive,source_classification_terms,/catalogue_sources/descriptions/31/classification_terms/1,cnw0001.xml,607898d54dc3354d84e215145d7d1a8b3bab47e255d842fb7506f9226784cca6,/m:mei[1]/m:meiHead[1]/m:manifestationList[1]/m:manifestation[32]/m:classification[1]/m:termList[1]/m:term[2],PASS,PASS
S4-1-0812,1,reserved_purposive,source_classification_terms,/catalogue_sources/descriptions/31/classification_terms/2,cnw0001.xml,607898d54dc3354d84e215145d7d1a8b3bab47e255d842fb7506f9226784cca6,/m:mei[1]/m:meiHead[1]/m:manifestationList[1]/m:manifestation[32]/m:classification[1]/m:termList[1]/m:term[3],PASS,PASS
S4-1-0813,1,reserved_purposive,source_classification_terms,/catalogue_sources/descriptions/31/classification_terms/3,cnw0001.xml,607898d54dc3354d84e215145d7d1a8b3bab47e255d842fb7506f9226784cca6,/m:mei[1]/m:meiHead[1]/m:manifestationList[1]/m:manifestation[32]/m:classification[1]/m:termList[1]/m:term[4],PASS,PASS
S4-1-0814,1,reserved_purposive,source_classification_terms,/catalogue_sources/descriptions/31/classification_terms/4,cnw0001.xml,607898d54dc3354d84e215145d7d1a8b3bab47e255d842fb7506f9226784cca6,/m:mei[1]/m:meiHead[1]/m:manifestationList[1]/m:manifestation[32]/m:classification[1]/m:termList[1]/m:term[5],PASS,PASS
S4-1-0815,1,reserved_purposive,source_classification_terms,/catalogue_sources/descriptions/31/classification_terms/5,cnw0001.xml,607898d54dc3354d84e215145d7d1a8b3bab47e255d842fb7506f9226784cca6,/m:mei[1]/m:meiHead[1]/m:manifestationList[1]/m:manifestation[32]/m:classification[1]/m:termList[1]/m:term[6],PASS,PASS
S4-1-0816,1,reserved_purposive,source_publication,/catalogue_sources/descriptions/31/publication,cnw0001.xml,607898d54dc3354d84e215145d7d1a8b3bab47e255d842fb7506f9226784cca6,,PASS,PASS
S4-1-0817,1,reserved_purposive,source_publication,/catalogue_sources/descriptions/31/publication/0,cnw0001.xml,607898d54dc3354d84e215145d7d1a8b3bab47e255d842fb7506f9226784cca6,/m:mei[1]/m:meiHead[1]/m:manifestationList[1]/m:manifestation[32]/m:pubStmt[1]/m:publisher[1],PASS,PASS
S4-1-0818,1,reserved_purposive,source_publication,/catalogue_sources/descriptions/31/publication/1,cnw0001.xml,607898d54dc3354d84e215145d7d1a8b3bab47e255d842fb7506f9226784cca6,/m:mei[1]/m:meiHead[1]/m:manifestationList[1]/m:manifestation[32]/m:pubStmt[1]/m:pubPlace[1],PASS,PASS
S4-1-0819,1,reserved_purposive,source_publication,/catalogue_sources/descriptions/31/publication/2,cnw0001.xml,607898d54dc3354d84e215145d7d1a8b3bab47e255d842fb7506f9226784cca6,/m:mei[1]/m:meiHead[1]/m:manifestationList[1]/m:manifestation[32]/m:pubStmt[1]/m:date[1],PASS,PASS
S4-1-0820,1,reserved_purposive,source_physical_description,/catalogue_sources/descriptions/31/physical_description,cnw0001.xml,607898d54dc3354d84e215145d7d1a8b3bab47e255d842fb7506f9226784cca6,,PASS,PASS
S4-1-0821,1,reserved_purposive,source_physical_description,/catalogue_sources/descriptions/31/physical_description/0,cnw0001.xml,607898d54dc3354d84e215145d7d1a8b3bab47e255d842fb7506f9226784cca6,/m:mei[1]/m:meiHead[1]/m:manifestationList[1]/m:manifestation[32]/m:physDesc[1]/m:titlePage[1],PASS,PASS
S4-1-0822,1,reserved_purposive,source_notes,/catalogue_sources/descriptions/31/notes,cnw0001.xml,607898d54dc3354d84e215145d7d1a8b3bab47e255d842fb7506f9226784cca6,,PASS,PASS
S4-1-0823,1,reserved_purposive,source_links,/catalogue_sources/descriptions/31/links,cnw0001.xml,607898d54dc3354d84e215145d7d1a8b3bab47e255d842fb7506f9226784cca6,,PASS,PASS
S4-1-0824,1,reserved_purposive,source_relation,/catalogue_sources/descriptions/31/relations,cnw0001.xml,607898d54dc3354d84e215145d7d1a8b3bab47e255d842fb7506f9226784cca6,,PASS,PASS
S4-1-0825,1,reserved_purposive,source_relation,/catalogue_sources/descriptions/31/relations/0,cnw0001.xml,607898d54dc3354d84e215145d7d1a8b3bab47e255d842fb7506f9226784cca6,/m:mei[1]/m:meiHead[1]/m:manifestationList[1]/m:manifestation[32]/m:relationList[1]/m:relation[1],PASS,PASS
S4-1-0826,1,reserved_purposive,held_item_identity,/catalogue_sources/descriptions/31/held_items,cnw0001.xml,607898d54dc3354d84e215145d7d1a8b3bab47e255d842fb7506f9226784cca6,,PASS,PASS
S4-17-0001,17,development_regression,work_display,/title,cnw0017.xml,59a7c5ab35c7949ccb4fcdfba0a7452b109c891c80d848fd02e2ec2eb8f422df,,PASS,PASS
S4-17-0002,17,development_regression,work_display,/display_title_policy,cnw0017.xml,59a7c5ab35c7949ccb4fcdfba0a7452b109c891c80d848fd02e2ec2eb8f422df,,PASS,PASS
S4-17-0003,17,development_regression,work_classification,/genre,cnw0017.xml,59a7c5ab35c7949ccb4fcdfba0a7452b109c891c80d848fd02e2ec2eb8f422df,,PASS,PASS
S4-17-0004,17,development_regression,work_title,/titles,cnw0017.xml,59a7c5ab35c7949ccb4fcdfba0a7452b109c891c80d848fd02e2ec2eb8f422df,,PASS,PASS
S4-17-0005,17,development_regression,work_title,/titles/0,cnw0017.xml,59a7c5ab35c7949ccb4fcdfba0a7452b109c891c80d848fd02e2ec2eb8f422df,/m:mei[1]/m:meiHead[1]/m:workList[1]/m:work[1]/m:title[1],PASS,PASS
S4-17-0006,17,development_regression,work_title,/titles/1,cnw0017.xml,59a7c5ab35c7949ccb4fcdfba0a7452b109c891c80d848fd02e2ec2eb8f422df,/m:mei[1]/m:meiHead[1]/m:workList[1]/m:work[1]/m:title[2],PASS,PASS
S4-17-0007,17,development_regression,work_title,/titles/2,cnw0017.xml,59a7c5ab35c7949ccb4fcdfba0a7452b109c891c80d848fd02e2ec2eb8f422df,/m:mei[1]/m:meiHead[1]/m:workList[1]/m:work[1]/m:title[3],PASS,PASS
S4-17-0008,17,development_regression,work_title,/titles/3,cnw0017.xml,59a7c5ab35c7949ccb4fcdfba0a7452b109c891c80d848fd02e2ec2eb8f422df,/m:mei[1]/m:meiHead[1]/m:workList[1]/m:work[1]/m:title[4],PASS,PASS
S4-17-0009,17,development_regression,work_classification,/classification_terms,cnw0017.xml,59a7c5ab35c7949ccb4fcdfba0a7452b109c891c80d848fd02e2ec2eb8f422df,,PASS,PASS
S4-17-0010,17,development_regression,work_classification,/classification_terms/0,cnw0017.xml,59a7c5ab35c7949ccb4fcdfba0a7452b109c891c80d848fd02e2ec2eb8f422df,/m:mei[1]/m:meiHead[1]/m:workList[1]/m:work[1]/m:classification[1]/m:termList[1]/m:term[1],PASS,PASS
S4-17-0011,17,development_regression,work_classification,/classification_terms/1,cnw0017.xml,59a7c5ab35c7949ccb4fcdfba0a7452b109c891c80d848fd02e2ec2eb8f422df,/m:mei[1]/m:meiHead[1]/m:workList[1]/m:work[1]/m:classification[1]/m:termList[1]/m:term[2],PASS,PASS
S4-17-0012,17,development_regression,work_classification,/classification_terms/2,cnw0017.xml,59a7c5ab35c7949ccb4fcdfba0a7452b109c891c80d848fd02e2ec2eb8f422df,/m:mei[1]/m:meiHead[1]/m:workList[1]/m:work[1]/m:classification[1]/m:termList[1]/m:term[3],PASS,PASS
S4-17-0013,17,development_regression,work_classification,/classification_terms/3,cnw0017.xml,59a7c5ab35c7949ccb4fcdfba0a7452b109c891c80d848fd02e2ec2eb8f422df,/m:mei[1]/m:meiHead[1]/m:workList[1]/m:work[1]/m:classification[1]/m:termList[1]/m:term[4],PASS,PASS
S4-17-0014,17,development_regression,work_classification,/classification_terms/4,cnw0017.xml,59a7c5ab35c7949ccb4fcdfba0a7452b109c891c80d848fd02e2ec2eb8f422df,/m:mei[1]/m:meiHead[1]/m:workList[1]/m:work[1]/m:classification[1]/m:termList[1]/m:term[5],PASS,PASS
S4-17-0015,17,development_regression,work_classification,/classification_terms/5,cnw0017.xml,59a7c5ab35c7949ccb4fcdfba0a7452b109c891c80d848fd02e2ec2eb8f422df,/m:mei[1]/m:meiHead[1]/m:workList[1]/m:work[1]/m:classification[1]/m:termList[1]/m:term[6],PASS,PASS
S4-17-0016,17,development_regression,document_identity,/catalogue_sources/document,cnw0017.xml,59a7c5ab35c7949ccb4fcdfba0a7452b109c891c80d848fd02e2ec2eb8f422df,,PASS,PASS
S4-17-0017,17,development_regression,projection_state,/catalogue_sources/projection,cnw0017.xml,59a7c5ab35c7949ccb4fcdfba0a7452b109c891c80d848fd02e2ec2eb8f422df,,PASS,PASS
S4-17-0018,17,development_regression,source_identity,/catalogue_sources/descriptions,cnw0017.xml,59a7c5ab35c7949ccb4fcdfba0a7452b109c891c80d848fd02e2ec2eb8f422df,,PASS,PASS
S4-17-0019,17,development_regression,source_identity,/catalogue_sources/descriptions/0,cnw0017.xml,59a7c5ab35c7949ccb4fcdfba0a7452b109c891c80d848fd02e2ec2eb8f422df,/m:mei[1]/m:meiHead[1]/m:manifestationList[1]/m:manifestation[1],PASS,PASS
S4-17-0020,17,development_regression,source_identifiers,/catalogue_sources/descriptions/0/identifiers,cnw0017.xml,59a7c5ab35c7949ccb4fcdfba0a7452b109c891c80d848fd02e2ec2eb8f422df,,PASS,PASS
S4-17-0021,17,development_regression,source_titles,/catalogue_sources/descriptions/0/titles,cnw0017.xml,59a7c5ab35c7949ccb4fcdfba0a7452b109c891c80d848fd02e2ec2eb8f422df,,PASS,PASS
S4-17-0022,17,development_regression,source_titles,/catalogue_sources/descriptions/0/titles/0,cnw0017.xml,59a7c5ab35c7949ccb4fcdfba0a7452b109c891c80d848fd02e2ec2eb8f422df,/m:mei[1]/m:meiHead[1]/m:manifestationList[1]/m:manifestation[1]/m:titleStmt[1]/m:title[1],PASS,PASS
S4-17-0023,17,development_regression,source_classification_terms,/catalogue_sources/descriptions/0/classification_terms,cnw0017.xml,59a7c5ab35c7949ccb4fcdfba0a7452b109c891c80d848fd02e2ec2eb8f422df,,PASS,PASS
S4-17-0024,17,development_regression,source_classification_terms,/catalogue_sources/descriptions/0/classification_terms/0,cnw0017.xml,59a7c5ab35c7949ccb4fcdfba0a7452b109c891c80d848fd02e2ec2eb8f422df,/m:mei[1]/m:meiHead[1]/m:manifestationList[1]/m:manifestation[1]/m:classification[1]/m:termList[1]/m:term[1],PASS,PASS
S4-17-0025,17,development_regression,source_classification_terms,/catalogue_sources/descriptions/0/classification_terms/1,cnw0017.xml,59a7c5ab35c7949ccb4fcdfba0a7452b109c891c80d848fd02e2ec2eb8f422df,/m:mei[1]/m:meiHead[1]/m:manifestationList[1]/m:manifestation[1]/m:classification[1]/m:termList[1]/m:term[2],PASS,PASS
S4-17-0026,17,development_regression,source_classification_terms,/catalogue_sources/descriptions/0/classification_terms/2,cnw0017.xml,59a7c5ab35c7949ccb4fcdfba0a7452b109c891c80d848fd02e2ec2eb8f422df,/m:mei[1]/m:meiHead[1]/m:manifestationList[1]/m:manifestation[1]/m:classification[1]/m:termList[1]/m:term[3],PASS,PASS
S4-17-0027,17,development_regression,source_classification_terms,/catalogue_sources/descriptions/0/classification_terms/3,cnw0017.xml,59a7c5ab35c7949ccb4fcdfba0a7452b109c891c80d848fd02e2ec2eb8f422df,/m:mei[1]/m:meiHead[1]/m:manifestationList[1]/m:manifestation[1]/m:classification[1]/m:termList[1]/m:term[4],PASS,PASS
S4-17-0028,17,development_regression,source_classification_terms,/catalogue_sources/descriptions/0/classification_terms/4,cnw0017.xml,59a7c5ab35c7949ccb4fcdfba0a7452b109c891c80d848fd02e2ec2eb8f422df,/m:mei[1]/m:meiHead[1]/m:manifestationList[1]/m:manifestation[1]/m:classification[1]/m:termList[1]/m:term[5],PASS,PASS
S4-17-0029,17,development_regression,source_classification_terms,/catalogue_sources/descriptions/0/classification_terms/5,cnw0017.xml,59a7c5ab35c7949ccb4fcdfba0a7452b109c891c80d848fd02e2ec2eb8f422df,/m:mei[1]/m:meiHead[1]/m:manifestationList[1]/m:manifestation[1]/m:classification[1]/m:termList[1]/m:term[6],PASS,PASS
S4-17-0030,17,development_regression,source_publication,/catalogue_sources/descriptions/0/publication,cnw0017.xml,59a7c5ab35c7949ccb4fcdfba0a7452b109c891c80d848fd02e2ec2eb8f422df,,PASS,PASS
S4-17-0031,17,development_regression,source_physical_description,/catalogue_sources/descriptions/0/physical_description,cnw0017.xml,59a7c5ab35c7949ccb4fcdfba0a7452b109c891c80d848fd02e2ec2eb8f422df,,PASS,PASS
S4-17-0032,17,development_regression,source_notes,/catalogue_sources/descriptions/0/notes,cnw0017.xml,59a7c5ab35c7949ccb4fcdfba0a7452b109c891c80d848fd02e2ec2eb8f422df,,PASS,PASS
S4-17-0033,17,development_regression,source_links,/catalogue_sources/descriptions/0/links,cnw0017.xml,59a7c5ab35c7949ccb4fcdfba0a7452b109c891c80d848fd02e2ec2eb8f422df,,PASS,PASS
S4-17-0034,17,development_regression,source_relation,/catalogue_sources/descriptions/0/relations,cnw0017.xml,59a7c5ab35c7949ccb4fcdfba0a7452b109c891c80d848fd02e2ec2eb8f422df,,PASS,PASS
S4-17-0035,17,development_regression,source_relation,/catalogue_sources/descriptions/0/relations/0,cnw0017.xml,59a7c5ab35c7949ccb4fcdfba0a7452b109c891c80d848fd02e2ec2eb8f422df,/m:mei[1]/m:meiHead[1]/m:manifestationList[1]/m:manifestation[1]/m:relationList[1]/m:relation[1],PASS,PASS
S4-17-0036,17,development_regression,held_item_identity,/catalogue_sources/descriptions/0/held_items,cnw0017.xml,59a7c5ab35c7949ccb4fcdfba0a7452b109c891c80d848fd02e2ec2eb8f422df,,PASS,PASS
S4-17-0037,17,development_regression,held_item_identity,/catalogue_sources/descriptions/0/held_items/0,cnw0017.xml,59a7c5ab35c7949ccb4fcdfba0a7452b109c891c80d848fd02e2ec2eb8f422df,/m:mei[1]/m:meiHead[1]/m:manifestationList[1]/m:manifestation[1]/m:itemList[1]/m:item[1],PASS,PASS
S4-17-0038,17,development_regression,held_item_identifiers,/catalogue_sources/descriptions/0/held_items/0/identifiers,cnw0017.xml,59a7c5ab35c7949ccb4fcdfba0a7452b109c891c80d848fd02e2ec2eb8f422df,,PASS,PASS
S4-17-0039,17,development_regression,held_item_identifiers,/catalogue_sources/descriptions/0/held_items/0/identifiers/0,cnw0017.xml,59a7c5ab35c7949ccb4fcdfba0a7452b109c891c80d848fd02e2ec2eb8f422df,/m:mei[1]/m:meiHead[1]/m:manifestationList[1]/m:manifestation[1]/m:itemList[1]/m:item[1]/m:identifier[1],PASS,PASS
S4-17-0040,17,development_regression,held_item_physical_locations,/catalogue_sources/descriptions/0/held_items/0/physical_locations,cnw0017.xml,59a7c5ab35c7949ccb4fcdfba0a7452b109c891c80d848fd02e2ec2eb8f422df,,PASS,PASS
S4-17-0041,17,development_regression,held_item_physical_locations,/catalogue_sources/descriptions/0/held_items/0/physical_locations/0,cnw0017.xml,59a7c5ab35c7949ccb4fcdfba0a7452b109c891c80d848fd02e2ec2eb8f422df,/m:mei[1]/m:meiHead[1]/m:manifestationList[1]/m:manifestation[1]/m:itemList[1]/m:item[1]/m:physLoc[1],PASS,PASS
S4-17-0042,17,development_regression,held_item_physical_description,/catalogue_sources/descriptions/0/held_items/0/physical_description,cnw0017.xml,59a7c5ab35c7949ccb4fcdfba0a7452b109c891c80d848fd02e2ec2eb8f422df,,PASS,PASS
S4-17-0043,17,development_regression,held_item_links,/catalogue_sources/descriptions/0/held_items/0/links,cnw0017.xml,59a7c5ab35c7949ccb4fcdfba0a7452b109c891c80d848fd02e2ec2eb8f422df,,PASS,PASS
S4-17-0044,17,development_regression,source_identity,/catalogue_sources/descriptions/1,cnw0017.xml,59a7c5ab35c7949ccb4fcdfba0a7452b109c891c80d848fd02e2ec2eb8f422df,/m:mei[1]/m:meiHead[1]/m:manifestationList[1]/m:manifestation[2],PASS,PASS
S4-17-0045,17,development_regression,source_identifiers,/catalogue_sources/descriptions/1/identifiers,cnw0017.xml,59a7c5ab35c7949ccb4fcdfba0a7452b109c891c80d848fd02e2ec2eb8f422df,,PASS,PASS
S4-17-0046,17,development_regression,source_titles,/catalogue_sources/descriptions/1/titles,cnw0017.xml,59a7c5ab35c7949ccb4fcdfba0a7452b109c891c80d848fd02e2ec2eb8f422df,,PASS,PASS
S4-17-0047,17,development_regression,source_titles,/catalogue_sources/descriptions/1/titles/0,cnw0017.xml,59a7c5ab35c7949ccb4fcdfba0a7452b109c891c80d848fd02e2ec2eb8f422df,/m:mei[1]/m:meiHead[1]/m:manifestationList[1]/m:manifestation[2]/m:titleStmt[1]/m:title[1],PASS,PASS
S4-17-0048,17,development_regression,source_classification_terms,/catalogue_sources/descriptions/1/classification_terms,cnw0017.xml,59a7c5ab35c7949ccb4fcdfba0a7452b109c891c80d848fd02e2ec2eb8f422df,,PASS,PASS
S4-17-0049,17,development_regression,source_classification_terms,/catalogue_sources/descriptions/1/classification_terms/0,cnw0017.xml,59a7c5ab35c7949ccb4fcdfba0a7452b109c891c80d848fd02e2ec2eb8f422df,/m:mei[1]/m:meiHead[1]/m:manifestationList[1]/m:manifestation[2]/m:classification[1]/m:termList[1]/m:term[1],PASS,PASS
S4-17-0050,17,development_regression,source_classification_terms,/catalogue_sources/descriptions/1/classification_terms/1,cnw0017.xml,59a7c5ab35c7949ccb4fcdfba0a7452b109c891c80d848fd02e2ec2eb8f422df,/m:mei[1]/m:meiHead[1]/m:manifestationList[1]/m:manifestation[2]/m:classification[1]/m:termList[1]/m:term[2],PASS,PASS
S4-17-0051,17,development_regression,source_classification_terms,/catalogue_sources/descriptions/1/classification_terms/2,cnw0017.xml,59a7c5ab35c7949ccb4fcdfba0a7452b109c891c80d848fd02e2ec2eb8f422df,/m:mei[1]/m:meiHead[1]/m:manifestationList[1]/m:manifestation[2]/m:classification[1]/m:termList[1]/m:term[3],PASS,PASS
S4-17-0052,17,development_regression,source_classification_terms,/catalogue_sources/descriptions/1/classification_terms/3,cnw0017.xml,59a7c5ab35c7949ccb4fcdfba0a7452b109c891c80d848fd02e2ec2eb8f422df,/m:mei[1]/m:meiHead[1]/m:manifestationList[1]/m:manifestation[2]/m:classification[1]/m:termList[1]/m:term[4],PASS,PASS
S4-17-0053,17,development_regression,source_classification_terms,/catalogue_sources/descriptions/1/classification_terms/4,cnw0017.xml,59a7c5ab35c7949ccb4fcdfba0a7452b109c891c80d848fd02e2ec2eb8f422df,/m:mei[1]/m:meiHead[1]/m:manifestationList[1]/m:manifestation[2]/m:classification[1]/m:termList[1]/m:term[5],PASS,PASS
S4-17-0054,17,development_regression,source_classification_terms,/catalogue_sources/descriptions/1/classification_terms/5,cnw0017.xml,59a7c5ab35c7949ccb4fcdfba0a7452b109c891c80d848fd02e2ec2eb8f422df,/m:mei[1]/m:meiHead[1]/m:manifestationList[1]/m:manifestation[2]/m:classification[1]/m:termList[1]/m:term[6],PASS,PASS
S4-17-0055,17,development_regression,source_publication,/catalogue_sources/descriptions/1/publication,cnw0017.xml,59a7c5ab35c7949ccb4fcdfba0a7452b109c891c80d848fd02e2ec2eb8f422df,,PASS,PASS
S4-17-0056,17,development_regression,source_physical_description,/catalogue_sources/descriptions/1/physical_description,cnw0017.xml,59a7c5ab35c7949ccb4fcdfba0a7452b109c891c80d848fd02e2ec2eb8f422df,,PASS,PASS
S4-17-0057,17,development_regression,source_notes,/catalogue_sources/descriptions/1/notes,cnw0017.xml,59a7c5ab35c7949ccb4fcdfba0a7452b109c891c80d848fd02e2ec2eb8f422df,,PASS,PASS
S4-17-0058,17,development_regression,source_links,/catalogue_sources/descriptions/1/links,cnw0017.xml,59a7c5ab35c7949ccb4fcdfba0a7452b109c891c80d848fd02e2ec2eb8f422df,,PASS,PASS
S4-17-0059,17,development_regression,source_relation,/catalogue_sources/descriptions/1/relations,cnw0017.xml,59a7c5ab35c7949ccb4fcdfba0a7452b109c891c80d848fd02e2ec2eb8f422df,,PASS,PASS
S4-17-0060,17,development_regression,source_relation,/catalogue_sources/descriptions/1/relations/0,cnw0017.xml,59a7c5ab35c7949ccb4fcdfba0a7452b109c891c80d848fd02e2ec2eb8f422df,/m:mei[1]/m:meiHead[1]/m:manifestationList[1]/m:manifestation[2]/m:relationList[1]/m:relation[1],PASS,PASS
S4-17-0061,17,development_regression,held_item_identity,/catalogue_sources/descriptions/1/held_items,cnw0017.xml,59a7c5ab35c7949ccb4fcdfba0a7452b109c891c80d848fd02e2ec2eb8f422df,,PASS,PASS
S4-17-0062,17,development_regression,held_item_identity,/catalogue_sources/descriptions/1/held_items/0,cnw0017.xml,59a7c5ab35c7949ccb4fcdfba0a7452b109c891c80d848fd02e2ec2eb8f422df,/m:mei[1]/m:meiHead[1]/m:manifestationList[1]/m:manifestation[2]/m:itemList[1]/m:item[1],PASS,PASS
S4-17-0063,17,development_regression,held_item_identifiers,/catalogue_sources/descriptions/1/held_items/0/identifiers,cnw0017.xml,59a7c5ab35c7949ccb4fcdfba0a7452b109c891c80d848fd02e2ec2eb8f422df,,PASS,PASS
S4-17-0064,17,development_regression,held_item_identifiers,/catalogue_sources/descriptions/1/held_items/0/identifiers/0,cnw0017.xml,59a7c5ab35c7949ccb4fcdfba0a7452b109c891c80d848fd02e2ec2eb8f422df,/m:mei[1]/m:meiHead[1]/m:manifestationList[1]/m:manifestation[2]/m:itemList[1]/m:item[1]/m:identifier[1],PASS,PASS
S4-17-0065,17,development_regression,held_item_physical_locations,/catalogue_sources/descriptions/1/held_items/0/physical_locations,cnw0017.xml,59a7c5ab35c7949ccb4fcdfba0a7452b109c891c80d848fd02e2ec2eb8f422df,,PASS,PASS
S4-17-0066,17,development_regression,held_item_physical_locations,/catalogue_sources/descriptions/1/held_items/0/physical_locations/0,cnw0017.xml,59a7c5ab35c7949ccb4fcdfba0a7452b109c891c80d848fd02e2ec2eb8f422df,/m:mei[1]/m:meiHead[1]/m:manifestationList[1]/m:manifestation[2]/m:itemList[1]/m:item[1]/m:physLoc[1],PASS,PASS
S4-17-0067,17,development_regression,held_item_physical_description,/catalogue_sources/descriptions/1/held_items/0/physical_description,cnw0017.xml,59a7c5ab35c7949ccb4fcdfba0a7452b109c891c80d848fd02e2ec2eb8f422df,,PASS,PASS
S4-17-0068,17,development_regression,held_item_links,/catalogue_sources/descriptions/1/held_items/0/links,cnw0017.xml,59a7c5ab35c7949ccb4fcdfba0a7452b109c891c80d848fd02e2ec2eb8f422df,,PASS,PASS
S4-17-0069,17,development_regression,source_identity,/catalogue_sources/descriptions/2,cnw0017.xml,59a7c5ab35c7949ccb4fcdfba0a7452b109c891c80d848fd02e2ec2eb8f422df,/m:mei[1]/m:meiHead[1]/m:manifestationList[1]/m:manifestation[3],PASS,PASS
S4-17-0070,17,development_regression,source_identifiers,/catalogue_sources/descriptions/2/identifiers,cnw0017.xml,59a7c5ab35c7949ccb4fcdfba0a7452b109c891c80d848fd02e2ec2eb8f422df,,PASS,PASS
S4-17-0071,17,development_regression,source_titles,/catalogue_sources/descriptions/2/titles,cnw0017.xml,59a7c5ab35c7949ccb4fcdfba0a7452b109c891c80d848fd02e2ec2eb8f422df,,PASS,PASS
S4-17-0072,17,development_regression,source_titles,/catalogue_sources/descriptions/2/titles/0,cnw0017.xml,59a7c5ab35c7949ccb4fcdfba0a7452b109c891c80d848fd02e2ec2eb8f422df,/m:mei[1]/m:meiHead[1]/m:manifestationList[1]/m:manifestation[3]/m:titleStmt[1]/m:title[1],PASS,PASS
S4-17-0073,17,development_regression,source_classification_terms,/catalogue_sources/descriptions/2/classification_terms,cnw0017.xml,59a7c5ab35c7949ccb4fcdfba0a7452b109c891c80d848fd02e2ec2eb8f422df,,PASS,PASS
S4-17-0074,17,development_regression,source_classification_terms,/catalogue_sources/descriptions/2/classification_terms/0,cnw0017.xml,59a7c5ab35c7949ccb4fcdfba0a7452b109c891c80d848fd02e2ec2eb8f422df,/m:mei[1]/m:meiHead[1]/m:manifestationList[1]/m:manifestation[3]/m:classification[1]/m:termList[1]/m:term[1],PASS,PASS
S4-17-0075,17,development_regression,source_classification_terms,/catalogue_sources/descriptions/2/classification_terms/1,cnw0017.xml,59a7c5ab35c7949ccb4fcdfba0a7452b109c891c80d848fd02e2ec2eb8f422df,/m:mei[1]/m:meiHead[1]/m:manifestationList[1]/m:manifestation[3]/m:classification[1]/m:termList[1]/m:term[2],PASS,PASS
S4-17-0076,17,development_regression,source_classification_terms,/catalogue_sources/descriptions/2/classification_terms/2,cnw0017.xml,59a7c5ab35c7949ccb4fcdfba0a7452b109c891c80d848fd02e2ec2eb8f422df,/m:mei[1]/m:meiHead[1]/m:manifestationList[1]/m:manifestation[3]/m:classification[1]/m:termList[1]/m:term[3],PASS,PASS
S4-17-0077,17,development_regression,source_classification_terms,/catalogue_sources/descriptions/2/classification_terms/3,cnw0017.xml,59a7c5ab35c7949ccb4fcdfba0a7452b109c891c80d848fd02e2ec2eb8f422df,/m:mei[1]/m:meiHead[1]/m:manifestationList[1]/m:manifestation[3]/m:classification[1]/m:termList[1]/m:term[4],PASS,PASS
S4-17-0078,17,development_regression,source_classification_terms,/catalogue_sources/descriptions/2/classification_terms/4,cnw0017.xml,59a7c5ab35c7949ccb4fcdfba0a7452b109c891c80d848fd02e2ec2eb8f422df,/m:mei[1]/m:meiHead[1]/m:manifestationList[1]/m:manifestation[3]/m:classification[1]/m:termList[1]/m:term[5],PASS,PASS
S4-17-0079,17,development_regression,source_classification_terms,/catalogue_sources/descriptions/2/classification_terms/5,cnw0017.xml,59a7c5ab35c7949ccb4fcdfba0a7452b109c891c80d848fd02e2ec2eb8f422df,/m:mei[1]/m:meiHead[1]/m:manifestationList[1]/m:manifestation[3]/m:classification[1]/m:termList[1]/m:term[6],PASS,PASS
S4-17-0080,17,development_regression,source_publication,/catalogue_sources/descriptions/2/publication,cnw0017.xml,59a7c5ab35c7949ccb4fcdfba0a7452b109c891c80d848fd02e2ec2eb8f422df,,PASS,PASS
S4-17-0081,17,development_regression,source_physical_description,/catalogue_sources/descriptions/2/physical_description,cnw0017.xml,59a7c5ab35c7949ccb4fcdfba0a7452b109c891c80d848fd02e2ec2eb8f422df,,PASS,PASS
S4-17-0082,17,development_regression,source_notes,/catalogue_sources/descriptions/2/notes,cnw0017.xml,59a7c5ab35c7949ccb4fcdfba0a7452b109c891c80d848fd02e2ec2eb8f422df,,PASS,PASS
S4-17-0083,17,development_regression,source_links,/catalogue_sources/descriptions/2/links,cnw0017.xml,59a7c5ab35c7949ccb4fcdfba0a7452b109c891c80d848fd02e2ec2eb8f422df,,PASS,PASS
S4-17-0084,17,development_regression,source_relation,/catalogue_sources/descriptions/2/relations,cnw0017.xml,59a7c5ab35c7949ccb4fcdfba0a7452b109c891c80d848fd02e2ec2eb8f422df,,PASS,PASS
S4-17-0085,17,development_regression,source_relation,/catalogue_sources/descriptions/2/relations/0,cnw0017.xml,59a7c5ab35c7949ccb4fcdfba0a7452b109c891c80d848fd02e2ec2eb8f422df,/m:mei[1]/m:meiHead[1]/m:manifestationList[1]/m:manifestation[3]/m:relationList[1]/m:relation[1],PASS,PASS
S4-17-0086,17,development_regression,held_item_identity,/catalogue_sources/descriptions/2/held_items,cnw0017.xml,59a7c5ab35c7949ccb4fcdfba0a7452b109c891c80d848fd02e2ec2eb8f422df,,PASS,PASS
S4-17-0087,17,development_regression,held_item_identity,/catalogue_sources/descriptions/2/held_items/0,cnw0017.xml,59a7c5ab35c7949ccb4fcdfba0a7452b109c891c80d848fd02e2ec2eb8f422df,/m:mei[1]/m:meiHead[1]/m:manifestationList[1]/m:manifestation[3]/m:itemList[1]/m:item[1],PASS,PASS
S4-17-0088,17,development_regression,held_item_identifiers,/catalogue_sources/descriptions/2/held_items/0/identifiers,cnw0017.xml,59a7c5ab35c7949ccb4fcdfba0a7452b109c891c80d848fd02e2ec2eb8f422df,,PASS,PASS
S4-17-0089,17,development_regression,held_item_identifiers,/catalogue_sources/descriptions/2/held_items/0/identifiers/0,cnw0017.xml,59a7c5ab35c7949ccb4fcdfba0a7452b109c891c80d848fd02e2ec2eb8f422df,/m:mei[1]/m:meiHead[1]/m:manifestationList[1]/m:manifestation[3]/m:itemList[1]/m:item[1]/m:identifier[1],PASS,PASS
S4-17-0090,17,development_regression,held_item_physical_locations,/catalogue_sources/descriptions/2/held_items/0/physical_locations,cnw0017.xml,59a7c5ab35c7949ccb4fcdfba0a7452b109c891c80d848fd02e2ec2eb8f422df,,PASS,PASS
S4-17-0091,17,development_regression,held_item_physical_locations,/catalogue_sources/descriptions/2/held_items/0/physical_locations/0,cnw0017.xml,59a7c5ab35c7949ccb4fcdfba0a7452b109c891c80d848fd02e2ec2eb8f422df,/m:mei[1]/m:meiHead[1]/m:manifestationList[1]/m:manifestation[3]/m:itemList[1]/m:item[1]/m:physLoc[1],PASS,PASS
S4-17-0092,17,development_regression,held_item_physical_description,/catalogue_sources/descriptions/2/held_items/0/physical_description,cnw0017.xml,59a7c5ab35c7949ccb4fcdfba0a7452b109c891c80d848fd02e2ec2eb8f422df,,PASS,PASS
S4-17-0093,17,development_regression,held_item_links,/catalogue_sources/descriptions/2/held_items/0/links,cnw0017.xml,59a7c5ab35c7949ccb4fcdfba0a7452b109c891c80d848fd02e2ec2eb8f422df,,PASS,PASS
S4-17-0094,17,development_regression,source_identity,/catalogue_sources/descriptions/3,cnw0017.xml,59a7c5ab35c7949ccb4fcdfba0a7452b109c891c80d848fd02e2ec2eb8f422df,/m:mei[1]/m:meiHead[1]/m:manifestationList[1]/m:manifestation[4],PASS,PASS
S4-17-0095,17,development_regression,source_identifiers,/catalogue_sources/descriptions/3/identifiers,cnw0017.xml,59a7c5ab35c7949ccb4fcdfba0a7452b109c891c80d848fd02e2ec2eb8f422df,,PASS,PASS
S4-17-0096,17,development_regression,source_identifiers,/catalogue_sources/descriptions/3/identifiers/0,cnw0017.xml,59a7c5ab35c7949ccb4fcdfba0a7452b109c891c80d848fd02e2ec2eb8f422df,/m:mei[1]/m:meiHead[1]/m:manifestationList[1]/m:manifestation[4]/m:identifier[1],PASS,PASS
S4-17-0097,17,development_regression,source_titles,/catalogue_sources/descriptions/3/titles,cnw0017.xml,59a7c5ab35c7949ccb4fcdfba0a7452b109c891c80d848fd02e2ec2eb8f422df,,PASS,PASS
S4-17-0098,17,development_regression,source_titles,/catalogue_sources/descriptions/3/titles/0,cnw0017.xml,59a7c5ab35c7949ccb4fcdfba0a7452b109c891c80d848fd02e2ec2eb8f422df,/m:mei[1]/m:meiHead[1]/m:manifestationList[1]/m:manifestation[4]/m:titleStmt[1]/m:title[1],PASS,PASS
S4-17-0099,17,development_regression,source_classification_terms,/catalogue_sources/descriptions/3/classification_terms,cnw0017.xml,59a7c5ab35c7949ccb4fcdfba0a7452b109c891c80d848fd02e2ec2eb8f422df,,PASS,PASS
S4-17-0100,17,development_regression,source_classification_terms,/catalogue_sources/descriptions/3/classification_terms/0,cnw0017.xml,59a7c5ab35c7949ccb4fcdfba0a7452b109c891c80d848fd02e2ec2eb8f422df,/m:mei[1]/m:meiHead[1]/m:manifestationList[1]/m:manifestation[4]/m:classification[1]/m:termList[1]/m:term[1],PASS,PASS
S4-17-0101,17,development_regression,source_classification_terms,/catalogue_sources/descriptions/3/classification_terms/1,cnw0017.xml,59a7c5ab35c7949ccb4fcdfba0a7452b109c891c80d848fd02e2ec2eb8f422df,/m:mei[1]/m:meiHead[1]/m:manifestationList[1]/m:manifestation[4]/m:classification[1]/m:termList[1]/m:term[2],PASS,PASS
S4-17-0102,17,development_regression,source_classification_terms,/catalogue_sources/descriptions/3/classification_terms/2,cnw0017.xml,59a7c5ab35c7949ccb4fcdfba0a7452b109c891c80d848fd02e2ec2eb8f422df,/m:mei[1]/m:meiHead[1]/m:manifestationList[1]/m:manifestation[4]/m:classification[1]/m:termList[1]/m:term[3],PASS,PASS
S4-17-0103,17,development_regression,source_classification_terms,/catalogue_sources/descriptions/3/classification_terms/3,cnw0017.xml,59a7c5ab35c7949ccb4fcdfba0a7452b109c891c80d848fd02e2ec2eb8f422df,/m:mei[1]/m:meiHead[1]/m:manifestationList[1]/m:manifestation[4]/m:classification[1]/m:termList[1]/m:term[4],PASS,PASS
S4-17-0104,17,development_regression,source_classification_terms,/catalogue_sources/descriptions/3/classification_terms/4,cnw0017.xml,59a7c5ab35c7949ccb4fcdfba0a7452b109c891c80d848fd02e2ec2eb8f422df,/m:mei[1]/m:meiHead[1]/m:manifestationList[1]/m:manifestation[4]/m:classification[1]/m:termList[1]/m:term[5],PASS,PASS
S4-17-0105,17,development_regression,source_classification_terms,/catalogue_sources/descriptions/3/classification_terms/5,cnw0017.xml,59a7c5ab35c7949ccb4fcdfba0a7452b109c891c80d848fd02e2ec2eb8f422df,/m:mei[1]/m:meiHead[1]/m:manifestationList[1]/m:manifestation[4]/m:classification[1]/m:termList[1]/m:term[6],PASS,PASS
S4-17-0106,17,development_regression,source_publication,/catalogue_sources/descriptions/3/publication,cnw0017.xml,59a7c5ab35c7949ccb4fcdfba0a7452b109c891c80d848fd02e2ec2eb8f422df,,PASS,PASS
S4-17-0107,17,development_regression,source_physical_description,/catalogue_sources/descriptions/3/physical_description,cnw0017.xml,59a7c5ab35c7949ccb4fcdfba0a7452b109c891c80d848fd02e2ec2eb8f422df,,PASS,PASS
S4-17-0108,17,development_regression,source_notes,/catalogue_sources/descriptions/3/notes,cnw0017.xml,59a7c5ab35c7949ccb4fcdfba0a7452b109c891c80d848fd02e2ec2eb8f422df,,PASS,PASS
S4-17-0109,17,development_regression,source_links,/catalogue_sources/descriptions/3/links,cnw0017.xml,59a7c5ab35c7949ccb4fcdfba0a7452b109c891c80d848fd02e2ec2eb8f422df,,PASS,PASS
S4-17-0110,17,development_regression,source_relation,/catalogue_sources/descriptions/3/relations,cnw0017.xml,59a7c5ab35c7949ccb4fcdfba0a7452b109c891c80d848fd02e2ec2eb8f422df,,PASS,PASS
S4-17-0111,17,development_regression,source_relation,/catalogue_sources/descriptions/3/relations/0,cnw0017.xml,59a7c5ab35c7949ccb4fcdfba0a7452b109c891c80d848fd02e2ec2eb8f422df,/m:mei[1]/m:meiHead[1]/m:manifestationList[1]/m:manifestation[4]/m:relationList[1]/m:relation[1],PASS,PASS
S4-17-0112,17,development_regression,held_item_identity,/catalogue_sources/descriptions/3/held_items,cnw0017.xml,59a7c5ab35c7949ccb4fcdfba0a7452b109c891c80d848fd02e2ec2eb8f422df,,PASS,PASS
S4-17-0113,17,development_regression,held_item_identity,/catalogue_sources/descriptions/3/held_items/0,cnw0017.xml,59a7c5ab35c7949ccb4fcdfba0a7452b109c891c80d848fd02e2ec2eb8f422df,/m:mei[1]/m:meiHead[1]/m:manifestationList[1]/m:manifestation[4]/m:itemList[1]/m:item[1],PASS,PASS
S4-17-0114,17,development_regression,held_item_identifiers,/catalogue_sources/descriptions/3/held_items/0/identifiers,cnw0017.xml,59a7c5ab35c7949ccb4fcdfba0a7452b109c891c80d848fd02e2ec2eb8f422df,,PASS,PASS
S4-17-0115,17,development_regression,held_item_identifiers,/catalogue_sources/descriptions/3/held_items/0/identifiers/0,cnw0017.xml,59a7c5ab35c7949ccb4fcdfba0a7452b109c891c80d848fd02e2ec2eb8f422df,/m:mei[1]/m:meiHead[1]/m:manifestationList[1]/m:manifestation[4]/m:itemList[1]/m:item[1]/m:identifier[1],PASS,PASS
S4-17-0116,17,development_regression,held_item_physical_locations,/catalogue_sources/descriptions/3/held_items/0/physical_locations,cnw0017.xml,59a7c5ab35c7949ccb4fcdfba0a7452b109c891c80d848fd02e2ec2eb8f422df,,PASS,PASS
S4-17-0117,17,development_regression,held_item_physical_locations,/catalogue_sources/descriptions/3/held_items/0/physical_locations/0,cnw0017.xml,59a7c5ab35c7949ccb4fcdfba0a7452b109c891c80d848fd02e2ec2eb8f422df,/m:mei[1]/m:meiHead[1]/m:manifestationList[1]/m:manifestation[4]/m:itemList[1]/m:item[1]/m:physLoc[1],PASS,PASS
S4-17-0118,17,development_regression,held_item_physical_description,/catalogue_sources/descriptions/3/held_items/0/physical_description,cnw0017.xml,59a7c5ab35c7949ccb4fcdfba0a7452b109c891c80d848fd02e2ec2eb8f422df,,PASS,PASS
S4-17-0119,17,development_regression,held_item_links,/catalogue_sources/descriptions/3/held_items/0/links,cnw0017.xml,59a7c5ab35c7949ccb4fcdfba0a7452b109c891c80d848fd02e2ec2eb8f422df,,PASS,PASS
S4-17-0120,17,development_regression,source_identity,/catalogue_sources/descriptions/4,cnw0017.xml,59a7c5ab35c7949ccb4fcdfba0a7452b109c891c80d848fd02e2ec2eb8f422df,/m:mei[1]/m:meiHead[1]/m:manifestationList[1]/m:manifestation[5],PASS,PASS
S4-17-0121,17,development_regression,source_identifiers,/catalogue_sources/descriptions/4/identifiers,cnw0017.xml,59a7c5ab35c7949ccb4fcdfba0a7452b109c891c80d848fd02e2ec2eb8f422df,,PASS,PASS
S4-17-0122,17,development_regression,source_identifiers,/catalogue_sources/descriptions/4/identifiers/0,cnw0017.xml,59a7c5ab35c7949ccb4fcdfba0a7452b109c891c80d848fd02e2ec2eb8f422df,/m:mei[1]/m:meiHead[1]/m:manifestationList[1]/m:manifestation[5]/m:identifier[1],PASS,PASS
S4-17-0123,17,development_regression,source_titles,/catalogue_sources/descriptions/4/titles,cnw0017.xml,59a7c5ab35c7949ccb4fcdfba0a7452b109c891c80d848fd02e2ec2eb8f422df,,PASS,PASS
S4-17-0124,17,development_regression,source_titles,/catalogue_sources/descriptions/4/titles/0,cnw0017.xml,59a7c5ab35c7949ccb4fcdfba0a7452b109c891c80d848fd02e2ec2eb8f422df,/m:mei[1]/m:meiHead[1]/m:manifestationList[1]/m:manifestation[5]/m:titleStmt[1]/m:title[1],PASS,PASS
S4-17-0125,17,development_regression,source_classification_terms,/catalogue_sources/descriptions/4/classification_terms,cnw0017.xml,59a7c5ab35c7949ccb4fcdfba0a7452b109c891c80d848fd02e2ec2eb8f422df,,PASS,PASS
S4-17-0126,17,development_regression,source_classification_terms,/catalogue_sources/descriptions/4/classification_terms/0,cnw0017.xml,59a7c5ab35c7949ccb4fcdfba0a7452b109c891c80d848fd02e2ec2eb8f422df,/m:mei[1]/m:meiHead[1]/m:manifestationList[1]/m:manifestation[5]/m:classification[1]/m:termList[1]/m:term[1],PASS,PASS
S4-17-0127,17,development_regression,source_classification_terms,/catalogue_sources/descriptions/4/classification_terms/1,cnw0017.xml,59a7c5ab35c7949ccb4fcdfba0a7452b109c891c80d848fd02e2ec2eb8f422df,/m:mei[1]/m:meiHead[1]/m:manifestationList[1]/m:manifestation[5]/m:classification[1]/m:termList[1]/m:term[2],PASS,PASS
S4-17-0128,17,development_regression,source_classification_terms,/catalogue_sources/descriptions/4/classification_terms/2,cnw0017.xml,59a7c5ab35c7949ccb4fcdfba0a7452b109c891c80d848fd02e2ec2eb8f422df,/m:mei[1]/m:meiHead[1]/m:manifestationList[1]/m:manifestation[5]/m:classification[1]/m:termList[1]/m:term[3],PASS,PASS
S4-17-0129,17,development_regression,source_classification_terms,/catalogue_sources/descriptions/4/classification_terms/3,cnw0017.xml,59a7c5ab35c7949ccb4fcdfba0a7452b109c891c80d848fd02e2ec2eb8f422df,/m:mei[1]/m:meiHead[1]/m:manifestationList[1]/m:manifestation[5]/m:classification[1]/m:termList[1]/m:term[4],PASS,PASS
S4-17-0130,17,development_regression,source_classification_terms,/catalogue_sources/descriptions/4/classification_terms/4,cnw0017.xml,59a7c5ab35c7949ccb4fcdfba0a7452b109c891c80d848fd02e2ec2eb8f422df,/m:mei[1]/m:meiHead[1]/m:manifestationList[1]/m:manifestation[5]/m:classification[1]/m:termList[1]/m:term[5],PASS,PASS
S4-17-0131,17,development_regression,source_classification_terms,/catalogue_sources/descriptions/4/classification_terms/5,cnw0017.xml,59a7c5ab35c7949ccb4fcdfba0a7452b109c891c80d848fd02e2ec2eb8f422df,/m:mei[1]/m:meiHead[1]/m:manifestationList[1]/m:manifestation[5]/m:classification[1]/m:termList[1]/m:term[6],PASS,PASS
S4-17-0132,17,development_regression,source_publication,/catalogue_sources/descriptions/4/publication,cnw0017.xml,59a7c5ab35c7949ccb4fcdfba0a7452b109c891c80d848fd02e2ec2eb8f422df,,PASS,PASS
S4-17-0133,17,development_regression,source_physical_description,/catalogue_sources/descriptions/4/physical_description,cnw0017.xml,59a7c5ab35c7949ccb4fcdfba0a7452b109c891c80d848fd02e2ec2eb8f422df,,PASS,PASS
S4-17-0134,17,development_regression,source_notes,/catalogue_sources/descriptions/4/notes,cnw0017.xml,59a7c5ab35c7949ccb4fcdfba0a7452b109c891c80d848fd02e2ec2eb8f422df,,PASS,PASS
S4-17-0135,17,development_regression,source_links,/catalogue_sources/descriptions/4/links,cnw0017.xml,59a7c5ab35c7949ccb4fcdfba0a7452b109c891c80d848fd02e2ec2eb8f422df,,PASS,PASS
S4-17-0136,17,development_regression,source_relation,/catalogue_sources/descriptions/4/relations,cnw0017.xml,59a7c5ab35c7949ccb4fcdfba0a7452b109c891c80d848fd02e2ec2eb8f422df,,PASS,PASS
S4-17-0137,17,development_regression,source_relation,/catalogue_sources/descriptions/4/relations/0,cnw0017.xml,59a7c5ab35c7949ccb4fcdfba0a7452b109c891c80d848fd02e2ec2eb8f422df,/m:mei[1]/m:meiHead[1]/m:manifestationList[1]/m:manifestation[5]/m:relationList[1]/m:relation[1],PASS,PASS
S4-17-0138,17,development_regression,held_item_identity,/catalogue_sources/descriptions/4/held_items,cnw0017.xml,59a7c5ab35c7949ccb4fcdfba0a7452b109c891c80d848fd02e2ec2eb8f422df,,PASS,PASS
S4-17-0139,17,development_regression,held_item_identity,/catalogue_sources/descriptions/4/held_items/0,cnw0017.xml,59a7c5ab35c7949ccb4fcdfba0a7452b109c891c80d848fd02e2ec2eb8f422df,/m:mei[1]/m:meiHead[1]/m:manifestationList[1]/m:manifestation[5]/m:itemList[1]/m:item[1],PASS,PASS
S4-17-0140,17,development_regression,held_item_identifiers,/catalogue_sources/descriptions/4/held_items/0/identifiers,cnw0017.xml,59a7c5ab35c7949ccb4fcdfba0a7452b109c891c80d848fd02e2ec2eb8f422df,,PASS,PASS
S4-17-0141,17,development_regression,held_item_identifiers,/catalogue_sources/descriptions/4/held_items/0/identifiers/0,cnw0017.xml,59a7c5ab35c7949ccb4fcdfba0a7452b109c891c80d848fd02e2ec2eb8f422df,/m:mei[1]/m:meiHead[1]/m:manifestationList[1]/m:manifestation[5]/m:itemList[1]/m:item[1]/m:identifier[1],PASS,PASS
S4-17-0142,17,development_regression,held_item_physical_locations,/catalogue_sources/descriptions/4/held_items/0/physical_locations,cnw0017.xml,59a7c5ab35c7949ccb4fcdfba0a7452b109c891c80d848fd02e2ec2eb8f422df,,PASS,PASS
S4-17-0143,17,development_regression,held_item_physical_locations,/catalogue_sources/descriptions/4/held_items/0/physical_locations/0,cnw0017.xml,59a7c5ab35c7949ccb4fcdfba0a7452b109c891c80d848fd02e2ec2eb8f422df,/m:mei[1]/m:meiHead[1]/m:manifestationList[1]/m:manifestation[5]/m:itemList[1]/m:item[1]/m:physLoc[1],PASS,PASS
S4-17-0144,17,development_regression,held_item_physical_description,/catalogue_sources/descriptions/4/held_items/0/physical_description,cnw0017.xml,59a7c5ab35c7949ccb4fcdfba0a7452b109c891c80d848fd02e2ec2eb8f422df,,PASS,PASS
S4-17-0145,17,development_regression,held_item_links,/catalogue_sources/descriptions/4/held_items/0/links,cnw0017.xml,59a7c5ab35c7949ccb4fcdfba0a7452b109c891c80d848fd02e2ec2eb8f422df,,PASS,PASS
S4-17-0146,17,development_regression,source_identity,/catalogue_sources/descriptions/5,cnw0017.xml,59a7c5ab35c7949ccb4fcdfba0a7452b109c891c80d848fd02e2ec2eb8f422df,/m:mei[1]/m:meiHead[1]/m:manifestationList[1]/m:manifestation[6],PASS,PASS
S4-17-0147,17,development_regression,source_identifiers,/catalogue_sources/descriptions/5/identifiers,cnw0017.xml,59a7c5ab35c7949ccb4fcdfba0a7452b109c891c80d848fd02e2ec2eb8f422df,,PASS,PASS
S4-17-0148,17,development_regression,source_titles,/catalogue_sources/descriptions/5/titles,cnw0017.xml,59a7c5ab35c7949ccb4fcdfba0a7452b109c891c80d848fd02e2ec2eb8f422df,,PASS,PASS
S4-17-0149,17,development_regression,source_titles,/catalogue_sources/descriptions/5/titles/0,cnw0017.xml,59a7c5ab35c7949ccb4fcdfba0a7452b109c891c80d848fd02e2ec2eb8f422df,/m:mei[1]/m:meiHead[1]/m:manifestationList[1]/m:manifestation[6]/m:titleStmt[1]/m:title[1],PASS,PASS
S4-17-0150,17,development_regression,source_classification_terms,/catalogue_sources/descriptions/5/classification_terms,cnw0017.xml,59a7c5ab35c7949ccb4fcdfba0a7452b109c891c80d848fd02e2ec2eb8f422df,,PASS,PASS
S4-17-0151,17,development_regression,source_classification_terms,/catalogue_sources/descriptions/5/classification_terms/0,cnw0017.xml,59a7c5ab35c7949ccb4fcdfba0a7452b109c891c80d848fd02e2ec2eb8f422df,/m:mei[1]/m:meiHead[1]/m:manifestationList[1]/m:manifestation[6]/m:classification[1]/m:termList[1]/m:term[1],PASS,PASS
S4-17-0152,17,development_regression,source_classification_terms,/catalogue_sources/descriptions/5/classification_terms/1,cnw0017.xml,59a7c5ab35c7949ccb4fcdfba0a7452b109c891c80d848fd02e2ec2eb8f422df,/m:mei[1]/m:meiHead[1]/m:manifestationList[1]/m:manifestation[6]/m:classification[1]/m:termList[1]/m:term[2],PASS,PASS
S4-17-0153,17,development_regression,source_classification_terms,/catalogue_sources/descriptions/5/classification_terms/2,cnw0017.xml,59a7c5ab35c7949ccb4fcdfba0a7452b109c891c80d848fd02e2ec2eb8f422df,/m:mei[1]/m:meiHead[1]/m:manifestationList[1]/m:manifestation[6]/m:classification[1]/m:termList[1]/m:term[3],PASS,PASS
S4-17-0154,17,development_regression,source_classification_terms,/catalogue_sources/descriptions/5/classification_terms/3,cnw0017.xml,59a7c5ab35c7949ccb4fcdfba0a7452b109c891c80d848fd02e2ec2eb8f422df,/m:mei[1]/m:meiHead[1]/m:manifestationList[1]/m:manifestation[6]/m:classification[1]/m:termList[1]/m:term[4],PASS,PASS
S4-17-0155,17,development_regression,source_classification_terms,/catalogue_sources/descriptions/5/classification_terms/4,cnw0017.xml,59a7c5ab35c7949ccb4fcdfba0a7452b109c891c80d848fd02e2ec2eb8f422df,/m:mei[1]/m:meiHead[1]/m:manifestationList[1]/m:manifestation[6]/m:classification[1]/m:termList[1]/m:term[5],PASS,PASS
S4-17-0156,17,development_regression,source_classification_terms,/catalogue_sources/descriptions/5/classification_terms/5,cnw0017.xml,59a7c5ab35c7949ccb4fcdfba0a7452b109c891c80d848fd02e2ec2eb8f422df,/m:mei[1]/m:meiHead[1]/m:manifestationList[1]/m:manifestation[6]/m:classification[1]/m:termList[1]/m:term[6],PASS,PASS
S4-17-0157,17,development_regression,source_publication,/catalogue_sources/descriptions/5/publication,cnw0017.xml,59a7c5ab35c7949ccb4fcdfba0a7452b109c891c80d848fd02e2ec2eb8f422df,,PASS,PASS
S4-17-0158,17,development_regression,source_physical_description,/catalogue_sources/descriptions/5/physical_description,cnw0017.xml,59a7c5ab35c7949ccb4fcdfba0a7452b109c891c80d848fd02e2ec2eb8f422df,,PASS,PASS
S4-17-0159,17,development_regression,source_notes,/catalogue_sources/descriptions/5/notes,cnw0017.xml,59a7c5ab35c7949ccb4fcdfba0a7452b109c891c80d848fd02e2ec2eb8f422df,,PASS,PASS
S4-17-0160,17,development_regression,source_links,/catalogue_sources/descriptions/5/links,cnw0017.xml,59a7c5ab35c7949ccb4fcdfba0a7452b109c891c80d848fd02e2ec2eb8f422df,,PASS,PASS
S4-17-0161,17,development_regression,source_relation,/catalogue_sources/descriptions/5/relations,cnw0017.xml,59a7c5ab35c7949ccb4fcdfba0a7452b109c891c80d848fd02e2ec2eb8f422df,,PASS,PASS
S4-17-0162,17,development_regression,source_relation,/catalogue_sources/descriptions/5/relations/0,cnw0017.xml,59a7c5ab35c7949ccb4fcdfba0a7452b109c891c80d848fd02e2ec2eb8f422df,/m:mei[1]/m:meiHead[1]/m:manifestationList[1]/m:manifestation[6]/m:relationList[1]/m:relation[1],PASS,PASS
S4-17-0163,17,development_regression,held_item_identity,/catalogue_sources/descriptions/5/held_items,cnw0017.xml,59a7c5ab35c7949ccb4fcdfba0a7452b109c891c80d848fd02e2ec2eb8f422df,,PASS,PASS
S4-17-0164,17,development_regression,held_item_identity,/catalogue_sources/descriptions/5/held_items/0,cnw0017.xml,59a7c5ab35c7949ccb4fcdfba0a7452b109c891c80d848fd02e2ec2eb8f422df,/m:mei[1]/m:meiHead[1]/m:manifestationList[1]/m:manifestation[6]/m:itemList[1]/m:item[1],PASS,PASS
S4-17-0165,17,development_regression,held_item_identifiers,/catalogue_sources/descriptions/5/held_items/0/identifiers,cnw0017.xml,59a7c5ab35c7949ccb4fcdfba0a7452b109c891c80d848fd02e2ec2eb8f422df,,PASS,PASS
S4-17-0166,17,development_regression,held_item_identifiers,/catalogue_sources/descriptions/5/held_items/0/identifiers/0,cnw0017.xml,59a7c5ab35c7949ccb4fcdfba0a7452b109c891c80d848fd02e2ec2eb8f422df,/m:mei[1]/m:meiHead[1]/m:manifestationList[1]/m:manifestation[6]/m:itemList[1]/m:item[1]/m:identifier[1],PASS,PASS
S4-17-0167,17,development_regression,held_item_physical_locations,/catalogue_sources/descriptions/5/held_items/0/physical_locations,cnw0017.xml,59a7c5ab35c7949ccb4fcdfba0a7452b109c891c80d848fd02e2ec2eb8f422df,,PASS,PASS
S4-17-0168,17,development_regression,held_item_physical_locations,/catalogue_sources/descriptions/5/held_items/0/physical_locations/0,cnw0017.xml,59a7c5ab35c7949ccb4fcdfba0a7452b109c891c80d848fd02e2ec2eb8f422df,/m:mei[1]/m:meiHead[1]/m:manifestationList[1]/m:manifestation[6]/m:itemList[1]/m:item[1]/m:physLoc[1],PASS,PASS
S4-17-0169,17,development_regression,held_item_physical_description,/catalogue_sources/descriptions/5/held_items/0/physical_description,cnw0017.xml,59a7c5ab35c7949ccb4fcdfba0a7452b109c891c80d848fd02e2ec2eb8f422df,,PASS,PASS
S4-17-0170,17,development_regression,held_item_links,/catalogue_sources/descriptions/5/held_items/0/links,cnw0017.xml,59a7c5ab35c7949ccb4fcdfba0a7452b109c891c80d848fd02e2ec2eb8f422df,,PASS,PASS
S4-17-0171,17,development_regression,source_identity,/catalogue_sources/descriptions/6,cnw0017.xml,59a7c5ab35c7949ccb4fcdfba0a7452b109c891c80d848fd02e2ec2eb8f422df,/m:mei[1]/m:meiHead[1]/m:manifestationList[1]/m:manifestation[7],PASS,PASS
S4-17-0172,17,development_regression,source_identifiers,/catalogue_sources/descriptions/6/identifiers,cnw0017.xml,59a7c5ab35c7949ccb4fcdfba0a7452b109c891c80d848fd02e2ec2eb8f422df,,PASS,PASS
S4-17-0173,17,development_regression,source_titles,/catalogue_sources/descriptions/6/titles,cnw0017.xml,59a7c5ab35c7949ccb4fcdfba0a7452b109c891c80d848fd02e2ec2eb8f422df,,PASS,PASS
S4-17-0174,17,development_regression,source_titles,/catalogue_sources/descriptions/6/titles/0,cnw0017.xml,59a7c5ab35c7949ccb4fcdfba0a7452b109c891c80d848fd02e2ec2eb8f422df,/m:mei[1]/m:meiHead[1]/m:manifestationList[1]/m:manifestation[7]/m:titleStmt[1]/m:title[1],PASS,PASS
S4-17-0175,17,development_regression,source_classification_terms,/catalogue_sources/descriptions/6/classification_terms,cnw0017.xml,59a7c5ab35c7949ccb4fcdfba0a7452b109c891c80d848fd02e2ec2eb8f422df,,PASS,PASS
S4-17-0176,17,development_regression,source_classification_terms,/catalogue_sources/descriptions/6/classification_terms/0,cnw0017.xml,59a7c5ab35c7949ccb4fcdfba0a7452b109c891c80d848fd02e2ec2eb8f422df,/m:mei[1]/m:meiHead[1]/m:manifestationList[1]/m:manifestation[7]/m:classification[1]/m:termList[1]/m:term[1],PASS,PASS
S4-17-0177,17,development_regression,source_classification_terms,/catalogue_sources/descriptions/6/classification_terms/1,cnw0017.xml,59a7c5ab35c7949ccb4fcdfba0a7452b109c891c80d848fd02e2ec2eb8f422df,/m:mei[1]/m:meiHead[1]/m:manifestationList[1]/m:manifestation[7]/m:classification[1]/m:termList[1]/m:term[2],PASS,PASS
S4-17-0178,17,development_regression,source_classification_terms,/catalogue_sources/descriptions/6/classification_terms/2,cnw0017.xml,59a7c5ab35c7949ccb4fcdfba0a7452b109c891c80d848fd02e2ec2eb8f422df,/m:mei[1]/m:meiHead[1]/m:manifestationList[1]/m:manifestation[7]/m:classification[1]/m:termList[1]/m:term[3],PASS,PASS
S4-17-0179,17,development_regression,source_classification_terms,/catalogue_sources/descriptions/6/classification_terms/3,cnw0017.xml,59a7c5ab35c7949ccb4fcdfba0a7452b109c891c80d848fd02e2ec2eb8f422df,/m:mei[1]/m:meiHead[1]/m:manifestationList[1]/m:manifestation[7]/m:classification[1]/m:termList[1]/m:term[4],PASS,PASS
S4-17-0180,17,development_regression,source_classification_terms,/catalogue_sources/descriptions/6/classification_terms/4,cnw0017.xml,59a7c5ab35c7949ccb4fcdfba0a7452b109c891c80d848fd02e2ec2eb8f422df,/m:mei[1]/m:meiHead[1]/m:manifestationList[1]/m:manifestation[7]/m:classification[1]/m:termList[1]/m:term[5],PASS,PASS
S4-17-0181,17,development_regression,source_classification_terms,/catalogue_sources/descriptions/6/classification_terms/5,cnw0017.xml,59a7c5ab35c7949ccb4fcdfba0a7452b109c891c80d848fd02e2ec2eb8f422df,/m:mei[1]/m:meiHead[1]/m:manifestationList[1]/m:manifestation[7]/m:classification[1]/m:termList[1]/m:term[6],PASS,PASS
S4-17-0182,17,development_regression,source_publication,/catalogue_sources/descriptions/6/publication,cnw0017.xml,59a7c5ab35c7949ccb4fcdfba0a7452b109c891c80d848fd02e2ec2eb8f422df,,PASS,PASS
S4-17-0183,17,development_regression,source_physical_description,/catalogue_sources/descriptions/6/physical_description,cnw0017.xml,59a7c5ab35c7949ccb4fcdfba0a7452b109c891c80d848fd02e2ec2eb8f422df,,PASS,PASS
S4-17-0184,17,development_regression,source_notes,/catalogue_sources/descriptions/6/notes,cnw0017.xml,59a7c5ab35c7949ccb4fcdfba0a7452b109c891c80d848fd02e2ec2eb8f422df,,PASS,PASS
S4-17-0185,17,development_regression,source_links,/catalogue_sources/descriptions/6/links,cnw0017.xml,59a7c5ab35c7949ccb4fcdfba0a7452b109c891c80d848fd02e2ec2eb8f422df,,PASS,PASS
S4-17-0186,17,development_regression,source_relation,/catalogue_sources/descriptions/6/relations,cnw0017.xml,59a7c5ab35c7949ccb4fcdfba0a7452b109c891c80d848fd02e2ec2eb8f422df,,PASS,PASS
S4-17-0187,17,development_regression,source_relation,/catalogue_sources/descriptions/6/relations/0,cnw0017.xml,59a7c5ab35c7949ccb4fcdfba0a7452b109c891c80d848fd02e2ec2eb8f422df,/m:mei[1]/m:meiHead[1]/m:manifestationList[1]/m:manifestation[7]/m:relationList[1]/m:relation[1],PASS,PASS
S4-17-0188,17,development_regression,held_item_identity,/catalogue_sources/descriptions/6/held_items,cnw0017.xml,59a7c5ab35c7949ccb4fcdfba0a7452b109c891c80d848fd02e2ec2eb8f422df,,PASS,PASS
S4-17-0189,17,development_regression,held_item_identity,/catalogue_sources/descriptions/6/held_items/0,cnw0017.xml,59a7c5ab35c7949ccb4fcdfba0a7452b109c891c80d848fd02e2ec2eb8f422df,/m:mei[1]/m:meiHead[1]/m:manifestationList[1]/m:manifestation[7]/m:itemList[1]/m:item[1],PASS,PASS
S4-17-0190,17,development_regression,held_item_identifiers,/catalogue_sources/descriptions/6/held_items/0/identifiers,cnw0017.xml,59a7c5ab35c7949ccb4fcdfba0a7452b109c891c80d848fd02e2ec2eb8f422df,,PASS,PASS
S4-17-0191,17,development_regression,held_item_identifiers,/catalogue_sources/descriptions/6/held_items/0/identifiers/0,cnw0017.xml,59a7c5ab35c7949ccb4fcdfba0a7452b109c891c80d848fd02e2ec2eb8f422df,/m:mei[1]/m:meiHead[1]/m:manifestationList[1]/m:manifestation[7]/m:itemList[1]/m:item[1]/m:identifier[1],PASS,PASS
S4-17-0192,17,development_regression,held_item_physical_locations,/catalogue_sources/descriptions/6/held_items/0/physical_locations,cnw0017.xml,59a7c5ab35c7949ccb4fcdfba0a7452b109c891c80d848fd02e2ec2eb8f422df,,PASS,PASS
S4-17-0193,17,development_regression,held_item_physical_locations,/catalogue_sources/descriptions/6/held_items/0/physical_locations/0,cnw0017.xml,59a7c5ab35c7949ccb4fcdfba0a7452b109c891c80d848fd02e2ec2eb8f422df,/m:mei[1]/m:meiHead[1]/m:manifestationList[1]/m:manifestation[7]/m:itemList[1]/m:item[1]/m:physLoc[1],PASS,PASS
S4-17-0194,17,development_regression,held_item_physical_description,/catalogue_sources/descriptions/6/held_items/0/physical_description,cnw0017.xml,59a7c5ab35c7949ccb4fcdfba0a7452b109c891c80d848fd02e2ec2eb8f422df,,PASS,PASS
S4-17-0195,17,development_regression,held_item_links,/catalogue_sources/descriptions/6/held_items/0/links,cnw0017.xml,59a7c5ab35c7949ccb4fcdfba0a7452b109c891c80d848fd02e2ec2eb8f422df,,PASS,PASS
S4-17-0196,17,development_regression,source_identity,/catalogue_sources/descriptions/7,cnw0017.xml,59a7c5ab35c7949ccb4fcdfba0a7452b109c891c80d848fd02e2ec2eb8f422df,/m:mei[1]/m:meiHead[1]/m:manifestationList[1]/m:manifestation[8],PASS,PASS
S4-17-0197,17,development_regression,source_identifiers,/catalogue_sources/descriptions/7/identifiers,cnw0017.xml,59a7c5ab35c7949ccb4fcdfba0a7452b109c891c80d848fd02e2ec2eb8f422df,,PASS,PASS
S4-17-0198,17,development_regression,source_titles,/catalogue_sources/descriptions/7/titles,cnw0017.xml,59a7c5ab35c7949ccb4fcdfba0a7452b109c891c80d848fd02e2ec2eb8f422df,,PASS,PASS
S4-17-0199,17,development_regression,source_titles,/catalogue_sources/descriptions/7/titles/0,cnw0017.xml,59a7c5ab35c7949ccb4fcdfba0a7452b109c891c80d848fd02e2ec2eb8f422df,/m:mei[1]/m:meiHead[1]/m:manifestationList[1]/m:manifestation[8]/m:titleStmt[1]/m:title[1],PASS,PASS
S4-17-0200,17,development_regression,source_classification_terms,/catalogue_sources/descriptions/7/classification_terms,cnw0017.xml,59a7c5ab35c7949ccb4fcdfba0a7452b109c891c80d848fd02e2ec2eb8f422df,,PASS,PASS
S4-17-0201,17,development_regression,source_classification_terms,/catalogue_sources/descriptions/7/classification_terms/0,cnw0017.xml,59a7c5ab35c7949ccb4fcdfba0a7452b109c891c80d848fd02e2ec2eb8f422df,/m:mei[1]/m:meiHead[1]/m:manifestationList[1]/m:manifestation[8]/m:classification[1]/m:termList[1]/m:term[1],PASS,PASS
S4-17-0202,17,development_regression,source_classification_terms,/catalogue_sources/descriptions/7/classification_terms/1,cnw0017.xml,59a7c5ab35c7949ccb4fcdfba0a7452b109c891c80d848fd02e2ec2eb8f422df,/m:mei[1]/m:meiHead[1]/m:manifestationList[1]/m:manifestation[8]/m:classification[1]/m:termList[1]/m:term[2],PASS,PASS
S4-17-0203,17,development_regression,source_classification_terms,/catalogue_sources/descriptions/7/classification_terms/2,cnw0017.xml,59a7c5ab35c7949ccb4fcdfba0a7452b109c891c80d848fd02e2ec2eb8f422df,/m:mei[1]/m:meiHead[1]/m:manifestationList[1]/m:manifestation[8]/m:classification[1]/m:termList[1]/m:term[3],PASS,PASS
S4-17-0204,17,development_regression,source_classification_terms,/catalogue_sources/descriptions/7/classification_terms/3,cnw0017.xml,59a7c5ab35c7949ccb4fcdfba0a7452b109c891c80d848fd02e2ec2eb8f422df,/m:mei[1]/m:meiHead[1]/m:manifestationList[1]/m:manifestation[8]/m:classification[1]/m:termList[1]/m:term[4],PASS,PASS
S4-17-0205,17,development_regression,source_classification_terms,/catalogue_sources/descriptions/7/classification_terms/4,cnw0017.xml,59a7c5ab35c7949ccb4fcdfba0a7452b109c891c80d848fd02e2ec2eb8f422df,/m:mei[1]/m:meiHead[1]/m:manifestationList[1]/m:manifestation[8]/m:classification[1]/m:termList[1]/m:term[5],PASS,PASS
S4-17-0206,17,development_regression,source_classification_terms,/catalogue_sources/descriptions/7/classification_terms/5,cnw0017.xml,59a7c5ab35c7949ccb4fcdfba0a7452b109c891c80d848fd02e2ec2eb8f422df,/m:mei[1]/m:meiHead[1]/m:manifestationList[1]/m:manifestation[8]/m:classification[1]/m:termList[1]/m:term[6],PASS,PASS
S4-17-0207,17,development_regression,source_publication,/catalogue_sources/descriptions/7/publication,cnw0017.xml,59a7c5ab35c7949ccb4fcdfba0a7452b109c891c80d848fd02e2ec2eb8f422df,,PASS,PASS
S4-17-0208,17,development_regression,source_physical_description,/catalogue_sources/descriptions/7/physical_description,cnw0017.xml,59a7c5ab35c7949ccb4fcdfba0a7452b109c891c80d848fd02e2ec2eb8f422df,,PASS,PASS
S4-17-0209,17,development_regression,source_notes,/catalogue_sources/descriptions/7/notes,cnw0017.xml,59a7c5ab35c7949ccb4fcdfba0a7452b109c891c80d848fd02e2ec2eb8f422df,,PASS,PASS
S4-17-0210,17,development_regression,source_links,/catalogue_sources/descriptions/7/links,cnw0017.xml,59a7c5ab35c7949ccb4fcdfba0a7452b109c891c80d848fd02e2ec2eb8f422df,,PASS,PASS
S4-17-0211,17,development_regression,source_relation,/catalogue_sources/descriptions/7/relations,cnw0017.xml,59a7c5ab35c7949ccb4fcdfba0a7452b109c891c80d848fd02e2ec2eb8f422df,,PASS,PASS
S4-17-0212,17,development_regression,source_relation,/catalogue_sources/descriptions/7/relations/0,cnw0017.xml,59a7c5ab35c7949ccb4fcdfba0a7452b109c891c80d848fd02e2ec2eb8f422df,/m:mei[1]/m:meiHead[1]/m:manifestationList[1]/m:manifestation[8]/m:relationList[1]/m:relation[1],PASS,PASS
S4-17-0213,17,development_regression,held_item_identity,/catalogue_sources/descriptions/7/held_items,cnw0017.xml,59a7c5ab35c7949ccb4fcdfba0a7452b109c891c80d848fd02e2ec2eb8f422df,,PASS,PASS
S4-17-0214,17,development_regression,held_item_identity,/catalogue_sources/descriptions/7/held_items/0,cnw0017.xml,59a7c5ab35c7949ccb4fcdfba0a7452b109c891c80d848fd02e2ec2eb8f422df,/m:mei[1]/m:meiHead[1]/m:manifestationList[1]/m:manifestation[8]/m:itemList[1]/m:item[1],PASS,PASS
S4-17-0215,17,development_regression,held_item_identifiers,/catalogue_sources/descriptions/7/held_items/0/identifiers,cnw0017.xml,59a7c5ab35c7949ccb4fcdfba0a7452b109c891c80d848fd02e2ec2eb8f422df,,PASS,PASS
S4-17-0216,17,development_regression,held_item_identifiers,/catalogue_sources/descriptions/7/held_items/0/identifiers/0,cnw0017.xml,59a7c5ab35c7949ccb4fcdfba0a7452b109c891c80d848fd02e2ec2eb8f422df,/m:mei[1]/m:meiHead[1]/m:manifestationList[1]/m:manifestation[8]/m:itemList[1]/m:item[1]/m:identifier[1],PASS,PASS
S4-17-0217,17,development_regression,held_item_physical_locations,/catalogue_sources/descriptions/7/held_items/0/physical_locations,cnw0017.xml,59a7c5ab35c7949ccb4fcdfba0a7452b109c891c80d848fd02e2ec2eb8f422df,,PASS,PASS
S4-17-0218,17,development_regression,held_item_physical_locations,/catalogue_sources/descriptions/7/held_items/0/physical_locations/0,cnw0017.xml,59a7c5ab35c7949ccb4fcdfba0a7452b109c891c80d848fd02e2ec2eb8f422df,/m:mei[1]/m:meiHead[1]/m:manifestationList[1]/m:manifestation[8]/m:itemList[1]/m:item[1]/m:physLoc[1],PASS,PASS
S4-17-0219,17,development_regression,held_item_physical_description,/catalogue_sources/descriptions/7/held_items/0/physical_description,cnw0017.xml,59a7c5ab35c7949ccb4fcdfba0a7452b109c891c80d848fd02e2ec2eb8f422df,,PASS,PASS
S4-17-0220,17,development_regression,held_item_links,/catalogue_sources/descriptions/7/held_items/0/links,cnw0017.xml,59a7c5ab35c7949ccb4fcdfba0a7452b109c891c80d848fd02e2ec2eb8f422df,,PASS,PASS
S4-17-0221,17,development_regression,source_identity,/catalogue_sources/descriptions/8,cnw0017.xml,59a7c5ab35c7949ccb4fcdfba0a7452b109c891c80d848fd02e2ec2eb8f422df,/m:mei[1]/m:meiHead[1]/m:manifestationList[1]/m:manifestation[9],PASS,PASS
S4-17-0222,17,development_regression,source_identifiers,/catalogue_sources/descriptions/8/identifiers,cnw0017.xml,59a7c5ab35c7949ccb4fcdfba0a7452b109c891c80d848fd02e2ec2eb8f422df,,PASS,PASS
S4-17-0223,17,development_regression,source_titles,/catalogue_sources/descriptions/8/titles,cnw0017.xml,59a7c5ab35c7949ccb4fcdfba0a7452b109c891c80d848fd02e2ec2eb8f422df,,PASS,PASS
S4-17-0224,17,development_regression,source_titles,/catalogue_sources/descriptions/8/titles/0,cnw0017.xml,59a7c5ab35c7949ccb4fcdfba0a7452b109c891c80d848fd02e2ec2eb8f422df,/m:mei[1]/m:meiHead[1]/m:manifestationList[1]/m:manifestation[9]/m:titleStmt[1]/m:title[1],PASS,PASS
S4-17-0225,17,development_regression,source_classification_terms,/catalogue_sources/descriptions/8/classification_terms,cnw0017.xml,59a7c5ab35c7949ccb4fcdfba0a7452b109c891c80d848fd02e2ec2eb8f422df,,PASS,PASS
S4-17-0226,17,development_regression,source_classification_terms,/catalogue_sources/descriptions/8/classification_terms/0,cnw0017.xml,59a7c5ab35c7949ccb4fcdfba0a7452b109c891c80d848fd02e2ec2eb8f422df,/m:mei[1]/m:meiHead[1]/m:manifestationList[1]/m:manifestation[9]/m:classification[1]/m:termList[1]/m:term[1],PASS,PASS
S4-17-0227,17,development_regression,source_classification_terms,/catalogue_sources/descriptions/8/classification_terms/1,cnw0017.xml,59a7c5ab35c7949ccb4fcdfba0a7452b109c891c80d848fd02e2ec2eb8f422df,/m:mei[1]/m:meiHead[1]/m:manifestationList[1]/m:manifestation[9]/m:classification[1]/m:termList[1]/m:term[2],PASS,PASS
S4-17-0228,17,development_regression,source_classification_terms,/catalogue_sources/descriptions/8/classification_terms/2,cnw0017.xml,59a7c5ab35c7949ccb4fcdfba0a7452b109c891c80d848fd02e2ec2eb8f422df,/m:mei[1]/m:meiHead[1]/m:manifestationList[1]/m:manifestation[9]/m:classification[1]/m:termList[1]/m:term[3],PASS,PASS
S4-17-0229,17,development_regression,source_classification_terms,/catalogue_sources/descriptions/8/classification_terms/3,cnw0017.xml,59a7c5ab35c7949ccb4fcdfba0a7452b109c891c80d848fd02e2ec2eb8f422df,/m:mei[1]/m:meiHead[1]/m:manifestationList[1]/m:manifestation[9]/m:classification[1]/m:termList[1]/m:term[4],PASS,PASS
S4-17-0230,17,development_regression,source_classification_terms,/catalogue_sources/descriptions/8/classification_terms/4,cnw0017.xml,59a7c5ab35c7949ccb4fcdfba0a7452b109c891c80d848fd02e2ec2eb8f422df,/m:mei[1]/m:meiHead[1]/m:manifestationList[1]/m:manifestation[9]/m:classification[1]/m:termList[1]/m:term[5],PASS,PASS
S4-17-0231,17,development_regression,source_classification_terms,/catalogue_sources/descriptions/8/classification_terms/5,cnw0017.xml,59a7c5ab35c7949ccb4fcdfba0a7452b109c891c80d848fd02e2ec2eb8f422df,/m:mei[1]/m:meiHead[1]/m:manifestationList[1]/m:manifestation[9]/m:classification[1]/m:termList[1]/m:term[6],PASS,PASS
S4-17-0232,17,development_regression,source_publication,/catalogue_sources/descriptions/8/publication,cnw0017.xml,59a7c5ab35c7949ccb4fcdfba0a7452b109c891c80d848fd02e2ec2eb8f422df,,PASS,PASS
S4-17-0233,17,development_regression,source_physical_description,/catalogue_sources/descriptions/8/physical_description,cnw0017.xml,59a7c5ab35c7949ccb4fcdfba0a7452b109c891c80d848fd02e2ec2eb8f422df,,PASS,PASS
S4-17-0234,17,development_regression,source_notes,/catalogue_sources/descriptions/8/notes,cnw0017.xml,59a7c5ab35c7949ccb4fcdfba0a7452b109c891c80d848fd02e2ec2eb8f422df,,PASS,PASS
S4-17-0235,17,development_regression,source_links,/catalogue_sources/descriptions/8/links,cnw0017.xml,59a7c5ab35c7949ccb4fcdfba0a7452b109c891c80d848fd02e2ec2eb8f422df,,PASS,PASS
S4-17-0236,17,development_regression,source_relation,/catalogue_sources/descriptions/8/relations,cnw0017.xml,59a7c5ab35c7949ccb4fcdfba0a7452b109c891c80d848fd02e2ec2eb8f422df,,PASS,PASS
S4-17-0237,17,development_regression,source_relation,/catalogue_sources/descriptions/8/relations/0,cnw0017.xml,59a7c5ab35c7949ccb4fcdfba0a7452b109c891c80d848fd02e2ec2eb8f422df,/m:mei[1]/m:meiHead[1]/m:manifestationList[1]/m:manifestation[9]/m:relationList[1]/m:relation[1],PASS,PASS
S4-17-0238,17,development_regression,held_item_identity,/catalogue_sources/descriptions/8/held_items,cnw0017.xml,59a7c5ab35c7949ccb4fcdfba0a7452b109c891c80d848fd02e2ec2eb8f422df,,PASS,PASS
S4-17-0239,17,development_regression,held_item_identity,/catalogue_sources/descriptions/8/held_items/0,cnw0017.xml,59a7c5ab35c7949ccb4fcdfba0a7452b109c891c80d848fd02e2ec2eb8f422df,/m:mei[1]/m:meiHead[1]/m:manifestationList[1]/m:manifestation[9]/m:itemList[1]/m:item[1],PASS,PASS
S4-17-0240,17,development_regression,held_item_identifiers,/catalogue_sources/descriptions/8/held_items/0/identifiers,cnw0017.xml,59a7c5ab35c7949ccb4fcdfba0a7452b109c891c80d848fd02e2ec2eb8f422df,,PASS,PASS
S4-17-0241,17,development_regression,held_item_identifiers,/catalogue_sources/descriptions/8/held_items/0/identifiers/0,cnw0017.xml,59a7c5ab35c7949ccb4fcdfba0a7452b109c891c80d848fd02e2ec2eb8f422df,/m:mei[1]/m:meiHead[1]/m:manifestationList[1]/m:manifestation[9]/m:itemList[1]/m:item[1]/m:identifier[1],PASS,PASS
S4-17-0242,17,development_regression,held_item_physical_locations,/catalogue_sources/descriptions/8/held_items/0/physical_locations,cnw0017.xml,59a7c5ab35c7949ccb4fcdfba0a7452b109c891c80d848fd02e2ec2eb8f422df,,PASS,PASS
S4-17-0243,17,development_regression,held_item_physical_locations,/catalogue_sources/descriptions/8/held_items/0/physical_locations/0,cnw0017.xml,59a7c5ab35c7949ccb4fcdfba0a7452b109c891c80d848fd02e2ec2eb8f422df,/m:mei[1]/m:meiHead[1]/m:manifestationList[1]/m:manifestation[9]/m:itemList[1]/m:item[1]/m:physLoc[1],PASS,PASS
S4-17-0244,17,development_regression,held_item_physical_description,/catalogue_sources/descriptions/8/held_items/0/physical_description,cnw0017.xml,59a7c5ab35c7949ccb4fcdfba0a7452b109c891c80d848fd02e2ec2eb8f422df,,PASS,PASS
S4-17-0245,17,development_regression,held_item_links,/catalogue_sources/descriptions/8/held_items/0/links,cnw0017.xml,59a7c5ab35c7949ccb4fcdfba0a7452b109c891c80d848fd02e2ec2eb8f422df,,PASS,PASS
S4-17-0246,17,development_regression,source_identity,/catalogue_sources/descriptions/9,cnw0017.xml,59a7c5ab35c7949ccb4fcdfba0a7452b109c891c80d848fd02e2ec2eb8f422df,/m:mei[1]/m:meiHead[1]/m:manifestationList[1]/m:manifestation[10],PASS,PASS
S4-17-0247,17,development_regression,source_identifiers,/catalogue_sources/descriptions/9/identifiers,cnw0017.xml,59a7c5ab35c7949ccb4fcdfba0a7452b109c891c80d848fd02e2ec2eb8f422df,,PASS,PASS
S4-17-0248,17,development_regression,source_titles,/catalogue_sources/descriptions/9/titles,cnw0017.xml,59a7c5ab35c7949ccb4fcdfba0a7452b109c891c80d848fd02e2ec2eb8f422df,,PASS,PASS
S4-17-0249,17,development_regression,source_titles,/catalogue_sources/descriptions/9/titles/0,cnw0017.xml,59a7c5ab35c7949ccb4fcdfba0a7452b109c891c80d848fd02e2ec2eb8f422df,/m:mei[1]/m:meiHead[1]/m:manifestationList[1]/m:manifestation[10]/m:titleStmt[1]/m:title[1],PASS,PASS
S4-17-0250,17,development_regression,source_classification_terms,/catalogue_sources/descriptions/9/classification_terms,cnw0017.xml,59a7c5ab35c7949ccb4fcdfba0a7452b109c891c80d848fd02e2ec2eb8f422df,,PASS,PASS
S4-17-0251,17,development_regression,source_classification_terms,/catalogue_sources/descriptions/9/classification_terms/0,cnw0017.xml,59a7c5ab35c7949ccb4fcdfba0a7452b109c891c80d848fd02e2ec2eb8f422df,/m:mei[1]/m:meiHead[1]/m:manifestationList[1]/m:manifestation[10]/m:classification[1]/m:termList[1]/m:term[1],PASS,PASS
S4-17-0252,17,development_regression,source_classification_terms,/catalogue_sources/descriptions/9/classification_terms/1,cnw0017.xml,59a7c5ab35c7949ccb4fcdfba0a7452b109c891c80d848fd02e2ec2eb8f422df,/m:mei[1]/m:meiHead[1]/m:manifestationList[1]/m:manifestation[10]/m:classification[1]/m:termList[1]/m:term[2],PASS,PASS
S4-17-0253,17,development_regression,source_classification_terms,/catalogue_sources/descriptions/9/classification_terms/2,cnw0017.xml,59a7c5ab35c7949ccb4fcdfba0a7452b109c891c80d848fd02e2ec2eb8f422df,/m:mei[1]/m:meiHead[1]/m:manifestationList[1]/m:manifestation[10]/m:classification[1]/m:termList[1]/m:term[3],PASS,PASS
S4-17-0254,17,development_regression,source_classification_terms,/catalogue_sources/descriptions/9/classification_terms/3,cnw0017.xml,59a7c5ab35c7949ccb4fcdfba0a7452b109c891c80d848fd02e2ec2eb8f422df,/m:mei[1]/m:meiHead[1]/m:manifestationList[1]/m:manifestation[10]/m:classification[1]/m:termList[1]/m:term[4],PASS,PASS
S4-17-0255,17,development_regression,source_classification_terms,/catalogue_sources/descriptions/9/classification_terms/4,cnw0017.xml,59a7c5ab35c7949ccb4fcdfba0a7452b109c891c80d848fd02e2ec2eb8f422df,/m:mei[1]/m:meiHead[1]/m:manifestationList[1]/m:manifestation[10]/m:classification[1]/m:termList[1]/m:term[5],PASS,PASS
S4-17-0256,17,development_regression,source_classification_terms,/catalogue_sources/descriptions/9/classification_terms/5,cnw0017.xml,59a7c5ab35c7949ccb4fcdfba0a7452b109c891c80d848fd02e2ec2eb8f422df,/m:mei[1]/m:meiHead[1]/m:manifestationList[1]/m:manifestation[10]/m:classification[1]/m:termList[1]/m:term[6],PASS,PASS
S4-17-0257,17,development_regression,source_publication,/catalogue_sources/descriptions/9/publication,cnw0017.xml,59a7c5ab35c7949ccb4fcdfba0a7452b109c891c80d848fd02e2ec2eb8f422df,,PASS,PASS
S4-17-0258,17,development_regression,source_physical_description,/catalogue_sources/descriptions/9/physical_description,cnw0017.xml,59a7c5ab35c7949ccb4fcdfba0a7452b109c891c80d848fd02e2ec2eb8f422df,,PASS,PASS
S4-17-0259,17,development_regression,source_notes,/catalogue_sources/descriptions/9/notes,cnw0017.xml,59a7c5ab35c7949ccb4fcdfba0a7452b109c891c80d848fd02e2ec2eb8f422df,,PASS,PASS
S4-17-0260,17,development_regression,source_links,/catalogue_sources/descriptions/9/links,cnw0017.xml,59a7c5ab35c7949ccb4fcdfba0a7452b109c891c80d848fd02e2ec2eb8f422df,,PASS,PASS
S4-17-0261,17,development_regression,source_relation,/catalogue_sources/descriptions/9/relations,cnw0017.xml,59a7c5ab35c7949ccb4fcdfba0a7452b109c891c80d848fd02e2ec2eb8f422df,,PASS,PASS
S4-17-0262,17,development_regression,source_relation,/catalogue_sources/descriptions/9/relations/0,cnw0017.xml,59a7c5ab35c7949ccb4fcdfba0a7452b109c891c80d848fd02e2ec2eb8f422df,/m:mei[1]/m:meiHead[1]/m:manifestationList[1]/m:manifestation[10]/m:relationList[1]/m:relation[1],PASS,PASS
S4-17-0263,17,development_regression,held_item_identity,/catalogue_sources/descriptions/9/held_items,cnw0017.xml,59a7c5ab35c7949ccb4fcdfba0a7452b109c891c80d848fd02e2ec2eb8f422df,,PASS,PASS
S4-17-0264,17,development_regression,held_item_identity,/catalogue_sources/descriptions/9/held_items/0,cnw0017.xml,59a7c5ab35c7949ccb4fcdfba0a7452b109c891c80d848fd02e2ec2eb8f422df,/m:mei[1]/m:meiHead[1]/m:manifestationList[1]/m:manifestation[10]/m:itemList[1]/m:item[1],PASS,PASS
S4-17-0265,17,development_regression,held_item_identifiers,/catalogue_sources/descriptions/9/held_items/0/identifiers,cnw0017.xml,59a7c5ab35c7949ccb4fcdfba0a7452b109c891c80d848fd02e2ec2eb8f422df,,PASS,PASS
S4-17-0266,17,development_regression,held_item_identifiers,/catalogue_sources/descriptions/9/held_items/0/identifiers/0,cnw0017.xml,59a7c5ab35c7949ccb4fcdfba0a7452b109c891c80d848fd02e2ec2eb8f422df,/m:mei[1]/m:meiHead[1]/m:manifestationList[1]/m:manifestation[10]/m:itemList[1]/m:item[1]/m:identifier[1],PASS,PASS
S4-17-0267,17,development_regression,held_item_physical_locations,/catalogue_sources/descriptions/9/held_items/0/physical_locations,cnw0017.xml,59a7c5ab35c7949ccb4fcdfba0a7452b109c891c80d848fd02e2ec2eb8f422df,,PASS,PASS
S4-17-0268,17,development_regression,held_item_physical_locations,/catalogue_sources/descriptions/9/held_items/0/physical_locations/0,cnw0017.xml,59a7c5ab35c7949ccb4fcdfba0a7452b109c891c80d848fd02e2ec2eb8f422df,/m:mei[1]/m:meiHead[1]/m:manifestationList[1]/m:manifestation[10]/m:itemList[1]/m:item[1]/m:physLoc[1],PASS,PASS
S4-17-0269,17,development_regression,held_item_physical_description,/catalogue_sources/descriptions/9/held_items/0/physical_description,cnw0017.xml,59a7c5ab35c7949ccb4fcdfba0a7452b109c891c80d848fd02e2ec2eb8f422df,,PASS,PASS
S4-17-0270,17,development_regression,held_item_links,/catalogue_sources/descriptions/9/held_items/0/links,cnw0017.xml,59a7c5ab35c7949ccb4fcdfba0a7452b109c891c80d848fd02e2ec2eb8f422df,,PASS,PASS
S4-17-0271,17,development_regression,source_identity,/catalogue_sources/descriptions/10,cnw0017.xml,59a7c5ab35c7949ccb4fcdfba0a7452b109c891c80d848fd02e2ec2eb8f422df,/m:mei[1]/m:meiHead[1]/m:manifestationList[1]/m:manifestation[11],PASS,PASS
S4-17-0272,17,development_regression,source_identifiers,/catalogue_sources/descriptions/10/identifiers,cnw0017.xml,59a7c5ab35c7949ccb4fcdfba0a7452b109c891c80d848fd02e2ec2eb8f422df,,PASS,PASS
S4-17-0273,17,development_regression,source_identifiers,/catalogue_sources/descriptions/10/identifiers/0,cnw0017.xml,59a7c5ab35c7949ccb4fcdfba0a7452b109c891c80d848fd02e2ec2eb8f422df,/m:mei[1]/m:meiHead[1]/m:manifestationList[1]/m:manifestation[11]/m:identifier[1],PASS,PASS
S4-17-0274,17,development_regression,source_titles,/catalogue_sources/descriptions/10/titles,cnw0017.xml,59a7c5ab35c7949ccb4fcdfba0a7452b109c891c80d848fd02e2ec2eb8f422df,,PASS,PASS
S4-17-0275,17,development_regression,source_titles,/catalogue_sources/descriptions/10/titles/0,cnw0017.xml,59a7c5ab35c7949ccb4fcdfba0a7452b109c891c80d848fd02e2ec2eb8f422df,/m:mei[1]/m:meiHead[1]/m:manifestationList[1]/m:manifestation[11]/m:titleStmt[1]/m:title[1],PASS,PASS
S4-17-0276,17,development_regression,source_classification_terms,/catalogue_sources/descriptions/10/classification_terms,cnw0017.xml,59a7c5ab35c7949ccb4fcdfba0a7452b109c891c80d848fd02e2ec2eb8f422df,,PASS,PASS
S4-17-0277,17,development_regression,source_classification_terms,/catalogue_sources/descriptions/10/classification_terms/0,cnw0017.xml,59a7c5ab35c7949ccb4fcdfba0a7452b109c891c80d848fd02e2ec2eb8f422df,/m:mei[1]/m:meiHead[1]/m:manifestationList[1]/m:manifestation[11]/m:classification[1]/m:termList[1]/m:term[1],PASS,PASS
S4-17-0278,17,development_regression,source_classification_terms,/catalogue_sources/descriptions/10/classification_terms/1,cnw0017.xml,59a7c5ab35c7949ccb4fcdfba0a7452b109c891c80d848fd02e2ec2eb8f422df,/m:mei[1]/m:meiHead[1]/m:manifestationList[1]/m:manifestation[11]/m:classification[1]/m:termList[1]/m:term[2],PASS,PASS
S4-17-0279,17,development_regression,source_classification_terms,/catalogue_sources/descriptions/10/classification_terms/2,cnw0017.xml,59a7c5ab35c7949ccb4fcdfba0a7452b109c891c80d848fd02e2ec2eb8f422df,/m:mei[1]/m:meiHead[1]/m:manifestationList[1]/m:manifestation[11]/m:classification[1]/m:termList[1]/m:term[3],PASS,PASS
S4-17-0280,17,development_regression,source_classification_terms,/catalogue_sources/descriptions/10/classification_terms/3,cnw0017.xml,59a7c5ab35c7949ccb4fcdfba0a7452b109c891c80d848fd02e2ec2eb8f422df,/m:mei[1]/m:meiHead[1]/m:manifestationList[1]/m:manifestation[11]/m:classification[1]/m:termList[1]/m:term[4],PASS,PASS
S4-17-0281,17,development_regression,source_classification_terms,/catalogue_sources/descriptions/10/classification_terms/4,cnw0017.xml,59a7c5ab35c7949ccb4fcdfba0a7452b109c891c80d848fd02e2ec2eb8f422df,/m:mei[1]/m:meiHead[1]/m:manifestationList[1]/m:manifestation[11]/m:classification[1]/m:termList[1]/m:term[5],PASS,PASS
S4-17-0282,17,development_regression,source_classification_terms,/catalogue_sources/descriptions/10/classification_terms/5,cnw0017.xml,59a7c5ab35c7949ccb4fcdfba0a7452b109c891c80d848fd02e2ec2eb8f422df,/m:mei[1]/m:meiHead[1]/m:manifestationList[1]/m:manifestation[11]/m:classification[1]/m:termList[1]/m:term[6],PASS,PASS
S4-17-0283,17,development_regression,source_publication,/catalogue_sources/descriptions/10/publication,cnw0017.xml,59a7c5ab35c7949ccb4fcdfba0a7452b109c891c80d848fd02e2ec2eb8f422df,,PASS,PASS
S4-17-0284,17,development_regression,source_publication,/catalogue_sources/descriptions/10/publication/0,cnw0017.xml,59a7c5ab35c7949ccb4fcdfba0a7452b109c891c80d848fd02e2ec2eb8f422df,/m:mei[1]/m:meiHead[1]/m:manifestationList[1]/m:manifestation[11]/m:pubStmt[1]/m:publisher[1],PASS,PASS
S4-17-0285,17,development_regression,source_publication,/catalogue_sources/descriptions/10/publication/1,cnw0017.xml,59a7c5ab35c7949ccb4fcdfba0a7452b109c891c80d848fd02e2ec2eb8f422df,/m:mei[1]/m:meiHead[1]/m:manifestationList[1]/m:manifestation[11]/m:pubStmt[1]/m:pubPlace[1],PASS,PASS
S4-17-0286,17,development_regression,source_publication,/catalogue_sources/descriptions/10/publication/2,cnw0017.xml,59a7c5ab35c7949ccb4fcdfba0a7452b109c891c80d848fd02e2ec2eb8f422df,/m:mei[1]/m:meiHead[1]/m:manifestationList[1]/m:manifestation[11]/m:pubStmt[1]/m:date[1],PASS,PASS
S4-17-0287,17,development_regression,source_physical_description,/catalogue_sources/descriptions/10/physical_description,cnw0017.xml,59a7c5ab35c7949ccb4fcdfba0a7452b109c891c80d848fd02e2ec2eb8f422df,,PASS,PASS
S4-17-0288,17,development_regression,source_physical_description,/catalogue_sources/descriptions/10/physical_description/0,cnw0017.xml,59a7c5ab35c7949ccb4fcdfba0a7452b109c891c80d848fd02e2ec2eb8f422df,/m:mei[1]/m:meiHead[1]/m:manifestationList[1]/m:manifestation[11]/m:physDesc[1]/m:titlePage[1],PASS,PASS
S4-17-0289,17,development_regression,source_notes,/catalogue_sources/descriptions/10/notes,cnw0017.xml,59a7c5ab35c7949ccb4fcdfba0a7452b109c891c80d848fd02e2ec2eb8f422df,,PASS,PASS
S4-17-0290,17,development_regression,source_links,/catalogue_sources/descriptions/10/links,cnw0017.xml,59a7c5ab35c7949ccb4fcdfba0a7452b109c891c80d848fd02e2ec2eb8f422df,,PASS,PASS
S4-17-0291,17,development_regression,source_relation,/catalogue_sources/descriptions/10/relations,cnw0017.xml,59a7c5ab35c7949ccb4fcdfba0a7452b109c891c80d848fd02e2ec2eb8f422df,,PASS,PASS
S4-17-0292,17,development_regression,source_relation,/catalogue_sources/descriptions/10/relations/0,cnw0017.xml,59a7c5ab35c7949ccb4fcdfba0a7452b109c891c80d848fd02e2ec2eb8f422df,/m:mei[1]/m:meiHead[1]/m:manifestationList[1]/m:manifestation[11]/m:relationList[1]/m:relation[1],PASS,PASS
S4-17-0293,17,development_regression,held_item_identity,/catalogue_sources/descriptions/10/held_items,cnw0017.xml,59a7c5ab35c7949ccb4fcdfba0a7452b109c891c80d848fd02e2ec2eb8f422df,,PASS,PASS
S4-17-0294,17,development_regression,source_identity,/catalogue_sources/descriptions/11,cnw0017.xml,59a7c5ab35c7949ccb4fcdfba0a7452b109c891c80d848fd02e2ec2eb8f422df,/m:mei[1]/m:meiHead[1]/m:manifestationList[1]/m:manifestation[12],PASS,PASS
S4-17-0295,17,development_regression,source_identifiers,/catalogue_sources/descriptions/11/identifiers,cnw0017.xml,59a7c5ab35c7949ccb4fcdfba0a7452b109c891c80d848fd02e2ec2eb8f422df,,PASS,PASS
S4-17-0296,17,development_regression,source_identifiers,/catalogue_sources/descriptions/11/identifiers/0,cnw0017.xml,59a7c5ab35c7949ccb4fcdfba0a7452b109c891c80d848fd02e2ec2eb8f422df,/m:mei[1]/m:meiHead[1]/m:manifestationList[1]/m:manifestation[12]/m:identifier[1],PASS,PASS
S4-17-0297,17,development_regression,source_titles,/catalogue_sources/descriptions/11/titles,cnw0017.xml,59a7c5ab35c7949ccb4fcdfba0a7452b109c891c80d848fd02e2ec2eb8f422df,,PASS,PASS
S4-17-0298,17,development_regression,source_titles,/catalogue_sources/descriptions/11/titles/0,cnw0017.xml,59a7c5ab35c7949ccb4fcdfba0a7452b109c891c80d848fd02e2ec2eb8f422df,/m:mei[1]/m:meiHead[1]/m:manifestationList[1]/m:manifestation[12]/m:titleStmt[1]/m:title[1],PASS,PASS
S4-17-0299,17,development_regression,source_classification_terms,/catalogue_sources/descriptions/11/classification_terms,cnw0017.xml,59a7c5ab35c7949ccb4fcdfba0a7452b109c891c80d848fd02e2ec2eb8f422df,,PASS,PASS
S4-17-0300,17,development_regression,source_classification_terms,/catalogue_sources/descriptions/11/classification_terms/0,cnw0017.xml,59a7c5ab35c7949ccb4fcdfba0a7452b109c891c80d848fd02e2ec2eb8f422df,/m:mei[1]/m:meiHead[1]/m:manifestationList[1]/m:manifestation[12]/m:classification[1]/m:termList[1]/m:term[1],PASS,PASS
S4-17-0301,17,development_regression,source_classification_terms,/catalogue_sources/descriptions/11/classification_terms/1,cnw0017.xml,59a7c5ab35c7949ccb4fcdfba0a7452b109c891c80d848fd02e2ec2eb8f422df,/m:mei[1]/m:meiHead[1]/m:manifestationList[1]/m:manifestation[12]/m:classification[1]/m:termList[1]/m:term[2],PASS,PASS
S4-17-0302,17,development_regression,source_classification_terms,/catalogue_sources/descriptions/11/classification_terms/2,cnw0017.xml,59a7c5ab35c7949ccb4fcdfba0a7452b109c891c80d848fd02e2ec2eb8f422df,/m:mei[1]/m:meiHead[1]/m:manifestationList[1]/m:manifestation[12]/m:classification[1]/m:termList[1]/m:term[3],PASS,PASS
S4-17-0303,17,development_regression,source_classification_terms,/catalogue_sources/descriptions/11/classification_terms/3,cnw0017.xml,59a7c5ab35c7949ccb4fcdfba0a7452b109c891c80d848fd02e2ec2eb8f422df,/m:mei[1]/m:meiHead[1]/m:manifestationList[1]/m:manifestation[12]/m:classification[1]/m:termList[1]/m:term[4],PASS,PASS
S4-17-0304,17,development_regression,source_classification_terms,/catalogue_sources/descriptions/11/classification_terms/4,cnw0017.xml,59a7c5ab35c7949ccb4fcdfba0a7452b109c891c80d848fd02e2ec2eb8f422df,/m:mei[1]/m:meiHead[1]/m:manifestationList[1]/m:manifestation[12]/m:classification[1]/m:termList[1]/m:term[5],PASS,PASS
S4-17-0305,17,development_regression,source_classification_terms,/catalogue_sources/descriptions/11/classification_terms/5,cnw0017.xml,59a7c5ab35c7949ccb4fcdfba0a7452b109c891c80d848fd02e2ec2eb8f422df,/m:mei[1]/m:meiHead[1]/m:manifestationList[1]/m:manifestation[12]/m:classification[1]/m:termList[1]/m:term[6],PASS,PASS
S4-17-0306,17,development_regression,source_publication,/catalogue_sources/descriptions/11/publication,cnw0017.xml,59a7c5ab35c7949ccb4fcdfba0a7452b109c891c80d848fd02e2ec2eb8f422df,,PASS,PASS
S4-17-0307,17,development_regression,source_publication,/catalogue_sources/descriptions/11/publication/0,cnw0017.xml,59a7c5ab35c7949ccb4fcdfba0a7452b109c891c80d848fd02e2ec2eb8f422df,/m:mei[1]/m:meiHead[1]/m:manifestationList[1]/m:manifestation[12]/m:pubStmt[1]/m:publisher[1],PASS,PASS
S4-17-0308,17,development_regression,source_publication,/catalogue_sources/descriptions/11/publication/1,cnw0017.xml,59a7c5ab35c7949ccb4fcdfba0a7452b109c891c80d848fd02e2ec2eb8f422df,/m:mei[1]/m:meiHead[1]/m:manifestationList[1]/m:manifestation[12]/m:pubStmt[1]/m:pubPlace[1],PASS,PASS
S4-17-0309,17,development_regression,source_publication,/catalogue_sources/descriptions/11/publication/2,cnw0017.xml,59a7c5ab35c7949ccb4fcdfba0a7452b109c891c80d848fd02e2ec2eb8f422df,/m:mei[1]/m:meiHead[1]/m:manifestationList[1]/m:manifestation[12]/m:pubStmt[1]/m:date[1],PASS,PASS
S4-17-0310,17,development_regression,source_physical_description,/catalogue_sources/descriptions/11/physical_description,cnw0017.xml,59a7c5ab35c7949ccb4fcdfba0a7452b109c891c80d848fd02e2ec2eb8f422df,,PASS,PASS
S4-17-0311,17,development_regression,source_physical_description,/catalogue_sources/descriptions/11/physical_description/0,cnw0017.xml,59a7c5ab35c7949ccb4fcdfba0a7452b109c891c80d848fd02e2ec2eb8f422df,/m:mei[1]/m:meiHead[1]/m:manifestationList[1]/m:manifestation[12]/m:physDesc[1]/m:titlePage[1],PASS,PASS
S4-17-0312,17,development_regression,source_notes,/catalogue_sources/descriptions/11/notes,cnw0017.xml,59a7c5ab35c7949ccb4fcdfba0a7452b109c891c80d848fd02e2ec2eb8f422df,,PASS,PASS
S4-17-0313,17,development_regression,source_links,/catalogue_sources/descriptions/11/links,cnw0017.xml,59a7c5ab35c7949ccb4fcdfba0a7452b109c891c80d848fd02e2ec2eb8f422df,,PASS,PASS
S4-17-0314,17,development_regression,source_relation,/catalogue_sources/descriptions/11/relations,cnw0017.xml,59a7c5ab35c7949ccb4fcdfba0a7452b109c891c80d848fd02e2ec2eb8f422df,,PASS,PASS
S4-17-0315,17,development_regression,source_relation,/catalogue_sources/descriptions/11/relations/0,cnw0017.xml,59a7c5ab35c7949ccb4fcdfba0a7452b109c891c80d848fd02e2ec2eb8f422df,/m:mei[1]/m:meiHead[1]/m:manifestationList[1]/m:manifestation[12]/m:relationList[1]/m:relation[1],PASS,PASS
S4-17-0316,17,development_regression,held_item_identity,/catalogue_sources/descriptions/11/held_items,cnw0017.xml,59a7c5ab35c7949ccb4fcdfba0a7452b109c891c80d848fd02e2ec2eb8f422df,,PASS,PASS
S4-17-0317,17,development_regression,source_identity,/catalogue_sources/descriptions/12,cnw0017.xml,59a7c5ab35c7949ccb4fcdfba0a7452b109c891c80d848fd02e2ec2eb8f422df,/m:mei[1]/m:meiHead[1]/m:manifestationList[1]/m:manifestation[13],PASS,PASS
S4-17-0318,17,development_regression,source_identifiers,/catalogue_sources/descriptions/12/identifiers,cnw0017.xml,59a7c5ab35c7949ccb4fcdfba0a7452b109c891c80d848fd02e2ec2eb8f422df,,PASS,PASS
S4-17-0319,17,development_regression,source_titles,/catalogue_sources/descriptions/12/titles,cnw0017.xml,59a7c5ab35c7949ccb4fcdfba0a7452b109c891c80d848fd02e2ec2eb8f422df,,PASS,PASS
S4-17-0320,17,development_regression,source_titles,/catalogue_sources/descriptions/12/titles/0,cnw0017.xml,59a7c5ab35c7949ccb4fcdfba0a7452b109c891c80d848fd02e2ec2eb8f422df,/m:mei[1]/m:meiHead[1]/m:manifestationList[1]/m:manifestation[13]/m:titleStmt[1]/m:title[1],PASS,PASS
S4-17-0321,17,development_regression,source_classification_terms,/catalogue_sources/descriptions/12/classification_terms,cnw0017.xml,59a7c5ab35c7949ccb4fcdfba0a7452b109c891c80d848fd02e2ec2eb8f422df,,PASS,PASS
S4-17-0322,17,development_regression,source_classification_terms,/catalogue_sources/descriptions/12/classification_terms/0,cnw0017.xml,59a7c5ab35c7949ccb4fcdfba0a7452b109c891c80d848fd02e2ec2eb8f422df,/m:mei[1]/m:meiHead[1]/m:manifestationList[1]/m:manifestation[13]/m:classification[1]/m:termList[1]/m:term[1],PASS,PASS
S4-17-0323,17,development_regression,source_classification_terms,/catalogue_sources/descriptions/12/classification_terms/1,cnw0017.xml,59a7c5ab35c7949ccb4fcdfba0a7452b109c891c80d848fd02e2ec2eb8f422df,/m:mei[1]/m:meiHead[1]/m:manifestationList[1]/m:manifestation[13]/m:classification[1]/m:termList[1]/m:term[2],PASS,PASS
S4-17-0324,17,development_regression,source_classification_terms,/catalogue_sources/descriptions/12/classification_terms/2,cnw0017.xml,59a7c5ab35c7949ccb4fcdfba0a7452b109c891c80d848fd02e2ec2eb8f422df,/m:mei[1]/m:meiHead[1]/m:manifestationList[1]/m:manifestation[13]/m:classification[1]/m:termList[1]/m:term[3],PASS,PASS
S4-17-0325,17,development_regression,source_classification_terms,/catalogue_sources/descriptions/12/classification_terms/3,cnw0017.xml,59a7c5ab35c7949ccb4fcdfba0a7452b109c891c80d848fd02e2ec2eb8f422df,/m:mei[1]/m:meiHead[1]/m:manifestationList[1]/m:manifestation[13]/m:classification[1]/m:termList[1]/m:term[4],PASS,PASS
S4-17-0326,17,development_regression,source_classification_terms,/catalogue_sources/descriptions/12/classification_terms/4,cnw0017.xml,59a7c5ab35c7949ccb4fcdfba0a7452b109c891c80d848fd02e2ec2eb8f422df,/m:mei[1]/m:meiHead[1]/m:manifestationList[1]/m:manifestation[13]/m:classification[1]/m:termList[1]/m:term[5],PASS,PASS
S4-17-0327,17,development_regression,source_classification_terms,/catalogue_sources/descriptions/12/classification_terms/5,cnw0017.xml,59a7c5ab35c7949ccb4fcdfba0a7452b109c891c80d848fd02e2ec2eb8f422df,/m:mei[1]/m:meiHead[1]/m:manifestationList[1]/m:manifestation[13]/m:classification[1]/m:termList[1]/m:term[6],PASS,PASS
S4-17-0328,17,development_regression,source_publication,/catalogue_sources/descriptions/12/publication,cnw0017.xml,59a7c5ab35c7949ccb4fcdfba0a7452b109c891c80d848fd02e2ec2eb8f422df,,PASS,PASS
S4-17-0329,17,development_regression,source_physical_description,/catalogue_sources/descriptions/12/physical_description,cnw0017.xml,59a7c5ab35c7949ccb4fcdfba0a7452b109c891c80d848fd02e2ec2eb8f422df,,PASS,PASS
S4-17-0330,17,development_regression,source_notes,/catalogue_sources/descriptions/12/notes,cnw0017.xml,59a7c5ab35c7949ccb4fcdfba0a7452b109c891c80d848fd02e2ec2eb8f422df,,PASS,PASS
S4-17-0331,17,development_regression,source_links,/catalogue_sources/descriptions/12/links,cnw0017.xml,59a7c5ab35c7949ccb4fcdfba0a7452b109c891c80d848fd02e2ec2eb8f422df,,PASS,PASS
S4-17-0332,17,development_regression,source_relation,/catalogue_sources/descriptions/12/relations,cnw0017.xml,59a7c5ab35c7949ccb4fcdfba0a7452b109c891c80d848fd02e2ec2eb8f422df,,PASS,PASS
S4-17-0333,17,development_regression,source_relation,/catalogue_sources/descriptions/12/relations/0,cnw0017.xml,59a7c5ab35c7949ccb4fcdfba0a7452b109c891c80d848fd02e2ec2eb8f422df,/m:mei[1]/m:meiHead[1]/m:manifestationList[1]/m:manifestation[13]/m:relationList[1]/m:relation[1],PASS,PASS
S4-17-0334,17,development_regression,held_item_identity,/catalogue_sources/descriptions/12/held_items,cnw0017.xml,59a7c5ab35c7949ccb4fcdfba0a7452b109c891c80d848fd02e2ec2eb8f422df,,PASS,PASS
S4-17-0335,17,development_regression,held_item_identity,/catalogue_sources/descriptions/12/held_items/0,cnw0017.xml,59a7c5ab35c7949ccb4fcdfba0a7452b109c891c80d848fd02e2ec2eb8f422df,/m:mei[1]/m:meiHead[1]/m:manifestationList[1]/m:manifestation[13]/m:itemList[1]/m:item[1],PASS,PASS
S4-17-0336,17,development_regression,held_item_identifiers,/catalogue_sources/descriptions/12/held_items/0/identifiers,cnw0017.xml,59a7c5ab35c7949ccb4fcdfba0a7452b109c891c80d848fd02e2ec2eb8f422df,,PASS,PASS
S4-17-0337,17,development_regression,held_item_identifiers,/catalogue_sources/descriptions/12/held_items/0/identifiers/0,cnw0017.xml,59a7c5ab35c7949ccb4fcdfba0a7452b109c891c80d848fd02e2ec2eb8f422df,/m:mei[1]/m:meiHead[1]/m:manifestationList[1]/m:manifestation[13]/m:itemList[1]/m:item[1]/m:identifier[1],PASS,PASS
S4-17-0338,17,development_regression,held_item_physical_locations,/catalogue_sources/descriptions/12/held_items/0/physical_locations,cnw0017.xml,59a7c5ab35c7949ccb4fcdfba0a7452b109c891c80d848fd02e2ec2eb8f422df,,PASS,PASS
S4-17-0339,17,development_regression,held_item_physical_locations,/catalogue_sources/descriptions/12/held_items/0/physical_locations/0,cnw0017.xml,59a7c5ab35c7949ccb4fcdfba0a7452b109c891c80d848fd02e2ec2eb8f422df,/m:mei[1]/m:meiHead[1]/m:manifestationList[1]/m:manifestation[13]/m:itemList[1]/m:item[1]/m:physLoc[1],PASS,PASS
S4-17-0340,17,development_regression,held_item_physical_description,/catalogue_sources/descriptions/12/held_items/0/physical_description,cnw0017.xml,59a7c5ab35c7949ccb4fcdfba0a7452b109c891c80d848fd02e2ec2eb8f422df,,PASS,PASS
S4-17-0341,17,development_regression,held_item_physical_description,/catalogue_sources/descriptions/12/held_items/0/physical_description/0,cnw0017.xml,59a7c5ab35c7949ccb4fcdfba0a7452b109c891c80d848fd02e2ec2eb8f422df,/m:mei[1]/m:meiHead[1]/m:manifestationList[1]/m:manifestation[13]/m:itemList[1]/m:item[1]/m:physDesc[1]/m:physMedium[1],PASS,PASS
S4-17-0342,17,development_regression,held_item_links,/catalogue_sources/descriptions/12/held_items/0/links,cnw0017.xml,59a7c5ab35c7949ccb4fcdfba0a7452b109c891c80d848fd02e2ec2eb8f422df,,PASS,PASS
S4-17-0343,17,development_regression,source_identity,/catalogue_sources/descriptions/13,cnw0017.xml,59a7c5ab35c7949ccb4fcdfba0a7452b109c891c80d848fd02e2ec2eb8f422df,/m:mei[1]/m:meiHead[1]/m:manifestationList[1]/m:manifestation[14],PASS,PASS
S4-17-0344,17,development_regression,source_identifiers,/catalogue_sources/descriptions/13/identifiers,cnw0017.xml,59a7c5ab35c7949ccb4fcdfba0a7452b109c891c80d848fd02e2ec2eb8f422df,,PASS,PASS
S4-17-0345,17,development_regression,source_titles,/catalogue_sources/descriptions/13/titles,cnw0017.xml,59a7c5ab35c7949ccb4fcdfba0a7452b109c891c80d848fd02e2ec2eb8f422df,,PASS,PASS
S4-17-0346,17,development_regression,source_titles,/catalogue_sources/descriptions/13/titles/0,cnw0017.xml,59a7c5ab35c7949ccb4fcdfba0a7452b109c891c80d848fd02e2ec2eb8f422df,/m:mei[1]/m:meiHead[1]/m:manifestationList[1]/m:manifestation[14]/m:titleStmt[1]/m:title[1],PASS,PASS
S4-17-0347,17,development_regression,source_classification_terms,/catalogue_sources/descriptions/13/classification_terms,cnw0017.xml,59a7c5ab35c7949ccb4fcdfba0a7452b109c891c80d848fd02e2ec2eb8f422df,,PASS,PASS
S4-17-0348,17,development_regression,source_classification_terms,/catalogue_sources/descriptions/13/classification_terms/0,cnw0017.xml,59a7c5ab35c7949ccb4fcdfba0a7452b109c891c80d848fd02e2ec2eb8f422df,/m:mei[1]/m:meiHead[1]/m:manifestationList[1]/m:manifestation[14]/m:classification[1]/m:termList[1]/m:term[1],PASS,PASS
S4-17-0349,17,development_regression,source_classification_terms,/catalogue_sources/descriptions/13/classification_terms/1,cnw0017.xml,59a7c5ab35c7949ccb4fcdfba0a7452b109c891c80d848fd02e2ec2eb8f422df,/m:mei[1]/m:meiHead[1]/m:manifestationList[1]/m:manifestation[14]/m:classification[1]/m:termList[1]/m:term[2],PASS,PASS
S4-17-0350,17,development_regression,source_classification_terms,/catalogue_sources/descriptions/13/classification_terms/2,cnw0017.xml,59a7c5ab35c7949ccb4fcdfba0a7452b109c891c80d848fd02e2ec2eb8f422df,/m:mei[1]/m:meiHead[1]/m:manifestationList[1]/m:manifestation[14]/m:classification[1]/m:termList[1]/m:term[3],PASS,PASS
S4-17-0351,17,development_regression,source_classification_terms,/catalogue_sources/descriptions/13/classification_terms/3,cnw0017.xml,59a7c5ab35c7949ccb4fcdfba0a7452b109c891c80d848fd02e2ec2eb8f422df,/m:mei[1]/m:meiHead[1]/m:manifestationList[1]/m:manifestation[14]/m:classification[1]/m:termList[1]/m:term[4],PASS,PASS
S4-17-0352,17,development_regression,source_classification_terms,/catalogue_sources/descriptions/13/classification_terms/4,cnw0017.xml,59a7c5ab35c7949ccb4fcdfba0a7452b109c891c80d848fd02e2ec2eb8f422df,/m:mei[1]/m:meiHead[1]/m:manifestationList[1]/m:manifestation[14]/m:classification[1]/m:termList[1]/m:term[5],PASS,PASS
S4-17-0353,17,development_regression,source_classification_terms,/catalogue_sources/descriptions/13/classification_terms/5,cnw0017.xml,59a7c5ab35c7949ccb4fcdfba0a7452b109c891c80d848fd02e2ec2eb8f422df,/m:mei[1]/m:meiHead[1]/m:manifestationList[1]/m:manifestation[14]/m:classification[1]/m:termList[1]/m:term[6],PASS,PASS
S4-17-0354,17,development_regression,source_publication,/catalogue_sources/descriptions/13/publication,cnw0017.xml,59a7c5ab35c7949ccb4fcdfba0a7452b109c891c80d848fd02e2ec2eb8f422df,,PASS,PASS
S4-17-0355,17,development_regression,source_physical_description,/catalogue_sources/descriptions/13/physical_description,cnw0017.xml,59a7c5ab35c7949ccb4fcdfba0a7452b109c891c80d848fd02e2ec2eb8f422df,,PASS,PASS
S4-17-0356,17,development_regression,source_notes,/catalogue_sources/descriptions/13/notes,cnw0017.xml,59a7c5ab35c7949ccb4fcdfba0a7452b109c891c80d848fd02e2ec2eb8f422df,,PASS,PASS
S4-17-0357,17,development_regression,source_links,/catalogue_sources/descriptions/13/links,cnw0017.xml,59a7c5ab35c7949ccb4fcdfba0a7452b109c891c80d848fd02e2ec2eb8f422df,,PASS,PASS
S4-17-0358,17,development_regression,source_relation,/catalogue_sources/descriptions/13/relations,cnw0017.xml,59a7c5ab35c7949ccb4fcdfba0a7452b109c891c80d848fd02e2ec2eb8f422df,,PASS,PASS
S4-17-0359,17,development_regression,source_relation,/catalogue_sources/descriptions/13/relations/0,cnw0017.xml,59a7c5ab35c7949ccb4fcdfba0a7452b109c891c80d848fd02e2ec2eb8f422df,/m:mei[1]/m:meiHead[1]/m:manifestationList[1]/m:manifestation[14]/m:relationList[1]/m:relation[1],PASS,PASS
S4-17-0360,17,development_regression,held_item_identity,/catalogue_sources/descriptions/13/held_items,cnw0017.xml,59a7c5ab35c7949ccb4fcdfba0a7452b109c891c80d848fd02e2ec2eb8f422df,,PASS,PASS
S4-17-0361,17,development_regression,held_item_identity,/catalogue_sources/descriptions/13/held_items/0,cnw0017.xml,59a7c5ab35c7949ccb4fcdfba0a7452b109c891c80d848fd02e2ec2eb8f422df,/m:mei[1]/m:meiHead[1]/m:manifestationList[1]/m:manifestation[14]/m:itemList[1]/m:item[1],PASS,PASS
S4-17-0362,17,development_regression,held_item_identifiers,/catalogue_sources/descriptions/13/held_items/0/identifiers,cnw0017.xml,59a7c5ab35c7949ccb4fcdfba0a7452b109c891c80d848fd02e2ec2eb8f422df,,PASS,PASS
S4-17-0363,17,development_regression,held_item_identifiers,/catalogue_sources/descriptions/13/held_items/0/identifiers/0,cnw0017.xml,59a7c5ab35c7949ccb4fcdfba0a7452b109c891c80d848fd02e2ec2eb8f422df,/m:mei[1]/m:meiHead[1]/m:manifestationList[1]/m:manifestation[14]/m:itemList[1]/m:item[1]/m:identifier[1],PASS,PASS
S4-17-0364,17,development_regression,held_item_physical_locations,/catalogue_sources/descriptions/13/held_items/0/physical_locations,cnw0017.xml,59a7c5ab35c7949ccb4fcdfba0a7452b109c891c80d848fd02e2ec2eb8f422df,,PASS,PASS
S4-17-0365,17,development_regression,held_item_physical_locations,/catalogue_sources/descriptions/13/held_items/0/physical_locations/0,cnw0017.xml,59a7c5ab35c7949ccb4fcdfba0a7452b109c891c80d848fd02e2ec2eb8f422df,/m:mei[1]/m:meiHead[1]/m:manifestationList[1]/m:manifestation[14]/m:itemList[1]/m:item[1]/m:physLoc[1],PASS,PASS
S4-17-0366,17,development_regression,held_item_physical_description,/catalogue_sources/descriptions/13/held_items/0/physical_description,cnw0017.xml,59a7c5ab35c7949ccb4fcdfba0a7452b109c891c80d848fd02e2ec2eb8f422df,,PASS,PASS
S4-17-0367,17,development_regression,held_item_links,/catalogue_sources/descriptions/13/held_items/0/links,cnw0017.xml,59a7c5ab35c7949ccb4fcdfba0a7452b109c891c80d848fd02e2ec2eb8f422df,,PASS,PASS
S4-17-0368,17,development_regression,source_identity,/catalogue_sources/descriptions/14,cnw0017.xml,59a7c5ab35c7949ccb4fcdfba0a7452b109c891c80d848fd02e2ec2eb8f422df,/m:mei[1]/m:meiHead[1]/m:manifestationList[1]/m:manifestation[15],PASS,PASS
S4-17-0369,17,development_regression,source_identifiers,/catalogue_sources/descriptions/14/identifiers,cnw0017.xml,59a7c5ab35c7949ccb4fcdfba0a7452b109c891c80d848fd02e2ec2eb8f422df,,PASS,PASS
S4-17-0370,17,development_regression,source_titles,/catalogue_sources/descriptions/14/titles,cnw0017.xml,59a7c5ab35c7949ccb4fcdfba0a7452b109c891c80d848fd02e2ec2eb8f422df,,PASS,PASS
S4-17-0371,17,development_regression,source_titles,/catalogue_sources/descriptions/14/titles/0,cnw0017.xml,59a7c5ab35c7949ccb4fcdfba0a7452b109c891c80d848fd02e2ec2eb8f422df,/m:mei[1]/m:meiHead[1]/m:manifestationList[1]/m:manifestation[15]/m:titleStmt[1]/m:title[1],PASS,PASS
S4-17-0372,17,development_regression,source_classification_terms,/catalogue_sources/descriptions/14/classification_terms,cnw0017.xml,59a7c5ab35c7949ccb4fcdfba0a7452b109c891c80d848fd02e2ec2eb8f422df,,PASS,PASS
S4-17-0373,17,development_regression,source_classification_terms,/catalogue_sources/descriptions/14/classification_terms/0,cnw0017.xml,59a7c5ab35c7949ccb4fcdfba0a7452b109c891c80d848fd02e2ec2eb8f422df,/m:mei[1]/m:meiHead[1]/m:manifestationList[1]/m:manifestation[15]/m:classification[1]/m:termList[1]/m:term[1],PASS,PASS
S4-17-0374,17,development_regression,source_classification_terms,/catalogue_sources/descriptions/14/classification_terms/1,cnw0017.xml,59a7c5ab35c7949ccb4fcdfba0a7452b109c891c80d848fd02e2ec2eb8f422df,/m:mei[1]/m:meiHead[1]/m:manifestationList[1]/m:manifestation[15]/m:classification[1]/m:termList[1]/m:term[2],PASS,PASS
S4-17-0375,17,development_regression,source_classification_terms,/catalogue_sources/descriptions/14/classification_terms/2,cnw0017.xml,59a7c5ab35c7949ccb4fcdfba0a7452b109c891c80d848fd02e2ec2eb8f422df,/m:mei[1]/m:meiHead[1]/m:manifestationList[1]/m:manifestation[15]/m:classification[1]/m:termList[1]/m:term[3],PASS,PASS
S4-17-0376,17,development_regression,source_classification_terms,/catalogue_sources/descriptions/14/classification_terms/3,cnw0017.xml,59a7c5ab35c7949ccb4fcdfba0a7452b109c891c80d848fd02e2ec2eb8f422df,/m:mei[1]/m:meiHead[1]/m:manifestationList[1]/m:manifestation[15]/m:classification[1]/m:termList[1]/m:term[4],PASS,PASS
S4-17-0377,17,development_regression,source_classification_terms,/catalogue_sources/descriptions/14/classification_terms/4,cnw0017.xml,59a7c5ab35c7949ccb4fcdfba0a7452b109c891c80d848fd02e2ec2eb8f422df,/m:mei[1]/m:meiHead[1]/m:manifestationList[1]/m:manifestation[15]/m:classification[1]/m:termList[1]/m:term[5],PASS,PASS
S4-17-0378,17,development_regression,source_classification_terms,/catalogue_sources/descriptions/14/classification_terms/5,cnw0017.xml,59a7c5ab35c7949ccb4fcdfba0a7452b109c891c80d848fd02e2ec2eb8f422df,/m:mei[1]/m:meiHead[1]/m:manifestationList[1]/m:manifestation[15]/m:classification[1]/m:termList[1]/m:term[6],PASS,PASS
S4-17-0379,17,development_regression,source_publication,/catalogue_sources/descriptions/14/publication,cnw0017.xml,59a7c5ab35c7949ccb4fcdfba0a7452b109c891c80d848fd02e2ec2eb8f422df,,PASS,PASS
S4-17-0380,17,development_regression,source_publication,/catalogue_sources/descriptions/14/publication/0,cnw0017.xml,59a7c5ab35c7949ccb4fcdfba0a7452b109c891c80d848fd02e2ec2eb8f422df,/m:mei[1]/m:meiHead[1]/m:manifestationList[1]/m:manifestation[15]/m:pubStmt[1]/m:publisher[1],PASS,PASS
S4-17-0381,17,development_regression,source_publication,/catalogue_sources/descriptions/14/publication/1,cnw0017.xml,59a7c5ab35c7949ccb4fcdfba0a7452b109c891c80d848fd02e2ec2eb8f422df,/m:mei[1]/m:meiHead[1]/m:manifestationList[1]/m:manifestation[15]/m:pubStmt[1]/m:pubPlace[1],PASS,PASS
S4-17-0382,17,development_regression,source_publication,/catalogue_sources/descriptions/14/publication/2,cnw0017.xml,59a7c5ab35c7949ccb4fcdfba0a7452b109c891c80d848fd02e2ec2eb8f422df,/m:mei[1]/m:meiHead[1]/m:manifestationList[1]/m:manifestation[15]/m:pubStmt[1]/m:date[1],PASS,PASS
S4-17-0383,17,development_regression,source_physical_description,/catalogue_sources/descriptions/14/physical_description,cnw0017.xml,59a7c5ab35c7949ccb4fcdfba0a7452b109c891c80d848fd02e2ec2eb8f422df,,PASS,PASS
S4-17-0384,17,development_regression,source_physical_description,/catalogue_sources/descriptions/14/physical_description/0,cnw0017.xml,59a7c5ab35c7949ccb4fcdfba0a7452b109c891c80d848fd02e2ec2eb8f422df,/m:mei[1]/m:meiHead[1]/m:manifestationList[1]/m:manifestation[15]/m:physDesc[1]/m:titlePage[1],PASS,PASS
S4-17-0385,17,development_regression,source_notes,/catalogue_sources/descriptions/14/notes,cnw0017.xml,59a7c5ab35c7949ccb4fcdfba0a7452b109c891c80d848fd02e2ec2eb8f422df,,PASS,PASS
S4-17-0386,17,development_regression,source_links,/catalogue_sources/descriptions/14/links,cnw0017.xml,59a7c5ab35c7949ccb4fcdfba0a7452b109c891c80d848fd02e2ec2eb8f422df,,PASS,PASS
S4-17-0387,17,development_regression,source_relation,/catalogue_sources/descriptions/14/relations,cnw0017.xml,59a7c5ab35c7949ccb4fcdfba0a7452b109c891c80d848fd02e2ec2eb8f422df,,PASS,PASS
S4-17-0388,17,development_regression,source_relation,/catalogue_sources/descriptions/14/relations/0,cnw0017.xml,59a7c5ab35c7949ccb4fcdfba0a7452b109c891c80d848fd02e2ec2eb8f422df,/m:mei[1]/m:meiHead[1]/m:manifestationList[1]/m:manifestation[15]/m:relationList[1]/m:relation[1],PASS,PASS
S4-17-0389,17,development_regression,held_item_identity,/catalogue_sources/descriptions/14/held_items,cnw0017.xml,59a7c5ab35c7949ccb4fcdfba0a7452b109c891c80d848fd02e2ec2eb8f422df,,PASS,PASS
S4-17-0390,17,development_regression,held_item_identity,/catalogue_sources/descriptions/14/held_items/0,cnw0017.xml,59a7c5ab35c7949ccb4fcdfba0a7452b109c891c80d848fd02e2ec2eb8f422df,/m:mei[1]/m:meiHead[1]/m:manifestationList[1]/m:manifestation[15]/m:itemList[1]/m:item[1],PASS,PASS
S4-17-0391,17,development_regression,held_item_identifiers,/catalogue_sources/descriptions/14/held_items/0/identifiers,cnw0017.xml,59a7c5ab35c7949ccb4fcdfba0a7452b109c891c80d848fd02e2ec2eb8f422df,,PASS,PASS
S4-17-0392,17,development_regression,held_item_identifiers,/catalogue_sources/descriptions/14/held_items/0/identifiers/0,cnw0017.xml,59a7c5ab35c7949ccb4fcdfba0a7452b109c891c80d848fd02e2ec2eb8f422df,/m:mei[1]/m:meiHead[1]/m:manifestationList[1]/m:manifestation[15]/m:itemList[1]/m:item[1]/m:identifier[1],PASS,PASS
S4-17-0393,17,development_regression,held_item_physical_locations,/catalogue_sources/descriptions/14/held_items/0/physical_locations,cnw0017.xml,59a7c5ab35c7949ccb4fcdfba0a7452b109c891c80d848fd02e2ec2eb8f422df,,PASS,PASS
S4-17-0394,17,development_regression,held_item_physical_locations,/catalogue_sources/descriptions/14/held_items/0/physical_locations/0,cnw0017.xml,59a7c5ab35c7949ccb4fcdfba0a7452b109c891c80d848fd02e2ec2eb8f422df,/m:mei[1]/m:meiHead[1]/m:manifestationList[1]/m:manifestation[15]/m:itemList[1]/m:item[1]/m:physLoc[1],PASS,PASS
S4-17-0395,17,development_regression,held_item_physical_description,/catalogue_sources/descriptions/14/held_items/0/physical_description,cnw0017.xml,59a7c5ab35c7949ccb4fcdfba0a7452b109c891c80d848fd02e2ec2eb8f422df,,PASS,PASS
S4-17-0396,17,development_regression,held_item_links,/catalogue_sources/descriptions/14/held_items/0/links,cnw0017.xml,59a7c5ab35c7949ccb4fcdfba0a7452b109c891c80d848fd02e2ec2eb8f422df,,PASS,PASS
S4-45-0001,45,development_regression,work_display,/title,cnw0045.xml,c64bd57cae74a9df4acd9eac91dfd737bbcb343f75796d803b3f1b39c192f025,,PASS,PASS
S4-45-0002,45,development_regression,work_display,/display_title_policy,cnw0045.xml,c64bd57cae74a9df4acd9eac91dfd737bbcb343f75796d803b3f1b39c192f025,,PASS,PASS
S4-45-0003,45,development_regression,work_classification,/genre,cnw0045.xml,c64bd57cae74a9df4acd9eac91dfd737bbcb343f75796d803b3f1b39c192f025,,PASS,PASS
S4-45-0004,45,development_regression,work_title,/titles,cnw0045.xml,c64bd57cae74a9df4acd9eac91dfd737bbcb343f75796d803b3f1b39c192f025,,PASS,PASS
S4-45-0005,45,development_regression,work_title,/titles/0,cnw0045.xml,c64bd57cae74a9df4acd9eac91dfd737bbcb343f75796d803b3f1b39c192f025,/m:mei[1]/m:meiHead[1]/m:workList[1]/m:work[1]/m:title[1],PASS,PASS
S4-45-0006,45,development_regression,work_title,/titles/1,cnw0045.xml,c64bd57cae74a9df4acd9eac91dfd737bbcb343f75796d803b3f1b39c192f025,/m:mei[1]/m:meiHead[1]/m:workList[1]/m:work[1]/m:title[2],PASS,PASS
S4-45-0007,45,development_regression,work_title,/titles/2,cnw0045.xml,c64bd57cae74a9df4acd9eac91dfd737bbcb343f75796d803b3f1b39c192f025,/m:mei[1]/m:meiHead[1]/m:workList[1]/m:work[1]/m:title[3],PASS,PASS
S4-45-0008,45,development_regression,work_title,/titles/3,cnw0045.xml,c64bd57cae74a9df4acd9eac91dfd737bbcb343f75796d803b3f1b39c192f025,/m:mei[1]/m:meiHead[1]/m:workList[1]/m:work[1]/m:title[4],PASS,PASS
S4-45-0009,45,development_regression,work_classification,/classification_terms,cnw0045.xml,c64bd57cae74a9df4acd9eac91dfd737bbcb343f75796d803b3f1b39c192f025,,PASS,PASS
S4-45-0010,45,development_regression,work_classification,/classification_terms/0,cnw0045.xml,c64bd57cae74a9df4acd9eac91dfd737bbcb343f75796d803b3f1b39c192f025,/m:mei[1]/m:meiHead[1]/m:workList[1]/m:work[1]/m:classification[1]/m:termList[1]/m:term[1],PASS,PASS
S4-45-0011,45,development_regression,work_classification,/classification_terms/1,cnw0045.xml,c64bd57cae74a9df4acd9eac91dfd737bbcb343f75796d803b3f1b39c192f025,/m:mei[1]/m:meiHead[1]/m:workList[1]/m:work[1]/m:classification[1]/m:termList[1]/m:term[2],PASS,PASS
S4-45-0012,45,development_regression,document_identity,/catalogue_sources/document,cnw0045.xml,c64bd57cae74a9df4acd9eac91dfd737bbcb343f75796d803b3f1b39c192f025,,PASS,PASS
S4-45-0013,45,development_regression,projection_state,/catalogue_sources/projection,cnw0045.xml,c64bd57cae74a9df4acd9eac91dfd737bbcb343f75796d803b3f1b39c192f025,,PASS,PASS
S4-45-0014,45,development_regression,source_identity,/catalogue_sources/descriptions,cnw0045.xml,c64bd57cae74a9df4acd9eac91dfd737bbcb343f75796d803b3f1b39c192f025,,PASS,PASS
S4-45-0015,45,development_regression,source_identity,/catalogue_sources/descriptions/0,cnw0045.xml,c64bd57cae74a9df4acd9eac91dfd737bbcb343f75796d803b3f1b39c192f025,/m:mei[1]/m:meiHead[1]/m:manifestationList[1]/m:manifestation[1],PASS,PASS
S4-45-0016,45,development_regression,source_identifiers,/catalogue_sources/descriptions/0/identifiers,cnw0045.xml,c64bd57cae74a9df4acd9eac91dfd737bbcb343f75796d803b3f1b39c192f025,,PASS,PASS
S4-45-0017,45,development_regression,source_titles,/catalogue_sources/descriptions/0/titles,cnw0045.xml,c64bd57cae74a9df4acd9eac91dfd737bbcb343f75796d803b3f1b39c192f025,,PASS,PASS
S4-45-0018,45,development_regression,source_titles,/catalogue_sources/descriptions/0/titles/0,cnw0045.xml,c64bd57cae74a9df4acd9eac91dfd737bbcb343f75796d803b3f1b39c192f025,/m:mei[1]/m:meiHead[1]/m:manifestationList[1]/m:manifestation[1]/m:titleStmt[1]/m:title[1],PASS,PASS
S4-45-0019,45,development_regression,source_classification_terms,/catalogue_sources/descriptions/0/classification_terms,cnw0045.xml,c64bd57cae74a9df4acd9eac91dfd737bbcb343f75796d803b3f1b39c192f025,,PASS,PASS
S4-45-0020,45,development_regression,source_classification_terms,/catalogue_sources/descriptions/0/classification_terms/0,cnw0045.xml,c64bd57cae74a9df4acd9eac91dfd737bbcb343f75796d803b3f1b39c192f025,/m:mei[1]/m:meiHead[1]/m:manifestationList[1]/m:manifestation[1]/m:classification[1]/m:termList[1]/m:term[1],PASS,PASS
S4-45-0021,45,development_regression,source_classification_terms,/catalogue_sources/descriptions/0/classification_terms/1,cnw0045.xml,c64bd57cae74a9df4acd9eac91dfd737bbcb343f75796d803b3f1b39c192f025,/m:mei[1]/m:meiHead[1]/m:manifestationList[1]/m:manifestation[1]/m:classification[1]/m:termList[1]/m:term[2],PASS,PASS
S4-45-0022,45,development_regression,source_classification_terms,/catalogue_sources/descriptions/0/classification_terms/2,cnw0045.xml,c64bd57cae74a9df4acd9eac91dfd737bbcb343f75796d803b3f1b39c192f025,/m:mei[1]/m:meiHead[1]/m:manifestationList[1]/m:manifestation[1]/m:classification[1]/m:termList[1]/m:term[3],PASS,PASS
S4-45-0023,45,development_regression,source_classification_terms,/catalogue_sources/descriptions/0/classification_terms/3,cnw0045.xml,c64bd57cae74a9df4acd9eac91dfd737bbcb343f75796d803b3f1b39c192f025,/m:mei[1]/m:meiHead[1]/m:manifestationList[1]/m:manifestation[1]/m:classification[1]/m:termList[1]/m:term[4],PASS,PASS
S4-45-0024,45,development_regression,source_classification_terms,/catalogue_sources/descriptions/0/classification_terms/4,cnw0045.xml,c64bd57cae74a9df4acd9eac91dfd737bbcb343f75796d803b3f1b39c192f025,/m:mei[1]/m:meiHead[1]/m:manifestationList[1]/m:manifestation[1]/m:classification[1]/m:termList[1]/m:term[5],PASS,PASS
S4-45-0025,45,development_regression,source_classification_terms,/catalogue_sources/descriptions/0/classification_terms/5,cnw0045.xml,c64bd57cae74a9df4acd9eac91dfd737bbcb343f75796d803b3f1b39c192f025,/m:mei[1]/m:meiHead[1]/m:manifestationList[1]/m:manifestation[1]/m:classification[1]/m:termList[1]/m:term[6],PASS,PASS
S4-45-0026,45,development_regression,source_publication,/catalogue_sources/descriptions/0/publication,cnw0045.xml,c64bd57cae74a9df4acd9eac91dfd737bbcb343f75796d803b3f1b39c192f025,,PASS,PASS
S4-45-0027,45,development_regression,source_physical_description,/catalogue_sources/descriptions/0/physical_description,cnw0045.xml,c64bd57cae74a9df4acd9eac91dfd737bbcb343f75796d803b3f1b39c192f025,,PASS,PASS
S4-45-0028,45,development_regression,source_notes,/catalogue_sources/descriptions/0/notes,cnw0045.xml,c64bd57cae74a9df4acd9eac91dfd737bbcb343f75796d803b3f1b39c192f025,,PASS,PASS
S4-45-0029,45,development_regression,source_links,/catalogue_sources/descriptions/0/links,cnw0045.xml,c64bd57cae74a9df4acd9eac91dfd737bbcb343f75796d803b3f1b39c192f025,,PASS,PASS
S4-45-0030,45,development_regression,source_relation,/catalogue_sources/descriptions/0/relations,cnw0045.xml,c64bd57cae74a9df4acd9eac91dfd737bbcb343f75796d803b3f1b39c192f025,,PASS,PASS
S4-45-0031,45,development_regression,source_relation,/catalogue_sources/descriptions/0/relations/0,cnw0045.xml,c64bd57cae74a9df4acd9eac91dfd737bbcb343f75796d803b3f1b39c192f025,/m:mei[1]/m:meiHead[1]/m:manifestationList[1]/m:manifestation[1]/m:relationList[1]/m:relation[1],PASS,PASS
S4-45-0032,45,development_regression,held_item_identity,/catalogue_sources/descriptions/0/held_items,cnw0045.xml,c64bd57cae74a9df4acd9eac91dfd737bbcb343f75796d803b3f1b39c192f025,,PASS,PASS
S4-45-0033,45,development_regression,held_item_identity,/catalogue_sources/descriptions/0/held_items/0,cnw0045.xml,c64bd57cae74a9df4acd9eac91dfd737bbcb343f75796d803b3f1b39c192f025,/m:mei[1]/m:meiHead[1]/m:manifestationList[1]/m:manifestation[1]/m:itemList[1]/m:item[1],PASS,PASS
S4-45-0034,45,development_regression,held_item_identifiers,/catalogue_sources/descriptions/0/held_items/0/identifiers,cnw0045.xml,c64bd57cae74a9df4acd9eac91dfd737bbcb343f75796d803b3f1b39c192f025,,PASS,PASS
S4-45-0035,45,development_regression,held_item_identifiers,/catalogue_sources/descriptions/0/held_items/0/identifiers/0,cnw0045.xml,c64bd57cae74a9df4acd9eac91dfd737bbcb343f75796d803b3f1b39c192f025,/m:mei[1]/m:meiHead[1]/m:manifestationList[1]/m:manifestation[1]/m:itemList[1]/m:item[1]/m:identifier[1],PASS,PASS
S4-45-0036,45,development_regression,held_item_physical_locations,/catalogue_sources/descriptions/0/held_items/0/physical_locations,cnw0045.xml,c64bd57cae74a9df4acd9eac91dfd737bbcb343f75796d803b3f1b39c192f025,,PASS,PASS
S4-45-0037,45,development_regression,held_item_physical_locations,/catalogue_sources/descriptions/0/held_items/0/physical_locations/0,cnw0045.xml,c64bd57cae74a9df4acd9eac91dfd737bbcb343f75796d803b3f1b39c192f025,/m:mei[1]/m:meiHead[1]/m:manifestationList[1]/m:manifestation[1]/m:itemList[1]/m:item[1]/m:physLoc[1],PASS,PASS
S4-45-0038,45,development_regression,held_item_physical_description,/catalogue_sources/descriptions/0/held_items/0/physical_description,cnw0045.xml,c64bd57cae74a9df4acd9eac91dfd737bbcb343f75796d803b3f1b39c192f025,,PASS,PASS
S4-45-0039,45,development_regression,held_item_links,/catalogue_sources/descriptions/0/held_items/0/links,cnw0045.xml,c64bd57cae74a9df4acd9eac91dfd737bbcb343f75796d803b3f1b39c192f025,,PASS,PASS
S4-48-0001,48,reserved_purposive,work_display,/title,cnw0048.xml,27a06bf3fea411d0b341efdb660bb6dc6264e2ae1cd9e3e86678c10616e1a7a6,,PASS,PASS
S4-48-0002,48,reserved_purposive,work_display,/display_title_policy,cnw0048.xml,27a06bf3fea411d0b341efdb660bb6dc6264e2ae1cd9e3e86678c10616e1a7a6,,PASS,PASS
S4-48-0003,48,reserved_purposive,work_classification,/genre,cnw0048.xml,27a06bf3fea411d0b341efdb660bb6dc6264e2ae1cd9e3e86678c10616e1a7a6,,PASS,PASS
S4-48-0004,48,reserved_purposive,work_title,/titles,cnw0048.xml,27a06bf3fea411d0b341efdb660bb6dc6264e2ae1cd9e3e86678c10616e1a7a6,,PASS,PASS
S4-48-0005,48,reserved_purposive,work_title,/titles/0,cnw0048.xml,27a06bf3fea411d0b341efdb660bb6dc6264e2ae1cd9e3e86678c10616e1a7a6,/m:mei[1]/m:meiHead[1]/m:workList[1]/m:work[1]/m:title[1],PASS,PASS
S4-48-0006,48,reserved_purposive,work_title,/titles/1,cnw0048.xml,27a06bf3fea411d0b341efdb660bb6dc6264e2ae1cd9e3e86678c10616e1a7a6,/m:mei[1]/m:meiHead[1]/m:workList[1]/m:work[1]/m:title[2],PASS,PASS
S4-48-0007,48,reserved_purposive,work_classification,/classification_terms,cnw0048.xml,27a06bf3fea411d0b341efdb660bb6dc6264e2ae1cd9e3e86678c10616e1a7a6,,PASS,PASS
S4-48-0008,48,reserved_purposive,work_classification,/classification_terms/0,cnw0048.xml,27a06bf3fea411d0b341efdb660bb6dc6264e2ae1cd9e3e86678c10616e1a7a6,/m:mei[1]/m:meiHead[1]/m:workList[1]/m:work[1]/m:classification[1]/m:termList[1]/m:term[1],PASS,PASS
S4-48-0009,48,reserved_purposive,work_classification,/classification_terms/1,cnw0048.xml,27a06bf3fea411d0b341efdb660bb6dc6264e2ae1cd9e3e86678c10616e1a7a6,/m:mei[1]/m:meiHead[1]/m:workList[1]/m:work[1]/m:classification[1]/m:termList[1]/m:term[2],PASS,PASS
S4-48-0010,48,reserved_purposive,document_identity,/catalogue_sources/document,cnw0048.xml,27a06bf3fea411d0b341efdb660bb6dc6264e2ae1cd9e3e86678c10616e1a7a6,,PASS,PASS
S4-48-0011,48,reserved_purposive,projection_state,/catalogue_sources/projection,cnw0048.xml,27a06bf3fea411d0b341efdb660bb6dc6264e2ae1cd9e3e86678c10616e1a7a6,,PASS,PASS
S4-48-0012,48,reserved_purposive,source_identity,/catalogue_sources/descriptions,cnw0048.xml,27a06bf3fea411d0b341efdb660bb6dc6264e2ae1cd9e3e86678c10616e1a7a6,,PASS,PASS
S4-48-0013,48,reserved_purposive,source_identity,/catalogue_sources/descriptions/0,cnw0048.xml,27a06bf3fea411d0b341efdb660bb6dc6264e2ae1cd9e3e86678c10616e1a7a6,/m:mei[1]/m:meiHead[1]/m:manifestationList[1]/m:manifestation[1],PASS,PASS
S4-48-0014,48,reserved_purposive,source_identifiers,/catalogue_sources/descriptions/0/identifiers,cnw0048.xml,27a06bf3fea411d0b341efdb660bb6dc6264e2ae1cd9e3e86678c10616e1a7a6,,PASS,PASS
S4-48-0015,48,reserved_purposive,source_titles,/catalogue_sources/descriptions/0/titles,cnw0048.xml,27a06bf3fea411d0b341efdb660bb6dc6264e2ae1cd9e3e86678c10616e1a7a6,,PASS,PASS
S4-48-0016,48,reserved_purposive,source_titles,/catalogue_sources/descriptions/0/titles/0,cnw0048.xml,27a06bf3fea411d0b341efdb660bb6dc6264e2ae1cd9e3e86678c10616e1a7a6,/m:mei[1]/m:meiHead[1]/m:manifestationList[1]/m:manifestation[1]/m:titleStmt[1]/m:title[1],PASS,PASS
S4-48-0017,48,reserved_purposive,source_classification_terms,/catalogue_sources/descriptions/0/classification_terms,cnw0048.xml,27a06bf3fea411d0b341efdb660bb6dc6264e2ae1cd9e3e86678c10616e1a7a6,,PASS,PASS
S4-48-0018,48,reserved_purposive,source_classification_terms,/catalogue_sources/descriptions/0/classification_terms/0,cnw0048.xml,27a06bf3fea411d0b341efdb660bb6dc6264e2ae1cd9e3e86678c10616e1a7a6,/m:mei[1]/m:meiHead[1]/m:manifestationList[1]/m:manifestation[1]/m:classification[1]/m:termList[1]/m:term[1],PASS,PASS
S4-48-0019,48,reserved_purposive,source_classification_terms,/catalogue_sources/descriptions/0/classification_terms/1,cnw0048.xml,27a06bf3fea411d0b341efdb660bb6dc6264e2ae1cd9e3e86678c10616e1a7a6,/m:mei[1]/m:meiHead[1]/m:manifestationList[1]/m:manifestation[1]/m:classification[1]/m:termList[1]/m:term[2],PASS,PASS
S4-48-0020,48,reserved_purposive,source_classification_terms,/catalogue_sources/descriptions/0/classification_terms/2,cnw0048.xml,27a06bf3fea411d0b341efdb660bb6dc6264e2ae1cd9e3e86678c10616e1a7a6,/m:mei[1]/m:meiHead[1]/m:manifestationList[1]/m:manifestation[1]/m:classification[1]/m:termList[1]/m:term[3],PASS,PASS
S4-48-0021,48,reserved_purposive,source_classification_terms,/catalogue_sources/descriptions/0/classification_terms/3,cnw0048.xml,27a06bf3fea411d0b341efdb660bb6dc6264e2ae1cd9e3e86678c10616e1a7a6,/m:mei[1]/m:meiHead[1]/m:manifestationList[1]/m:manifestation[1]/m:classification[1]/m:termList[1]/m:term[4],PASS,PASS
S4-48-0022,48,reserved_purposive,source_classification_terms,/catalogue_sources/descriptions/0/classification_terms/4,cnw0048.xml,27a06bf3fea411d0b341efdb660bb6dc6264e2ae1cd9e3e86678c10616e1a7a6,/m:mei[1]/m:meiHead[1]/m:manifestationList[1]/m:manifestation[1]/m:classification[1]/m:termList[1]/m:term[5],PASS,PASS
S4-48-0023,48,reserved_purposive,source_classification_terms,/catalogue_sources/descriptions/0/classification_terms/5,cnw0048.xml,27a06bf3fea411d0b341efdb660bb6dc6264e2ae1cd9e3e86678c10616e1a7a6,/m:mei[1]/m:meiHead[1]/m:manifestationList[1]/m:manifestation[1]/m:classification[1]/m:termList[1]/m:term[6],PASS,PASS
S4-48-0024,48,reserved_purposive,source_publication,/catalogue_sources/descriptions/0/publication,cnw0048.xml,27a06bf3fea411d0b341efdb660bb6dc6264e2ae1cd9e3e86678c10616e1a7a6,,PASS,PASS
S4-48-0025,48,reserved_purposive,source_physical_description,/catalogue_sources/descriptions/0/physical_description,cnw0048.xml,27a06bf3fea411d0b341efdb660bb6dc6264e2ae1cd9e3e86678c10616e1a7a6,,PASS,PASS
S4-48-0026,48,reserved_purposive,source_notes,/catalogue_sources/descriptions/0/notes,cnw0048.xml,27a06bf3fea411d0b341efdb660bb6dc6264e2ae1cd9e3e86678c10616e1a7a6,,PASS,PASS
S4-48-0027,48,reserved_purposive,source_links,/catalogue_sources/descriptions/0/links,cnw0048.xml,27a06bf3fea411d0b341efdb660bb6dc6264e2ae1cd9e3e86678c10616e1a7a6,,PASS,PASS
S4-48-0028,48,reserved_purposive,source_relation,/catalogue_sources/descriptions/0/relations,cnw0048.xml,27a06bf3fea411d0b341efdb660bb6dc6264e2ae1cd9e3e86678c10616e1a7a6,,PASS,PASS
S4-48-0029,48,reserved_purposive,source_relation,/catalogue_sources/descriptions/0/relations/0,cnw0048.xml,27a06bf3fea411d0b341efdb660bb6dc6264e2ae1cd9e3e86678c10616e1a7a6,/m:mei[1]/m:meiHead[1]/m:manifestationList[1]/m:manifestation[1]/m:relationList[1]/m:relation[1],PASS,PASS
S4-48-0030,48,reserved_purposive,held_item_identity,/catalogue_sources/descriptions/0/held_items,cnw0048.xml,27a06bf3fea411d0b341efdb660bb6dc6264e2ae1cd9e3e86678c10616e1a7a6,,PASS,PASS
S4-48-0031,48,reserved_purposive,held_item_identity,/catalogue_sources/descriptions/0/held_items/0,cnw0048.xml,27a06bf3fea411d0b341efdb660bb6dc6264e2ae1cd9e3e86678c10616e1a7a6,/m:mei[1]/m:meiHead[1]/m:manifestationList[1]/m:manifestation[1]/m:itemList[1]/m:item[1],PASS,PASS
S4-48-0032,48,reserved_purposive,held_item_identifiers,/catalogue_sources/descriptions/0/held_items/0/identifiers,cnw0048.xml,27a06bf3fea411d0b341efdb660bb6dc6264e2ae1cd9e3e86678c10616e1a7a6,,PASS,PASS
S4-48-0033,48,reserved_purposive,held_item_identifiers,/catalogue_sources/descriptions/0/held_items/0/identifiers/0,cnw0048.xml,27a06bf3fea411d0b341efdb660bb6dc6264e2ae1cd9e3e86678c10616e1a7a6,/m:mei[1]/m:meiHead[1]/m:manifestationList[1]/m:manifestation[1]/m:itemList[1]/m:item[1]/m:identifier[1],PASS,PASS
S4-48-0034,48,reserved_purposive,held_item_physical_locations,/catalogue_sources/descriptions/0/held_items/0/physical_locations,cnw0048.xml,27a06bf3fea411d0b341efdb660bb6dc6264e2ae1cd9e3e86678c10616e1a7a6,,PASS,PASS
S4-48-0035,48,reserved_purposive,held_item_physical_locations,/catalogue_sources/descriptions/0/held_items/0/physical_locations/0,cnw0048.xml,27a06bf3fea411d0b341efdb660bb6dc6264e2ae1cd9e3e86678c10616e1a7a6,/m:mei[1]/m:meiHead[1]/m:manifestationList[1]/m:manifestation[1]/m:itemList[1]/m:item[1]/m:physLoc[1],PASS,PASS
S4-48-0036,48,reserved_purposive,held_item_physical_description,/catalogue_sources/descriptions/0/held_items/0/physical_description,cnw0048.xml,27a06bf3fea411d0b341efdb660bb6dc6264e2ae1cd9e3e86678c10616e1a7a6,,PASS,PASS
S4-48-0037,48,reserved_purposive,held_item_links,/catalogue_sources/descriptions/0/held_items/0/links,cnw0048.xml,27a06bf3fea411d0b341efdb660bb6dc6264e2ae1cd9e3e86678c10616e1a7a6,,PASS,PASS
S4-63-0001,63,development_regression,work_display,/title,cnw0063.xml,8bf29bf5881b0cbfe03367d08806c6928eceb7395b6a61667ab2b57dcbd90a32,,PASS,PASS
S4-63-0002,63,development_regression,work_display,/display_title_policy,cnw0063.xml,8bf29bf5881b0cbfe03367d08806c6928eceb7395b6a61667ab2b57dcbd90a32,,PASS,PASS
S4-63-0003,63,development_regression,work_classification,/genre,cnw0063.xml,8bf29bf5881b0cbfe03367d08806c6928eceb7395b6a61667ab2b57dcbd90a32,,PASS,PASS
S4-63-0004,63,development_regression,work_title,/titles,cnw0063.xml,8bf29bf5881b0cbfe03367d08806c6928eceb7395b6a61667ab2b57dcbd90a32,,PASS,PASS
S4-63-0005,63,development_regression,work_title,/titles/0,cnw0063.xml,8bf29bf5881b0cbfe03367d08806c6928eceb7395b6a61667ab2b57dcbd90a32,/m:mei[1]/m:meiHead[1]/m:workList[1]/m:work[1]/m:title[1],PASS,PASS
S4-63-0006,63,development_regression,work_title,/titles/1,cnw0063.xml,8bf29bf5881b0cbfe03367d08806c6928eceb7395b6a61667ab2b57dcbd90a32,/m:mei[1]/m:meiHead[1]/m:workList[1]/m:work[1]/m:title[2],PASS,PASS
S4-63-0007,63,development_regression,work_classification,/classification_terms,cnw0063.xml,8bf29bf5881b0cbfe03367d08806c6928eceb7395b6a61667ab2b57dcbd90a32,,PASS,PASS
S4-63-0008,63,development_regression,work_classification,/classification_terms/0,cnw0063.xml,8bf29bf5881b0cbfe03367d08806c6928eceb7395b6a61667ab2b57dcbd90a32,/m:mei[1]/m:meiHead[1]/m:workList[1]/m:work[1]/m:classification[1]/m:termList[1]/m:term[1],PASS,PASS
S4-63-0009,63,development_regression,work_classification,/classification_terms/1,cnw0063.xml,8bf29bf5881b0cbfe03367d08806c6928eceb7395b6a61667ab2b57dcbd90a32,/m:mei[1]/m:meiHead[1]/m:workList[1]/m:work[1]/m:classification[1]/m:termList[1]/m:term[2],PASS,PASS
S4-63-0010,63,development_regression,document_identity,/catalogue_sources/document,cnw0063.xml,8bf29bf5881b0cbfe03367d08806c6928eceb7395b6a61667ab2b57dcbd90a32,,PASS,PASS
S4-63-0011,63,development_regression,projection_state,/catalogue_sources/projection,cnw0063.xml,8bf29bf5881b0cbfe03367d08806c6928eceb7395b6a61667ab2b57dcbd90a32,,PASS,PASS
S4-63-0012,63,development_regression,source_identity,/catalogue_sources/descriptions,cnw0063.xml,8bf29bf5881b0cbfe03367d08806c6928eceb7395b6a61667ab2b57dcbd90a32,,PASS,PASS
S4-63-0013,63,development_regression,source_identity,/catalogue_sources/descriptions/0,cnw0063.xml,8bf29bf5881b0cbfe03367d08806c6928eceb7395b6a61667ab2b57dcbd90a32,/m:mei[1]/m:meiHead[1]/m:manifestationList[1]/m:manifestation[1],PASS,PASS
S4-63-0014,63,development_regression,source_identifiers,/catalogue_sources/descriptions/0/identifiers,cnw0063.xml,8bf29bf5881b0cbfe03367d08806c6928eceb7395b6a61667ab2b57dcbd90a32,,PASS,PASS
S4-63-0015,63,development_regression,source_titles,/catalogue_sources/descriptions/0/titles,cnw0063.xml,8bf29bf5881b0cbfe03367d08806c6928eceb7395b6a61667ab2b57dcbd90a32,,PASS,PASS
S4-63-0016,63,development_regression,source_titles,/catalogue_sources/descriptions/0/titles/0,cnw0063.xml,8bf29bf5881b0cbfe03367d08806c6928eceb7395b6a61667ab2b57dcbd90a32,/m:mei[1]/m:meiHead[1]/m:manifestationList[1]/m:manifestation[1]/m:titleStmt[1]/m:title[1],PASS,PASS
S4-63-0017,63,development_regression,source_classification_terms,/catalogue_sources/descriptions/0/classification_terms,cnw0063.xml,8bf29bf5881b0cbfe03367d08806c6928eceb7395b6a61667ab2b57dcbd90a32,,PASS,PASS
S4-63-0018,63,development_regression,source_classification_terms,/catalogue_sources/descriptions/0/classification_terms/0,cnw0063.xml,8bf29bf5881b0cbfe03367d08806c6928eceb7395b6a61667ab2b57dcbd90a32,/m:mei[1]/m:meiHead[1]/m:manifestationList[1]/m:manifestation[1]/m:classification[1]/m:termList[1]/m:term[1],PASS,PASS
S4-63-0019,63,development_regression,source_classification_terms,/catalogue_sources/descriptions/0/classification_terms/1,cnw0063.xml,8bf29bf5881b0cbfe03367d08806c6928eceb7395b6a61667ab2b57dcbd90a32,/m:mei[1]/m:meiHead[1]/m:manifestationList[1]/m:manifestation[1]/m:classification[1]/m:termList[1]/m:term[2],PASS,PASS
S4-63-0020,63,development_regression,source_classification_terms,/catalogue_sources/descriptions/0/classification_terms/2,cnw0063.xml,8bf29bf5881b0cbfe03367d08806c6928eceb7395b6a61667ab2b57dcbd90a32,/m:mei[1]/m:meiHead[1]/m:manifestationList[1]/m:manifestation[1]/m:classification[1]/m:termList[1]/m:term[3],PASS,PASS
S4-63-0021,63,development_regression,source_classification_terms,/catalogue_sources/descriptions/0/classification_terms/3,cnw0063.xml,8bf29bf5881b0cbfe03367d08806c6928eceb7395b6a61667ab2b57dcbd90a32,/m:mei[1]/m:meiHead[1]/m:manifestationList[1]/m:manifestation[1]/m:classification[1]/m:termList[1]/m:term[4],PASS,PASS
S4-63-0022,63,development_regression,source_classification_terms,/catalogue_sources/descriptions/0/classification_terms/4,cnw0063.xml,8bf29bf5881b0cbfe03367d08806c6928eceb7395b6a61667ab2b57dcbd90a32,/m:mei[1]/m:meiHead[1]/m:manifestationList[1]/m:manifestation[1]/m:classification[1]/m:termList[1]/m:term[5],PASS,PASS
S4-63-0023,63,development_regression,source_classification_terms,/catalogue_sources/descriptions/0/classification_terms/5,cnw0063.xml,8bf29bf5881b0cbfe03367d08806c6928eceb7395b6a61667ab2b57dcbd90a32,/m:mei[1]/m:meiHead[1]/m:manifestationList[1]/m:manifestation[1]/m:classification[1]/m:termList[1]/m:term[6],PASS,PASS
S4-63-0024,63,development_regression,source_publication,/catalogue_sources/descriptions/0/publication,cnw0063.xml,8bf29bf5881b0cbfe03367d08806c6928eceb7395b6a61667ab2b57dcbd90a32,,PASS,PASS
S4-63-0025,63,development_regression,source_physical_description,/catalogue_sources/descriptions/0/physical_description,cnw0063.xml,8bf29bf5881b0cbfe03367d08806c6928eceb7395b6a61667ab2b57dcbd90a32,,PASS,PASS
S4-63-0026,63,development_regression,source_notes,/catalogue_sources/descriptions/0/notes,cnw0063.xml,8bf29bf5881b0cbfe03367d08806c6928eceb7395b6a61667ab2b57dcbd90a32,,PASS,PASS
S4-63-0027,63,development_regression,source_links,/catalogue_sources/descriptions/0/links,cnw0063.xml,8bf29bf5881b0cbfe03367d08806c6928eceb7395b6a61667ab2b57dcbd90a32,,PASS,PASS
S4-63-0028,63,development_regression,source_relation,/catalogue_sources/descriptions/0/relations,cnw0063.xml,8bf29bf5881b0cbfe03367d08806c6928eceb7395b6a61667ab2b57dcbd90a32,,PASS,PASS
S4-63-0029,63,development_regression,source_relation,/catalogue_sources/descriptions/0/relations/0,cnw0063.xml,8bf29bf5881b0cbfe03367d08806c6928eceb7395b6a61667ab2b57dcbd90a32,/m:mei[1]/m:meiHead[1]/m:manifestationList[1]/m:manifestation[1]/m:relationList[1]/m:relation[1],PASS,PASS
S4-63-0030,63,development_regression,held_item_identity,/catalogue_sources/descriptions/0/held_items,cnw0063.xml,8bf29bf5881b0cbfe03367d08806c6928eceb7395b6a61667ab2b57dcbd90a32,,PASS,PASS
S4-63-0031,63,development_regression,held_item_identity,/catalogue_sources/descriptions/0/held_items/0,cnw0063.xml,8bf29bf5881b0cbfe03367d08806c6928eceb7395b6a61667ab2b57dcbd90a32,/m:mei[1]/m:meiHead[1]/m:manifestationList[1]/m:manifestation[1]/m:itemList[1]/m:item[1],PASS,PASS
S4-63-0032,63,development_regression,held_item_identifiers,/catalogue_sources/descriptions/0/held_items/0/identifiers,cnw0063.xml,8bf29bf5881b0cbfe03367d08806c6928eceb7395b6a61667ab2b57dcbd90a32,,PASS,PASS
S4-63-0033,63,development_regression,held_item_identifiers,/catalogue_sources/descriptions/0/held_items/0/identifiers/0,cnw0063.xml,8bf29bf5881b0cbfe03367d08806c6928eceb7395b6a61667ab2b57dcbd90a32,/m:mei[1]/m:meiHead[1]/m:manifestationList[1]/m:manifestation[1]/m:itemList[1]/m:item[1]/m:identifier[1],PASS,PASS
S4-63-0034,63,development_regression,held_item_physical_locations,/catalogue_sources/descriptions/0/held_items/0/physical_locations,cnw0063.xml,8bf29bf5881b0cbfe03367d08806c6928eceb7395b6a61667ab2b57dcbd90a32,,PASS,PASS
S4-63-0035,63,development_regression,held_item_physical_locations,/catalogue_sources/descriptions/0/held_items/0/physical_locations/0,cnw0063.xml,8bf29bf5881b0cbfe03367d08806c6928eceb7395b6a61667ab2b57dcbd90a32,/m:mei[1]/m:meiHead[1]/m:manifestationList[1]/m:manifestation[1]/m:itemList[1]/m:item[1]/m:physLoc[1],PASS,PASS
S4-63-0036,63,development_regression,held_item_physical_description,/catalogue_sources/descriptions/0/held_items/0/physical_description,cnw0063.xml,8bf29bf5881b0cbfe03367d08806c6928eceb7395b6a61667ab2b57dcbd90a32,,PASS,PASS
S4-63-0037,63,development_regression,held_item_links,/catalogue_sources/descriptions/0/held_items/0/links,cnw0063.xml,8bf29bf5881b0cbfe03367d08806c6928eceb7395b6a61667ab2b57dcbd90a32,,PASS,PASS
S4-63-0038,63,development_regression,source_identity,/catalogue_sources/descriptions/1,cnw0063.xml,8bf29bf5881b0cbfe03367d08806c6928eceb7395b6a61667ab2b57dcbd90a32,/m:mei[1]/m:meiHead[1]/m:manifestationList[1]/m:manifestation[2],PASS,PASS
S4-63-0039,63,development_regression,source_identifiers,/catalogue_sources/descriptions/1/identifiers,cnw0063.xml,8bf29bf5881b0cbfe03367d08806c6928eceb7395b6a61667ab2b57dcbd90a32,,PASS,PASS
S4-63-0040,63,development_regression,source_titles,/catalogue_sources/descriptions/1/titles,cnw0063.xml,8bf29bf5881b0cbfe03367d08806c6928eceb7395b6a61667ab2b57dcbd90a32,,PASS,PASS
S4-63-0041,63,development_regression,source_titles,/catalogue_sources/descriptions/1/titles/0,cnw0063.xml,8bf29bf5881b0cbfe03367d08806c6928eceb7395b6a61667ab2b57dcbd90a32,/m:mei[1]/m:meiHead[1]/m:manifestationList[1]/m:manifestation[2]/m:titleStmt[1]/m:title[1],PASS,PASS
S4-63-0042,63,development_regression,source_classification_terms,/catalogue_sources/descriptions/1/classification_terms,cnw0063.xml,8bf29bf5881b0cbfe03367d08806c6928eceb7395b6a61667ab2b57dcbd90a32,,PASS,PASS
S4-63-0043,63,development_regression,source_classification_terms,/catalogue_sources/descriptions/1/classification_terms/0,cnw0063.xml,8bf29bf5881b0cbfe03367d08806c6928eceb7395b6a61667ab2b57dcbd90a32,/m:mei[1]/m:meiHead[1]/m:manifestationList[1]/m:manifestation[2]/m:classification[1]/m:termList[1]/m:term[1],PASS,PASS
S4-63-0044,63,development_regression,source_classification_terms,/catalogue_sources/descriptions/1/classification_terms/1,cnw0063.xml,8bf29bf5881b0cbfe03367d08806c6928eceb7395b6a61667ab2b57dcbd90a32,/m:mei[1]/m:meiHead[1]/m:manifestationList[1]/m:manifestation[2]/m:classification[1]/m:termList[1]/m:term[2],PASS,PASS
S4-63-0045,63,development_regression,source_classification_terms,/catalogue_sources/descriptions/1/classification_terms/2,cnw0063.xml,8bf29bf5881b0cbfe03367d08806c6928eceb7395b6a61667ab2b57dcbd90a32,/m:mei[1]/m:meiHead[1]/m:manifestationList[1]/m:manifestation[2]/m:classification[1]/m:termList[1]/m:term[3],PASS,PASS
S4-63-0046,63,development_regression,source_classification_terms,/catalogue_sources/descriptions/1/classification_terms/3,cnw0063.xml,8bf29bf5881b0cbfe03367d08806c6928eceb7395b6a61667ab2b57dcbd90a32,/m:mei[1]/m:meiHead[1]/m:manifestationList[1]/m:manifestation[2]/m:classification[1]/m:termList[1]/m:term[4],PASS,PASS
S4-63-0047,63,development_regression,source_classification_terms,/catalogue_sources/descriptions/1/classification_terms/4,cnw0063.xml,8bf29bf5881b0cbfe03367d08806c6928eceb7395b6a61667ab2b57dcbd90a32,/m:mei[1]/m:meiHead[1]/m:manifestationList[1]/m:manifestation[2]/m:classification[1]/m:termList[1]/m:term[5],PASS,PASS
S4-63-0048,63,development_regression,source_classification_terms,/catalogue_sources/descriptions/1/classification_terms/5,cnw0063.xml,8bf29bf5881b0cbfe03367d08806c6928eceb7395b6a61667ab2b57dcbd90a32,/m:mei[1]/m:meiHead[1]/m:manifestationList[1]/m:manifestation[2]/m:classification[1]/m:termList[1]/m:term[6],PASS,PASS
S4-63-0049,63,development_regression,source_publication,/catalogue_sources/descriptions/1/publication,cnw0063.xml,8bf29bf5881b0cbfe03367d08806c6928eceb7395b6a61667ab2b57dcbd90a32,,PASS,PASS
S4-63-0050,63,development_regression,source_physical_description,/catalogue_sources/descriptions/1/physical_description,cnw0063.xml,8bf29bf5881b0cbfe03367d08806c6928eceb7395b6a61667ab2b57dcbd90a32,,PASS,PASS
S4-63-0051,63,development_regression,source_notes,/catalogue_sources/descriptions/1/notes,cnw0063.xml,8bf29bf5881b0cbfe03367d08806c6928eceb7395b6a61667ab2b57dcbd90a32,,PASS,PASS
S4-63-0052,63,development_regression,source_links,/catalogue_sources/descriptions/1/links,cnw0063.xml,8bf29bf5881b0cbfe03367d08806c6928eceb7395b6a61667ab2b57dcbd90a32,,PASS,PASS
S4-63-0053,63,development_regression,source_relation,/catalogue_sources/descriptions/1/relations,cnw0063.xml,8bf29bf5881b0cbfe03367d08806c6928eceb7395b6a61667ab2b57dcbd90a32,,PASS,PASS
S4-63-0054,63,development_regression,source_relation,/catalogue_sources/descriptions/1/relations/0,cnw0063.xml,8bf29bf5881b0cbfe03367d08806c6928eceb7395b6a61667ab2b57dcbd90a32,/m:mei[1]/m:meiHead[1]/m:manifestationList[1]/m:manifestation[2]/m:relationList[1]/m:relation[1],PASS,PASS
S4-63-0055,63,development_regression,held_item_identity,/catalogue_sources/descriptions/1/held_items,cnw0063.xml,8bf29bf5881b0cbfe03367d08806c6928eceb7395b6a61667ab2b57dcbd90a32,,PASS,PASS
S4-63-0056,63,development_regression,held_item_identity,/catalogue_sources/descriptions/1/held_items/0,cnw0063.xml,8bf29bf5881b0cbfe03367d08806c6928eceb7395b6a61667ab2b57dcbd90a32,/m:mei[1]/m:meiHead[1]/m:manifestationList[1]/m:manifestation[2]/m:itemList[1]/m:item[1],PASS,PASS
S4-63-0057,63,development_regression,held_item_identifiers,/catalogue_sources/descriptions/1/held_items/0/identifiers,cnw0063.xml,8bf29bf5881b0cbfe03367d08806c6928eceb7395b6a61667ab2b57dcbd90a32,,PASS,PASS
S4-63-0058,63,development_regression,held_item_identifiers,/catalogue_sources/descriptions/1/held_items/0/identifiers/0,cnw0063.xml,8bf29bf5881b0cbfe03367d08806c6928eceb7395b6a61667ab2b57dcbd90a32,/m:mei[1]/m:meiHead[1]/m:manifestationList[1]/m:manifestation[2]/m:itemList[1]/m:item[1]/m:identifier[1],PASS,PASS
S4-63-0059,63,development_regression,held_item_physical_locations,/catalogue_sources/descriptions/1/held_items/0/physical_locations,cnw0063.xml,8bf29bf5881b0cbfe03367d08806c6928eceb7395b6a61667ab2b57dcbd90a32,,PASS,PASS
S4-63-0060,63,development_regression,held_item_physical_locations,/catalogue_sources/descriptions/1/held_items/0/physical_locations/0,cnw0063.xml,8bf29bf5881b0cbfe03367d08806c6928eceb7395b6a61667ab2b57dcbd90a32,/m:mei[1]/m:meiHead[1]/m:manifestationList[1]/m:manifestation[2]/m:itemList[1]/m:item[1]/m:physLoc[1],PASS,PASS
S4-63-0061,63,development_regression,held_item_physical_description,/catalogue_sources/descriptions/1/held_items/0/physical_description,cnw0063.xml,8bf29bf5881b0cbfe03367d08806c6928eceb7395b6a61667ab2b57dcbd90a32,,PASS,PASS
S4-63-0062,63,development_regression,held_item_links,/catalogue_sources/descriptions/1/held_items/0/links,cnw0063.xml,8bf29bf5881b0cbfe03367d08806c6928eceb7395b6a61667ab2b57dcbd90a32,,PASS,PASS
S4-63-0063,63,development_regression,source_identity,/catalogue_sources/descriptions/2,cnw0063.xml,8bf29bf5881b0cbfe03367d08806c6928eceb7395b6a61667ab2b57dcbd90a32,/m:mei[1]/m:meiHead[1]/m:manifestationList[1]/m:manifestation[3],PASS,PASS
S4-63-0064,63,development_regression,source_identifiers,/catalogue_sources/descriptions/2/identifiers,cnw0063.xml,8bf29bf5881b0cbfe03367d08806c6928eceb7395b6a61667ab2b57dcbd90a32,,PASS,PASS
S4-63-0065,63,development_regression,source_titles,/catalogue_sources/descriptions/2/titles,cnw0063.xml,8bf29bf5881b0cbfe03367d08806c6928eceb7395b6a61667ab2b57dcbd90a32,,PASS,PASS
S4-63-0066,63,development_regression,source_titles,/catalogue_sources/descriptions/2/titles/0,cnw0063.xml,8bf29bf5881b0cbfe03367d08806c6928eceb7395b6a61667ab2b57dcbd90a32,/m:mei[1]/m:meiHead[1]/m:manifestationList[1]/m:manifestation[3]/m:titleStmt[1]/m:title[1],PASS,PASS
S4-63-0067,63,development_regression,source_classification_terms,/catalogue_sources/descriptions/2/classification_terms,cnw0063.xml,8bf29bf5881b0cbfe03367d08806c6928eceb7395b6a61667ab2b57dcbd90a32,,PASS,PASS
S4-63-0068,63,development_regression,source_classification_terms,/catalogue_sources/descriptions/2/classification_terms/0,cnw0063.xml,8bf29bf5881b0cbfe03367d08806c6928eceb7395b6a61667ab2b57dcbd90a32,/m:mei[1]/m:meiHead[1]/m:manifestationList[1]/m:manifestation[3]/m:classification[1]/m:termList[1]/m:term[1],PASS,PASS
S4-63-0069,63,development_regression,source_classification_terms,/catalogue_sources/descriptions/2/classification_terms/1,cnw0063.xml,8bf29bf5881b0cbfe03367d08806c6928eceb7395b6a61667ab2b57dcbd90a32,/m:mei[1]/m:meiHead[1]/m:manifestationList[1]/m:manifestation[3]/m:classification[1]/m:termList[1]/m:term[2],PASS,PASS
S4-63-0070,63,development_regression,source_classification_terms,/catalogue_sources/descriptions/2/classification_terms/2,cnw0063.xml,8bf29bf5881b0cbfe03367d08806c6928eceb7395b6a61667ab2b57dcbd90a32,/m:mei[1]/m:meiHead[1]/m:manifestationList[1]/m:manifestation[3]/m:classification[1]/m:termList[1]/m:term[3],PASS,PASS
S4-63-0071,63,development_regression,source_classification_terms,/catalogue_sources/descriptions/2/classification_terms/3,cnw0063.xml,8bf29bf5881b0cbfe03367d08806c6928eceb7395b6a61667ab2b57dcbd90a32,/m:mei[1]/m:meiHead[1]/m:manifestationList[1]/m:manifestation[3]/m:classification[1]/m:termList[1]/m:term[4],PASS,PASS
S4-63-0072,63,development_regression,source_classification_terms,/catalogue_sources/descriptions/2/classification_terms/4,cnw0063.xml,8bf29bf5881b0cbfe03367d08806c6928eceb7395b6a61667ab2b57dcbd90a32,/m:mei[1]/m:meiHead[1]/m:manifestationList[1]/m:manifestation[3]/m:classification[1]/m:termList[1]/m:term[5],PASS,PASS
S4-63-0073,63,development_regression,source_classification_terms,/catalogue_sources/descriptions/2/classification_terms/5,cnw0063.xml,8bf29bf5881b0cbfe03367d08806c6928eceb7395b6a61667ab2b57dcbd90a32,/m:mei[1]/m:meiHead[1]/m:manifestationList[1]/m:manifestation[3]/m:classification[1]/m:termList[1]/m:term[6],PASS,PASS
S4-63-0074,63,development_regression,source_publication,/catalogue_sources/descriptions/2/publication,cnw0063.xml,8bf29bf5881b0cbfe03367d08806c6928eceb7395b6a61667ab2b57dcbd90a32,,PASS,PASS
S4-63-0075,63,development_regression,source_physical_description,/catalogue_sources/descriptions/2/physical_description,cnw0063.xml,8bf29bf5881b0cbfe03367d08806c6928eceb7395b6a61667ab2b57dcbd90a32,,PASS,PASS
S4-63-0076,63,development_regression,source_notes,/catalogue_sources/descriptions/2/notes,cnw0063.xml,8bf29bf5881b0cbfe03367d08806c6928eceb7395b6a61667ab2b57dcbd90a32,,PASS,PASS
S4-63-0077,63,development_regression,source_links,/catalogue_sources/descriptions/2/links,cnw0063.xml,8bf29bf5881b0cbfe03367d08806c6928eceb7395b6a61667ab2b57dcbd90a32,,PASS,PASS
S4-63-0078,63,development_regression,source_relation,/catalogue_sources/descriptions/2/relations,cnw0063.xml,8bf29bf5881b0cbfe03367d08806c6928eceb7395b6a61667ab2b57dcbd90a32,,PASS,PASS
S4-63-0079,63,development_regression,source_relation,/catalogue_sources/descriptions/2/relations/0,cnw0063.xml,8bf29bf5881b0cbfe03367d08806c6928eceb7395b6a61667ab2b57dcbd90a32,/m:mei[1]/m:meiHead[1]/m:manifestationList[1]/m:manifestation[3]/m:relationList[1]/m:relation[1],PASS,PASS
S4-63-0080,63,development_regression,held_item_identity,/catalogue_sources/descriptions/2/held_items,cnw0063.xml,8bf29bf5881b0cbfe03367d08806c6928eceb7395b6a61667ab2b57dcbd90a32,,PASS,PASS
S4-63-0081,63,development_regression,held_item_identity,/catalogue_sources/descriptions/2/held_items/0,cnw0063.xml,8bf29bf5881b0cbfe03367d08806c6928eceb7395b6a61667ab2b57dcbd90a32,/m:mei[1]/m:meiHead[1]/m:manifestationList[1]/m:manifestation[3]/m:itemList[1]/m:item[1],PASS,PASS
S4-63-0082,63,development_regression,held_item_identifiers,/catalogue_sources/descriptions/2/held_items/0/identifiers,cnw0063.xml,8bf29bf5881b0cbfe03367d08806c6928eceb7395b6a61667ab2b57dcbd90a32,,PASS,PASS
S4-63-0083,63,development_regression,held_item_identifiers,/catalogue_sources/descriptions/2/held_items/0/identifiers/0,cnw0063.xml,8bf29bf5881b0cbfe03367d08806c6928eceb7395b6a61667ab2b57dcbd90a32,/m:mei[1]/m:meiHead[1]/m:manifestationList[1]/m:manifestation[3]/m:itemList[1]/m:item[1]/m:identifier[1],PASS,PASS
S4-63-0084,63,development_regression,held_item_physical_locations,/catalogue_sources/descriptions/2/held_items/0/physical_locations,cnw0063.xml,8bf29bf5881b0cbfe03367d08806c6928eceb7395b6a61667ab2b57dcbd90a32,,PASS,PASS
S4-63-0085,63,development_regression,held_item_physical_locations,/catalogue_sources/descriptions/2/held_items/0/physical_locations/0,cnw0063.xml,8bf29bf5881b0cbfe03367d08806c6928eceb7395b6a61667ab2b57dcbd90a32,/m:mei[1]/m:meiHead[1]/m:manifestationList[1]/m:manifestation[3]/m:itemList[1]/m:item[1]/m:physLoc[1],PASS,PASS
S4-63-0086,63,development_regression,held_item_physical_description,/catalogue_sources/descriptions/2/held_items/0/physical_description,cnw0063.xml,8bf29bf5881b0cbfe03367d08806c6928eceb7395b6a61667ab2b57dcbd90a32,,PASS,PASS
S4-63-0087,63,development_regression,held_item_links,/catalogue_sources/descriptions/2/held_items/0/links,cnw0063.xml,8bf29bf5881b0cbfe03367d08806c6928eceb7395b6a61667ab2b57dcbd90a32,,PASS,PASS
S4-63-0088,63,development_regression,source_identity,/catalogue_sources/descriptions/3,cnw0063.xml,8bf29bf5881b0cbfe03367d08806c6928eceb7395b6a61667ab2b57dcbd90a32,/m:mei[1]/m:meiHead[1]/m:manifestationList[1]/m:manifestation[4],PASS,PASS
S4-63-0089,63,development_regression,source_identifiers,/catalogue_sources/descriptions/3/identifiers,cnw0063.xml,8bf29bf5881b0cbfe03367d08806c6928eceb7395b6a61667ab2b57dcbd90a32,,PASS,PASS
S4-63-0090,63,development_regression,source_titles,/catalogue_sources/descriptions/3/titles,cnw0063.xml,8bf29bf5881b0cbfe03367d08806c6928eceb7395b6a61667ab2b57dcbd90a32,,PASS,PASS
S4-63-0091,63,development_regression,source_titles,/catalogue_sources/descriptions/3/titles/0,cnw0063.xml,8bf29bf5881b0cbfe03367d08806c6928eceb7395b6a61667ab2b57dcbd90a32,/m:mei[1]/m:meiHead[1]/m:manifestationList[1]/m:manifestation[4]/m:titleStmt[1]/m:title[1],PASS,PASS
S4-63-0092,63,development_regression,source_classification_terms,/catalogue_sources/descriptions/3/classification_terms,cnw0063.xml,8bf29bf5881b0cbfe03367d08806c6928eceb7395b6a61667ab2b57dcbd90a32,,PASS,PASS
S4-63-0093,63,development_regression,source_classification_terms,/catalogue_sources/descriptions/3/classification_terms/0,cnw0063.xml,8bf29bf5881b0cbfe03367d08806c6928eceb7395b6a61667ab2b57dcbd90a32,/m:mei[1]/m:meiHead[1]/m:manifestationList[1]/m:manifestation[4]/m:classification[1]/m:termList[1]/m:term[1],PASS,PASS
S4-63-0094,63,development_regression,source_classification_terms,/catalogue_sources/descriptions/3/classification_terms/1,cnw0063.xml,8bf29bf5881b0cbfe03367d08806c6928eceb7395b6a61667ab2b57dcbd90a32,/m:mei[1]/m:meiHead[1]/m:manifestationList[1]/m:manifestation[4]/m:classification[1]/m:termList[1]/m:term[2],PASS,PASS
S4-63-0095,63,development_regression,source_classification_terms,/catalogue_sources/descriptions/3/classification_terms/2,cnw0063.xml,8bf29bf5881b0cbfe03367d08806c6928eceb7395b6a61667ab2b57dcbd90a32,/m:mei[1]/m:meiHead[1]/m:manifestationList[1]/m:manifestation[4]/m:classification[1]/m:termList[1]/m:term[3],PASS,PASS
S4-63-0096,63,development_regression,source_classification_terms,/catalogue_sources/descriptions/3/classification_terms/3,cnw0063.xml,8bf29bf5881b0cbfe03367d08806c6928eceb7395b6a61667ab2b57dcbd90a32,/m:mei[1]/m:meiHead[1]/m:manifestationList[1]/m:manifestation[4]/m:classification[1]/m:termList[1]/m:term[4],PASS,PASS
S4-63-0097,63,development_regression,source_classification_terms,/catalogue_sources/descriptions/3/classification_terms/4,cnw0063.xml,8bf29bf5881b0cbfe03367d08806c6928eceb7395b6a61667ab2b57dcbd90a32,/m:mei[1]/m:meiHead[1]/m:manifestationList[1]/m:manifestation[4]/m:classification[1]/m:termList[1]/m:term[5],PASS,PASS
S4-63-0098,63,development_regression,source_classification_terms,/catalogue_sources/descriptions/3/classification_terms/5,cnw0063.xml,8bf29bf5881b0cbfe03367d08806c6928eceb7395b6a61667ab2b57dcbd90a32,/m:mei[1]/m:meiHead[1]/m:manifestationList[1]/m:manifestation[4]/m:classification[1]/m:termList[1]/m:term[6],PASS,PASS
S4-63-0099,63,development_regression,source_publication,/catalogue_sources/descriptions/3/publication,cnw0063.xml,8bf29bf5881b0cbfe03367d08806c6928eceb7395b6a61667ab2b57dcbd90a32,,PASS,PASS
S4-63-0100,63,development_regression,source_physical_description,/catalogue_sources/descriptions/3/physical_description,cnw0063.xml,8bf29bf5881b0cbfe03367d08806c6928eceb7395b6a61667ab2b57dcbd90a32,,PASS,PASS
S4-63-0101,63,development_regression,source_notes,/catalogue_sources/descriptions/3/notes,cnw0063.xml,8bf29bf5881b0cbfe03367d08806c6928eceb7395b6a61667ab2b57dcbd90a32,,PASS,PASS
S4-63-0102,63,development_regression,source_links,/catalogue_sources/descriptions/3/links,cnw0063.xml,8bf29bf5881b0cbfe03367d08806c6928eceb7395b6a61667ab2b57dcbd90a32,,PASS,PASS
S4-63-0103,63,development_regression,source_relation,/catalogue_sources/descriptions/3/relations,cnw0063.xml,8bf29bf5881b0cbfe03367d08806c6928eceb7395b6a61667ab2b57dcbd90a32,,PASS,PASS
S4-63-0104,63,development_regression,source_relation,/catalogue_sources/descriptions/3/relations/0,cnw0063.xml,8bf29bf5881b0cbfe03367d08806c6928eceb7395b6a61667ab2b57dcbd90a32,/m:mei[1]/m:meiHead[1]/m:manifestationList[1]/m:manifestation[4]/m:relationList[1]/m:relation[1],PASS,PASS
S4-63-0105,63,development_regression,held_item_identity,/catalogue_sources/descriptions/3/held_items,cnw0063.xml,8bf29bf5881b0cbfe03367d08806c6928eceb7395b6a61667ab2b57dcbd90a32,,PASS,PASS
S4-63-0106,63,development_regression,held_item_identity,/catalogue_sources/descriptions/3/held_items/0,cnw0063.xml,8bf29bf5881b0cbfe03367d08806c6928eceb7395b6a61667ab2b57dcbd90a32,/m:mei[1]/m:meiHead[1]/m:manifestationList[1]/m:manifestation[4]/m:itemList[1]/m:item[1],PASS,PASS
S4-63-0107,63,development_regression,held_item_identifiers,/catalogue_sources/descriptions/3/held_items/0/identifiers,cnw0063.xml,8bf29bf5881b0cbfe03367d08806c6928eceb7395b6a61667ab2b57dcbd90a32,,PASS,PASS
S4-63-0108,63,development_regression,held_item_identifiers,/catalogue_sources/descriptions/3/held_items/0/identifiers/0,cnw0063.xml,8bf29bf5881b0cbfe03367d08806c6928eceb7395b6a61667ab2b57dcbd90a32,/m:mei[1]/m:meiHead[1]/m:manifestationList[1]/m:manifestation[4]/m:itemList[1]/m:item[1]/m:identifier[1],PASS,PASS
S4-63-0109,63,development_regression,held_item_physical_locations,/catalogue_sources/descriptions/3/held_items/0/physical_locations,cnw0063.xml,8bf29bf5881b0cbfe03367d08806c6928eceb7395b6a61667ab2b57dcbd90a32,,PASS,PASS
S4-63-0110,63,development_regression,held_item_physical_locations,/catalogue_sources/descriptions/3/held_items/0/physical_locations/0,cnw0063.xml,8bf29bf5881b0cbfe03367d08806c6928eceb7395b6a61667ab2b57dcbd90a32,/m:mei[1]/m:meiHead[1]/m:manifestationList[1]/m:manifestation[4]/m:itemList[1]/m:item[1]/m:physLoc[1],PASS,PASS
S4-63-0111,63,development_regression,held_item_physical_description,/catalogue_sources/descriptions/3/held_items/0/physical_description,cnw0063.xml,8bf29bf5881b0cbfe03367d08806c6928eceb7395b6a61667ab2b57dcbd90a32,,PASS,PASS
S4-63-0112,63,development_regression,held_item_links,/catalogue_sources/descriptions/3/held_items/0/links,cnw0063.xml,8bf29bf5881b0cbfe03367d08806c6928eceb7395b6a61667ab2b57dcbd90a32,,PASS,PASS
S4-63-0113,63,development_regression,source_identity,/catalogue_sources/descriptions/4,cnw0063.xml,8bf29bf5881b0cbfe03367d08806c6928eceb7395b6a61667ab2b57dcbd90a32,/m:mei[1]/m:meiHead[1]/m:manifestationList[1]/m:manifestation[5],PASS,PASS
S4-63-0114,63,development_regression,source_identifiers,/catalogue_sources/descriptions/4/identifiers,cnw0063.xml,8bf29bf5881b0cbfe03367d08806c6928eceb7395b6a61667ab2b57dcbd90a32,,PASS,PASS
S4-63-0115,63,development_regression,source_titles,/catalogue_sources/descriptions/4/titles,cnw0063.xml,8bf29bf5881b0cbfe03367d08806c6928eceb7395b6a61667ab2b57dcbd90a32,,PASS,PASS
S4-63-0116,63,development_regression,source_titles,/catalogue_sources/descriptions/4/titles/0,cnw0063.xml,8bf29bf5881b0cbfe03367d08806c6928eceb7395b6a61667ab2b57dcbd90a32,/m:mei[1]/m:meiHead[1]/m:manifestationList[1]/m:manifestation[5]/m:titleStmt[1]/m:title[1],PASS,PASS
S4-63-0117,63,development_regression,source_classification_terms,/catalogue_sources/descriptions/4/classification_terms,cnw0063.xml,8bf29bf5881b0cbfe03367d08806c6928eceb7395b6a61667ab2b57dcbd90a32,,PASS,PASS
S4-63-0118,63,development_regression,source_classification_terms,/catalogue_sources/descriptions/4/classification_terms/0,cnw0063.xml,8bf29bf5881b0cbfe03367d08806c6928eceb7395b6a61667ab2b57dcbd90a32,/m:mei[1]/m:meiHead[1]/m:manifestationList[1]/m:manifestation[5]/m:classification[1]/m:termList[1]/m:term[1],PASS,PASS
S4-63-0119,63,development_regression,source_classification_terms,/catalogue_sources/descriptions/4/classification_terms/1,cnw0063.xml,8bf29bf5881b0cbfe03367d08806c6928eceb7395b6a61667ab2b57dcbd90a32,/m:mei[1]/m:meiHead[1]/m:manifestationList[1]/m:manifestation[5]/m:classification[1]/m:termList[1]/m:term[2],PASS,PASS
S4-63-0120,63,development_regression,source_classification_terms,/catalogue_sources/descriptions/4/classification_terms/2,cnw0063.xml,8bf29bf5881b0cbfe03367d08806c6928eceb7395b6a61667ab2b57dcbd90a32,/m:mei[1]/m:meiHead[1]/m:manifestationList[1]/m:manifestation[5]/m:classification[1]/m:termList[1]/m:term[3],PASS,PASS
S4-63-0121,63,development_regression,source_classification_terms,/catalogue_sources/descriptions/4/classification_terms/3,cnw0063.xml,8bf29bf5881b0cbfe03367d08806c6928eceb7395b6a61667ab2b57dcbd90a32,/m:mei[1]/m:meiHead[1]/m:manifestationList[1]/m:manifestation[5]/m:classification[1]/m:termList[1]/m:term[4],PASS,PASS
S4-63-0122,63,development_regression,source_classification_terms,/catalogue_sources/descriptions/4/classification_terms/4,cnw0063.xml,8bf29bf5881b0cbfe03367d08806c6928eceb7395b6a61667ab2b57dcbd90a32,/m:mei[1]/m:meiHead[1]/m:manifestationList[1]/m:manifestation[5]/m:classification[1]/m:termList[1]/m:term[5],PASS,PASS
S4-63-0123,63,development_regression,source_classification_terms,/catalogue_sources/descriptions/4/classification_terms/5,cnw0063.xml,8bf29bf5881b0cbfe03367d08806c6928eceb7395b6a61667ab2b57dcbd90a32,/m:mei[1]/m:meiHead[1]/m:manifestationList[1]/m:manifestation[5]/m:classification[1]/m:termList[1]/m:term[6],PASS,PASS
S4-63-0124,63,development_regression,source_publication,/catalogue_sources/descriptions/4/publication,cnw0063.xml,8bf29bf5881b0cbfe03367d08806c6928eceb7395b6a61667ab2b57dcbd90a32,,PASS,PASS
S4-63-0125,63,development_regression,source_publication,/catalogue_sources/descriptions/4/publication/0,cnw0063.xml,8bf29bf5881b0cbfe03367d08806c6928eceb7395b6a61667ab2b57dcbd90a32,/m:mei[1]/m:meiHead[1]/m:manifestationList[1]/m:manifestation[5]/m:pubStmt[1]/m:publisher[1],PASS,PASS
S4-63-0126,63,development_regression,source_publication,/catalogue_sources/descriptions/4/publication/1,cnw0063.xml,8bf29bf5881b0cbfe03367d08806c6928eceb7395b6a61667ab2b57dcbd90a32,/m:mei[1]/m:meiHead[1]/m:manifestationList[1]/m:manifestation[5]/m:pubStmt[1]/m:pubPlace[1],PASS,PASS
S4-63-0127,63,development_regression,source_publication,/catalogue_sources/descriptions/4/publication/2,cnw0063.xml,8bf29bf5881b0cbfe03367d08806c6928eceb7395b6a61667ab2b57dcbd90a32,/m:mei[1]/m:meiHead[1]/m:manifestationList[1]/m:manifestation[5]/m:pubStmt[1]/m:date[1],PASS,PASS
S4-63-0128,63,development_regression,source_physical_description,/catalogue_sources/descriptions/4/physical_description,cnw0063.xml,8bf29bf5881b0cbfe03367d08806c6928eceb7395b6a61667ab2b57dcbd90a32,,PASS,PASS
S4-63-0129,63,development_regression,source_physical_description,/catalogue_sources/descriptions/4/physical_description/0,cnw0063.xml,8bf29bf5881b0cbfe03367d08806c6928eceb7395b6a61667ab2b57dcbd90a32,/m:mei[1]/m:meiHead[1]/m:manifestationList[1]/m:manifestation[5]/m:physDesc[1]/m:titlePage[1],PASS,PASS
S4-63-0130,63,development_regression,source_notes,/catalogue_sources/descriptions/4/notes,cnw0063.xml,8bf29bf5881b0cbfe03367d08806c6928eceb7395b6a61667ab2b57dcbd90a32,,PASS,PASS
S4-63-0131,63,development_regression,source_links,/catalogue_sources/descriptions/4/links,cnw0063.xml,8bf29bf5881b0cbfe03367d08806c6928eceb7395b6a61667ab2b57dcbd90a32,,PASS,PASS
S4-63-0132,63,development_regression,source_relation,/catalogue_sources/descriptions/4/relations,cnw0063.xml,8bf29bf5881b0cbfe03367d08806c6928eceb7395b6a61667ab2b57dcbd90a32,,PASS,PASS
S4-63-0133,63,development_regression,source_relation,/catalogue_sources/descriptions/4/relations/0,cnw0063.xml,8bf29bf5881b0cbfe03367d08806c6928eceb7395b6a61667ab2b57dcbd90a32,/m:mei[1]/m:meiHead[1]/m:manifestationList[1]/m:manifestation[5]/m:relationList[1]/m:relation[1],PASS,PASS
S4-63-0134,63,development_regression,held_item_identity,/catalogue_sources/descriptions/4/held_items,cnw0063.xml,8bf29bf5881b0cbfe03367d08806c6928eceb7395b6a61667ab2b57dcbd90a32,,PASS,PASS
S4-63-0135,63,development_regression,held_item_identity,/catalogue_sources/descriptions/4/held_items/0,cnw0063.xml,8bf29bf5881b0cbfe03367d08806c6928eceb7395b6a61667ab2b57dcbd90a32,/m:mei[1]/m:meiHead[1]/m:manifestationList[1]/m:manifestation[5]/m:itemList[1]/m:item[1],PASS,PASS
S4-63-0136,63,development_regression,held_item_identifiers,/catalogue_sources/descriptions/4/held_items/0/identifiers,cnw0063.xml,8bf29bf5881b0cbfe03367d08806c6928eceb7395b6a61667ab2b57dcbd90a32,,PASS,PASS
S4-63-0137,63,development_regression,held_item_identifiers,/catalogue_sources/descriptions/4/held_items/0/identifiers/0,cnw0063.xml,8bf29bf5881b0cbfe03367d08806c6928eceb7395b6a61667ab2b57dcbd90a32,/m:mei[1]/m:meiHead[1]/m:manifestationList[1]/m:manifestation[5]/m:itemList[1]/m:item[1]/m:identifier[1],PASS,PASS
S4-63-0138,63,development_regression,held_item_physical_locations,/catalogue_sources/descriptions/4/held_items/0/physical_locations,cnw0063.xml,8bf29bf5881b0cbfe03367d08806c6928eceb7395b6a61667ab2b57dcbd90a32,,PASS,PASS
S4-63-0139,63,development_regression,held_item_physical_locations,/catalogue_sources/descriptions/4/held_items/0/physical_locations/0,cnw0063.xml,8bf29bf5881b0cbfe03367d08806c6928eceb7395b6a61667ab2b57dcbd90a32,/m:mei[1]/m:meiHead[1]/m:manifestationList[1]/m:manifestation[5]/m:itemList[1]/m:item[1]/m:physLoc[1],PASS,PASS
S4-63-0140,63,development_regression,held_item_physical_description,/catalogue_sources/descriptions/4/held_items/0/physical_description,cnw0063.xml,8bf29bf5881b0cbfe03367d08806c6928eceb7395b6a61667ab2b57dcbd90a32,,PASS,PASS
S4-63-0141,63,development_regression,held_item_links,/catalogue_sources/descriptions/4/held_items/0/links,cnw0063.xml,8bf29bf5881b0cbfe03367d08806c6928eceb7395b6a61667ab2b57dcbd90a32,,PASS,PASS
S4-63-0142,63,development_regression,held_item_identity,/catalogue_sources/descriptions/4/held_items/1,cnw0063.xml,8bf29bf5881b0cbfe03367d08806c6928eceb7395b6a61667ab2b57dcbd90a32,/m:mei[1]/m:meiHead[1]/m:manifestationList[1]/m:manifestation[5]/m:itemList[1]/m:item[2],PASS,PASS
S4-63-0143,63,development_regression,held_item_identifiers,/catalogue_sources/descriptions/4/held_items/1/identifiers,cnw0063.xml,8bf29bf5881b0cbfe03367d08806c6928eceb7395b6a61667ab2b57dcbd90a32,,PASS,PASS
S4-63-0144,63,development_regression,held_item_identifiers,/catalogue_sources/descriptions/4/held_items/1/identifiers/0,cnw0063.xml,8bf29bf5881b0cbfe03367d08806c6928eceb7395b6a61667ab2b57dcbd90a32,/m:mei[1]/m:meiHead[1]/m:manifestationList[1]/m:manifestation[5]/m:itemList[1]/m:item[2]/m:identifier[1],PASS,PASS
S4-63-0145,63,development_regression,held_item_physical_locations,/catalogue_sources/descriptions/4/held_items/1/physical_locations,cnw0063.xml,8bf29bf5881b0cbfe03367d08806c6928eceb7395b6a61667ab2b57dcbd90a32,,PASS,PASS
S4-63-0146,63,development_regression,held_item_physical_locations,/catalogue_sources/descriptions/4/held_items/1/physical_locations/0,cnw0063.xml,8bf29bf5881b0cbfe03367d08806c6928eceb7395b6a61667ab2b57dcbd90a32,/m:mei[1]/m:meiHead[1]/m:manifestationList[1]/m:manifestation[5]/m:itemList[1]/m:item[2]/m:physLoc[1],PASS,PASS
S4-63-0147,63,development_regression,held_item_physical_description,/catalogue_sources/descriptions/4/held_items/1/physical_description,cnw0063.xml,8bf29bf5881b0cbfe03367d08806c6928eceb7395b6a61667ab2b57dcbd90a32,,PASS,PASS
S4-63-0148,63,development_regression,held_item_physical_description,/catalogue_sources/descriptions/4/held_items/1/physical_description/0,cnw0063.xml,8bf29bf5881b0cbfe03367d08806c6928eceb7395b6a61667ab2b57dcbd90a32,/m:mei[1]/m:meiHead[1]/m:manifestationList[1]/m:manifestation[5]/m:itemList[1]/m:item[2]/m:physDesc[1]/m:handList[1]/m:hand[1],PASS,PASS
S4-63-0149,63,development_regression,held_item_physical_description,/catalogue_sources/descriptions/4/held_items/1/physical_description/1,cnw0063.xml,8bf29bf5881b0cbfe03367d08806c6928eceb7395b6a61667ab2b57dcbd90a32,/m:mei[1]/m:meiHead[1]/m:manifestationList[1]/m:manifestation[5]/m:itemList[1]/m:item[2]/m:physDesc[1]/m:physMedium[1],PASS,PASS
S4-63-0150,63,development_regression,held_item_links,/catalogue_sources/descriptions/4/held_items/1/links,cnw0063.xml,8bf29bf5881b0cbfe03367d08806c6928eceb7395b6a61667ab2b57dcbd90a32,,PASS,PASS
S4-63-0151,63,development_regression,source_identity,/catalogue_sources/descriptions/5,cnw0063.xml,8bf29bf5881b0cbfe03367d08806c6928eceb7395b6a61667ab2b57dcbd90a32,/m:mei[1]/m:meiHead[1]/m:manifestationList[1]/m:manifestation[6],PASS,PASS
S4-63-0152,63,development_regression,source_identifiers,/catalogue_sources/descriptions/5/identifiers,cnw0063.xml,8bf29bf5881b0cbfe03367d08806c6928eceb7395b6a61667ab2b57dcbd90a32,,PASS,PASS
S4-63-0153,63,development_regression,source_titles,/catalogue_sources/descriptions/5/titles,cnw0063.xml,8bf29bf5881b0cbfe03367d08806c6928eceb7395b6a61667ab2b57dcbd90a32,,PASS,PASS
S4-63-0154,63,development_regression,source_titles,/catalogue_sources/descriptions/5/titles/0,cnw0063.xml,8bf29bf5881b0cbfe03367d08806c6928eceb7395b6a61667ab2b57dcbd90a32,/m:mei[1]/m:meiHead[1]/m:manifestationList[1]/m:manifestation[6]/m:titleStmt[1]/m:title[1],PASS,PASS
S4-63-0155,63,development_regression,source_classification_terms,/catalogue_sources/descriptions/5/classification_terms,cnw0063.xml,8bf29bf5881b0cbfe03367d08806c6928eceb7395b6a61667ab2b57dcbd90a32,,PASS,PASS
S4-63-0156,63,development_regression,source_classification_terms,/catalogue_sources/descriptions/5/classification_terms/0,cnw0063.xml,8bf29bf5881b0cbfe03367d08806c6928eceb7395b6a61667ab2b57dcbd90a32,/m:mei[1]/m:meiHead[1]/m:manifestationList[1]/m:manifestation[6]/m:classification[1]/m:termList[1]/m:term[1],PASS,PASS
S4-63-0157,63,development_regression,source_classification_terms,/catalogue_sources/descriptions/5/classification_terms/1,cnw0063.xml,8bf29bf5881b0cbfe03367d08806c6928eceb7395b6a61667ab2b57dcbd90a32,/m:mei[1]/m:meiHead[1]/m:manifestationList[1]/m:manifestation[6]/m:classification[1]/m:termList[1]/m:term[2],PASS,PASS
S4-63-0158,63,development_regression,source_classification_terms,/catalogue_sources/descriptions/5/classification_terms/2,cnw0063.xml,8bf29bf5881b0cbfe03367d08806c6928eceb7395b6a61667ab2b57dcbd90a32,/m:mei[1]/m:meiHead[1]/m:manifestationList[1]/m:manifestation[6]/m:classification[1]/m:termList[1]/m:term[3],PASS,PASS
S4-63-0159,63,development_regression,source_classification_terms,/catalogue_sources/descriptions/5/classification_terms/3,cnw0063.xml,8bf29bf5881b0cbfe03367d08806c6928eceb7395b6a61667ab2b57dcbd90a32,/m:mei[1]/m:meiHead[1]/m:manifestationList[1]/m:manifestation[6]/m:classification[1]/m:termList[1]/m:term[4],PASS,PASS
S4-63-0160,63,development_regression,source_classification_terms,/catalogue_sources/descriptions/5/classification_terms/4,cnw0063.xml,8bf29bf5881b0cbfe03367d08806c6928eceb7395b6a61667ab2b57dcbd90a32,/m:mei[1]/m:meiHead[1]/m:manifestationList[1]/m:manifestation[6]/m:classification[1]/m:termList[1]/m:term[5],PASS,PASS
S4-63-0161,63,development_regression,source_classification_terms,/catalogue_sources/descriptions/5/classification_terms/5,cnw0063.xml,8bf29bf5881b0cbfe03367d08806c6928eceb7395b6a61667ab2b57dcbd90a32,/m:mei[1]/m:meiHead[1]/m:manifestationList[1]/m:manifestation[6]/m:classification[1]/m:termList[1]/m:term[6],PASS,PASS
S4-63-0162,63,development_regression,source_publication,/catalogue_sources/descriptions/5/publication,cnw0063.xml,8bf29bf5881b0cbfe03367d08806c6928eceb7395b6a61667ab2b57dcbd90a32,,PASS,PASS
S4-63-0163,63,development_regression,source_publication,/catalogue_sources/descriptions/5/publication/0,cnw0063.xml,8bf29bf5881b0cbfe03367d08806c6928eceb7395b6a61667ab2b57dcbd90a32,/m:mei[1]/m:meiHead[1]/m:manifestationList[1]/m:manifestation[6]/m:pubStmt[1]/m:publisher[1],PASS,PASS
S4-63-0164,63,development_regression,source_publication,/catalogue_sources/descriptions/5/publication/1,cnw0063.xml,8bf29bf5881b0cbfe03367d08806c6928eceb7395b6a61667ab2b57dcbd90a32,/m:mei[1]/m:meiHead[1]/m:manifestationList[1]/m:manifestation[6]/m:pubStmt[1]/m:pubPlace[1],PASS,PASS
S4-63-0165,63,development_regression,source_publication,/catalogue_sources/descriptions/5/publication/2,cnw0063.xml,8bf29bf5881b0cbfe03367d08806c6928eceb7395b6a61667ab2b57dcbd90a32,/m:mei[1]/m:meiHead[1]/m:manifestationList[1]/m:manifestation[6]/m:pubStmt[1]/m:date[1],PASS,PASS
S4-63-0166,63,development_regression,source_physical_description,/catalogue_sources/descriptions/5/physical_description,cnw0063.xml,8bf29bf5881b0cbfe03367d08806c6928eceb7395b6a61667ab2b57dcbd90a32,,PASS,PASS
S4-63-0167,63,development_regression,source_physical_description,/catalogue_sources/descriptions/5/physical_description/0,cnw0063.xml,8bf29bf5881b0cbfe03367d08806c6928eceb7395b6a61667ab2b57dcbd90a32,/m:mei[1]/m:meiHead[1]/m:manifestationList[1]/m:manifestation[6]/m:physDesc[1]/m:titlePage[1],PASS,PASS
S4-63-0168,63,development_regression,source_notes,/catalogue_sources/descriptions/5/notes,cnw0063.xml,8bf29bf5881b0cbfe03367d08806c6928eceb7395b6a61667ab2b57dcbd90a32,,PASS,PASS
S4-63-0169,63,development_regression,source_links,/catalogue_sources/descriptions/5/links,cnw0063.xml,8bf29bf5881b0cbfe03367d08806c6928eceb7395b6a61667ab2b57dcbd90a32,,PASS,PASS
S4-63-0170,63,development_regression,source_relation,/catalogue_sources/descriptions/5/relations,cnw0063.xml,8bf29bf5881b0cbfe03367d08806c6928eceb7395b6a61667ab2b57dcbd90a32,,PASS,PASS
S4-63-0171,63,development_regression,source_relation,/catalogue_sources/descriptions/5/relations/0,cnw0063.xml,8bf29bf5881b0cbfe03367d08806c6928eceb7395b6a61667ab2b57dcbd90a32,/m:mei[1]/m:meiHead[1]/m:manifestationList[1]/m:manifestation[6]/m:relationList[1]/m:relation[1],PASS,PASS
S4-63-0172,63,development_regression,held_item_identity,/catalogue_sources/descriptions/5/held_items,cnw0063.xml,8bf29bf5881b0cbfe03367d08806c6928eceb7395b6a61667ab2b57dcbd90a32,,PASS,PASS
S4-63-0173,63,development_regression,held_item_identity,/catalogue_sources/descriptions/5/held_items/0,cnw0063.xml,8bf29bf5881b0cbfe03367d08806c6928eceb7395b6a61667ab2b57dcbd90a32,/m:mei[1]/m:meiHead[1]/m:manifestationList[1]/m:manifestation[6]/m:itemList[1]/m:item[1],PASS,PASS
S4-63-0174,63,development_regression,held_item_identifiers,/catalogue_sources/descriptions/5/held_items/0/identifiers,cnw0063.xml,8bf29bf5881b0cbfe03367d08806c6928eceb7395b6a61667ab2b57dcbd90a32,,PASS,PASS
S4-63-0175,63,development_regression,held_item_identifiers,/catalogue_sources/descriptions/5/held_items/0/identifiers/0,cnw0063.xml,8bf29bf5881b0cbfe03367d08806c6928eceb7395b6a61667ab2b57dcbd90a32,/m:mei[1]/m:meiHead[1]/m:manifestationList[1]/m:manifestation[6]/m:itemList[1]/m:item[1]/m:identifier[1],PASS,PASS
S4-63-0176,63,development_regression,held_item_physical_locations,/catalogue_sources/descriptions/5/held_items/0/physical_locations,cnw0063.xml,8bf29bf5881b0cbfe03367d08806c6928eceb7395b6a61667ab2b57dcbd90a32,,PASS,PASS
S4-63-0177,63,development_regression,held_item_physical_locations,/catalogue_sources/descriptions/5/held_items/0/physical_locations/0,cnw0063.xml,8bf29bf5881b0cbfe03367d08806c6928eceb7395b6a61667ab2b57dcbd90a32,/m:mei[1]/m:meiHead[1]/m:manifestationList[1]/m:manifestation[6]/m:itemList[1]/m:item[1]/m:physLoc[1],PASS,PASS
S4-63-0178,63,development_regression,held_item_physical_description,/catalogue_sources/descriptions/5/held_items/0/physical_description,cnw0063.xml,8bf29bf5881b0cbfe03367d08806c6928eceb7395b6a61667ab2b57dcbd90a32,,PASS,PASS
S4-63-0179,63,development_regression,held_item_links,/catalogue_sources/descriptions/5/held_items/0/links,cnw0063.xml,8bf29bf5881b0cbfe03367d08806c6928eceb7395b6a61667ab2b57dcbd90a32,,PASS,PASS
S4-202-0001,202,reserved_purposive,work_display,/title,cnw0202.xml,2033e285f12acf277378da6ad4a8b2d27bd9d5a5b5c893a88433e9366972794e,,PASS,PASS
S4-202-0002,202,reserved_purposive,work_display,/display_title_policy,cnw0202.xml,2033e285f12acf277378da6ad4a8b2d27bd9d5a5b5c893a88433e9366972794e,,PASS,PASS
S4-202-0003,202,reserved_purposive,work_classification,/genre,cnw0202.xml,2033e285f12acf277378da6ad4a8b2d27bd9d5a5b5c893a88433e9366972794e,,PASS,PASS
S4-202-0004,202,reserved_purposive,work_title,/titles,cnw0202.xml,2033e285f12acf277378da6ad4a8b2d27bd9d5a5b5c893a88433e9366972794e,,PASS,PASS
S4-202-0005,202,reserved_purposive,work_title,/titles/0,cnw0202.xml,2033e285f12acf277378da6ad4a8b2d27bd9d5a5b5c893a88433e9366972794e,/m:mei[1]/m:meiHead[1]/m:workList[1]/m:work[1]/m:title[1],PASS,PASS
S4-202-0006,202,reserved_purposive,work_title,/titles/1,cnw0202.xml,2033e285f12acf277378da6ad4a8b2d27bd9d5a5b5c893a88433e9366972794e,/m:mei[1]/m:meiHead[1]/m:workList[1]/m:work[1]/m:title[2],PASS,PASS
S4-202-0007,202,reserved_purposive,work_title,/titles/2,cnw0202.xml,2033e285f12acf277378da6ad4a8b2d27bd9d5a5b5c893a88433e9366972794e,/m:mei[1]/m:meiHead[1]/m:workList[1]/m:work[1]/m:title[3],PASS,PASS
S4-202-0008,202,reserved_purposive,work_classification,/classification_terms,cnw0202.xml,2033e285f12acf277378da6ad4a8b2d27bd9d5a5b5c893a88433e9366972794e,,PASS,PASS
S4-202-0009,202,reserved_purposive,work_classification,/classification_terms/0,cnw0202.xml,2033e285f12acf277378da6ad4a8b2d27bd9d5a5b5c893a88433e9366972794e,/m:mei[1]/m:meiHead[1]/m:workList[1]/m:work[1]/m:classification[1]/m:termList[1]/m:term[1],PASS,PASS
S4-202-0010,202,reserved_purposive,work_classification,/classification_terms/1,cnw0202.xml,2033e285f12acf277378da6ad4a8b2d27bd9d5a5b5c893a88433e9366972794e,/m:mei[1]/m:meiHead[1]/m:workList[1]/m:work[1]/m:classification[1]/m:termList[1]/m:term[2],PASS,PASS
S4-202-0011,202,reserved_purposive,document_identity,/catalogue_sources/document,cnw0202.xml,2033e285f12acf277378da6ad4a8b2d27bd9d5a5b5c893a88433e9366972794e,,PASS,PASS
S4-202-0012,202,reserved_purposive,projection_state,/catalogue_sources/projection,cnw0202.xml,2033e285f12acf277378da6ad4a8b2d27bd9d5a5b5c893a88433e9366972794e,,PASS,PASS
S4-202-0013,202,reserved_purposive,source_identity,/catalogue_sources/descriptions,cnw0202.xml,2033e285f12acf277378da6ad4a8b2d27bd9d5a5b5c893a88433e9366972794e,,PASS,PASS
S4-202-0014,202,reserved_purposive,source_identity,/catalogue_sources/descriptions/0,cnw0202.xml,2033e285f12acf277378da6ad4a8b2d27bd9d5a5b5c893a88433e9366972794e,/m:mei[1]/m:meiHead[1]/m:manifestationList[1]/m:manifestation[1],PASS,PASS
S4-202-0015,202,reserved_purposive,source_identifiers,/catalogue_sources/descriptions/0/identifiers,cnw0202.xml,2033e285f12acf277378da6ad4a8b2d27bd9d5a5b5c893a88433e9366972794e,,PASS,PASS
S4-202-0016,202,reserved_purposive,source_identifiers,/catalogue_sources/descriptions/0/identifiers/0,cnw0202.xml,2033e285f12acf277378da6ad4a8b2d27bd9d5a5b5c893a88433e9366972794e,/m:mei[1]/m:meiHead[1]/m:manifestationList[1]/m:manifestation[1]/m:identifier[1],PASS,PASS
S4-202-0017,202,reserved_purposive,source_titles,/catalogue_sources/descriptions/0/titles,cnw0202.xml,2033e285f12acf277378da6ad4a8b2d27bd9d5a5b5c893a88433e9366972794e,,PASS,PASS
S4-202-0018,202,reserved_purposive,source_titles,/catalogue_sources/descriptions/0/titles/0,cnw0202.xml,2033e285f12acf277378da6ad4a8b2d27bd9d5a5b5c893a88433e9366972794e,/m:mei[1]/m:meiHead[1]/m:manifestationList[1]/m:manifestation[1]/m:titleStmt[1]/m:title[1],PASS,PASS
S4-202-0019,202,reserved_purposive,source_classification_terms,/catalogue_sources/descriptions/0/classification_terms,cnw0202.xml,2033e285f12acf277378da6ad4a8b2d27bd9d5a5b5c893a88433e9366972794e,,PASS,PASS
S4-202-0020,202,reserved_purposive,source_classification_terms,/catalogue_sources/descriptions/0/classification_terms/0,cnw0202.xml,2033e285f12acf277378da6ad4a8b2d27bd9d5a5b5c893a88433e9366972794e,/m:mei[1]/m:meiHead[1]/m:manifestationList[1]/m:manifestation[1]/m:classification[1]/m:termList[1]/m:term[1],PASS,PASS
S4-202-0021,202,reserved_purposive,source_classification_terms,/catalogue_sources/descriptions/0/classification_terms/1,cnw0202.xml,2033e285f12acf277378da6ad4a8b2d27bd9d5a5b5c893a88433e9366972794e,/m:mei[1]/m:meiHead[1]/m:manifestationList[1]/m:manifestation[1]/m:classification[1]/m:termList[1]/m:term[2],PASS,PASS
S4-202-0022,202,reserved_purposive,source_classification_terms,/catalogue_sources/descriptions/0/classification_terms/2,cnw0202.xml,2033e285f12acf277378da6ad4a8b2d27bd9d5a5b5c893a88433e9366972794e,/m:mei[1]/m:meiHead[1]/m:manifestationList[1]/m:manifestation[1]/m:classification[1]/m:termList[1]/m:term[3],PASS,PASS
S4-202-0023,202,reserved_purposive,source_classification_terms,/catalogue_sources/descriptions/0/classification_terms/3,cnw0202.xml,2033e285f12acf277378da6ad4a8b2d27bd9d5a5b5c893a88433e9366972794e,/m:mei[1]/m:meiHead[1]/m:manifestationList[1]/m:manifestation[1]/m:classification[1]/m:termList[1]/m:term[4],PASS,PASS
S4-202-0024,202,reserved_purposive,source_classification_terms,/catalogue_sources/descriptions/0/classification_terms/4,cnw0202.xml,2033e285f12acf277378da6ad4a8b2d27bd9d5a5b5c893a88433e9366972794e,/m:mei[1]/m:meiHead[1]/m:manifestationList[1]/m:manifestation[1]/m:classification[1]/m:termList[1]/m:term[5],PASS,PASS
S4-202-0025,202,reserved_purposive,source_classification_terms,/catalogue_sources/descriptions/0/classification_terms/5,cnw0202.xml,2033e285f12acf277378da6ad4a8b2d27bd9d5a5b5c893a88433e9366972794e,/m:mei[1]/m:meiHead[1]/m:manifestationList[1]/m:manifestation[1]/m:classification[1]/m:termList[1]/m:term[6],PASS,PASS
S4-202-0026,202,reserved_purposive,source_publication,/catalogue_sources/descriptions/0/publication,cnw0202.xml,2033e285f12acf277378da6ad4a8b2d27bd9d5a5b5c893a88433e9366972794e,,PASS,PASS
S4-202-0027,202,reserved_purposive,source_physical_description,/catalogue_sources/descriptions/0/physical_description,cnw0202.xml,2033e285f12acf277378da6ad4a8b2d27bd9d5a5b5c893a88433e9366972794e,,PASS,PASS
S4-202-0028,202,reserved_purposive,source_notes,/catalogue_sources/descriptions/0/notes,cnw0202.xml,2033e285f12acf277378da6ad4a8b2d27bd9d5a5b5c893a88433e9366972794e,,PASS,PASS
S4-202-0029,202,reserved_purposive,source_links,/catalogue_sources/descriptions/0/links,cnw0202.xml,2033e285f12acf277378da6ad4a8b2d27bd9d5a5b5c893a88433e9366972794e,,PASS,PASS
S4-202-0030,202,reserved_purposive,source_relation,/catalogue_sources/descriptions/0/relations,cnw0202.xml,2033e285f12acf277378da6ad4a8b2d27bd9d5a5b5c893a88433e9366972794e,,PASS,PASS
S4-202-0031,202,reserved_purposive,source_relation,/catalogue_sources/descriptions/0/relations/0,cnw0202.xml,2033e285f12acf277378da6ad4a8b2d27bd9d5a5b5c893a88433e9366972794e,/m:mei[1]/m:meiHead[1]/m:manifestationList[1]/m:manifestation[1]/m:relationList[1]/m:relation[1],PASS,PASS
S4-202-0032,202,reserved_purposive,held_item_identity,/catalogue_sources/descriptions/0/held_items,cnw0202.xml,2033e285f12acf277378da6ad4a8b2d27bd9d5a5b5c893a88433e9366972794e,,PASS,PASS
S4-202-0033,202,reserved_purposive,held_item_identity,/catalogue_sources/descriptions/0/held_items/0,cnw0202.xml,2033e285f12acf277378da6ad4a8b2d27bd9d5a5b5c893a88433e9366972794e,/m:mei[1]/m:meiHead[1]/m:manifestationList[1]/m:manifestation[1]/m:itemList[1]/m:item[1],PASS,PASS
S4-202-0034,202,reserved_purposive,held_item_identifiers,/catalogue_sources/descriptions/0/held_items/0/identifiers,cnw0202.xml,2033e285f12acf277378da6ad4a8b2d27bd9d5a5b5c893a88433e9366972794e,,PASS,PASS
S4-202-0035,202,reserved_purposive,held_item_identifiers,/catalogue_sources/descriptions/0/held_items/0/identifiers/0,cnw0202.xml,2033e285f12acf277378da6ad4a8b2d27bd9d5a5b5c893a88433e9366972794e,/m:mei[1]/m:meiHead[1]/m:manifestationList[1]/m:manifestation[1]/m:itemList[1]/m:item[1]/m:identifier[1],PASS,PASS
S4-202-0036,202,reserved_purposive,held_item_physical_locations,/catalogue_sources/descriptions/0/held_items/0/physical_locations,cnw0202.xml,2033e285f12acf277378da6ad4a8b2d27bd9d5a5b5c893a88433e9366972794e,,PASS,PASS
S4-202-0037,202,reserved_purposive,held_item_physical_locations,/catalogue_sources/descriptions/0/held_items/0/physical_locations/0,cnw0202.xml,2033e285f12acf277378da6ad4a8b2d27bd9d5a5b5c893a88433e9366972794e,/m:mei[1]/m:meiHead[1]/m:manifestationList[1]/m:manifestation[1]/m:itemList[1]/m:item[1]/m:physLoc[1],PASS,PASS
S4-202-0038,202,reserved_purposive,held_item_physical_description,/catalogue_sources/descriptions/0/held_items/0/physical_description,cnw0202.xml,2033e285f12acf277378da6ad4a8b2d27bd9d5a5b5c893a88433e9366972794e,,PASS,PASS
S4-202-0039,202,reserved_purposive,held_item_links,/catalogue_sources/descriptions/0/held_items/0/links,cnw0202.xml,2033e285f12acf277378da6ad4a8b2d27bd9d5a5b5c893a88433e9366972794e,,PASS,PASS
S4-202-0040,202,reserved_purposive,source_identity,/catalogue_sources/descriptions/1,cnw0202.xml,2033e285f12acf277378da6ad4a8b2d27bd9d5a5b5c893a88433e9366972794e,/m:mei[1]/m:meiHead[1]/m:manifestationList[1]/m:manifestation[2],PASS,PASS
S4-202-0041,202,reserved_purposive,source_identifiers,/catalogue_sources/descriptions/1/identifiers,cnw0202.xml,2033e285f12acf277378da6ad4a8b2d27bd9d5a5b5c893a88433e9366972794e,,PASS,PASS
S4-202-0042,202,reserved_purposive,source_identifiers,/catalogue_sources/descriptions/1/identifiers/0,cnw0202.xml,2033e285f12acf277378da6ad4a8b2d27bd9d5a5b5c893a88433e9366972794e,/m:mei[1]/m:meiHead[1]/m:manifestationList[1]/m:manifestation[2]/m:identifier[1],PASS,PASS
S4-202-0043,202,reserved_purposive,source_titles,/catalogue_sources/descriptions/1/titles,cnw0202.xml,2033e285f12acf277378da6ad4a8b2d27bd9d5a5b5c893a88433e9366972794e,,PASS,PASS
S4-202-0044,202,reserved_purposive,source_titles,/catalogue_sources/descriptions/1/titles/0,cnw0202.xml,2033e285f12acf277378da6ad4a8b2d27bd9d5a5b5c893a88433e9366972794e,/m:mei[1]/m:meiHead[1]/m:manifestationList[1]/m:manifestation[2]/m:titleStmt[1]/m:title[1],PASS,PASS
S4-202-0045,202,reserved_purposive,source_classification_terms,/catalogue_sources/descriptions/1/classification_terms,cnw0202.xml,2033e285f12acf277378da6ad4a8b2d27bd9d5a5b5c893a88433e9366972794e,,PASS,PASS
S4-202-0046,202,reserved_purposive,source_classification_terms,/catalogue_sources/descriptions/1/classification_terms/0,cnw0202.xml,2033e285f12acf277378da6ad4a8b2d27bd9d5a5b5c893a88433e9366972794e,/m:mei[1]/m:meiHead[1]/m:manifestationList[1]/m:manifestation[2]/m:classification[1]/m:termList[1]/m:term[1],PASS,PASS
S4-202-0047,202,reserved_purposive,source_classification_terms,/catalogue_sources/descriptions/1/classification_terms/1,cnw0202.xml,2033e285f12acf277378da6ad4a8b2d27bd9d5a5b5c893a88433e9366972794e,/m:mei[1]/m:meiHead[1]/m:manifestationList[1]/m:manifestation[2]/m:classification[1]/m:termList[1]/m:term[2],PASS,PASS
S4-202-0048,202,reserved_purposive,source_classification_terms,/catalogue_sources/descriptions/1/classification_terms/2,cnw0202.xml,2033e285f12acf277378da6ad4a8b2d27bd9d5a5b5c893a88433e9366972794e,/m:mei[1]/m:meiHead[1]/m:manifestationList[1]/m:manifestation[2]/m:classification[1]/m:termList[1]/m:term[3],PASS,PASS
S4-202-0049,202,reserved_purposive,source_classification_terms,/catalogue_sources/descriptions/1/classification_terms/3,cnw0202.xml,2033e285f12acf277378da6ad4a8b2d27bd9d5a5b5c893a88433e9366972794e,/m:mei[1]/m:meiHead[1]/m:manifestationList[1]/m:manifestation[2]/m:classification[1]/m:termList[1]/m:term[4],PASS,PASS
S4-202-0050,202,reserved_purposive,source_classification_terms,/catalogue_sources/descriptions/1/classification_terms/4,cnw0202.xml,2033e285f12acf277378da6ad4a8b2d27bd9d5a5b5c893a88433e9366972794e,/m:mei[1]/m:meiHead[1]/m:manifestationList[1]/m:manifestation[2]/m:classification[1]/m:termList[1]/m:term[5],PASS,PASS
S4-202-0051,202,reserved_purposive,source_classification_terms,/catalogue_sources/descriptions/1/classification_terms/5,cnw0202.xml,2033e285f12acf277378da6ad4a8b2d27bd9d5a5b5c893a88433e9366972794e,/m:mei[1]/m:meiHead[1]/m:manifestationList[1]/m:manifestation[2]/m:classification[1]/m:termList[1]/m:term[6],PASS,PASS
S4-202-0052,202,reserved_purposive,source_publication,/catalogue_sources/descriptions/1/publication,cnw0202.xml,2033e285f12acf277378da6ad4a8b2d27bd9d5a5b5c893a88433e9366972794e,,PASS,PASS
S4-202-0053,202,reserved_purposive,source_publication,/catalogue_sources/descriptions/1/publication/0,cnw0202.xml,2033e285f12acf277378da6ad4a8b2d27bd9d5a5b5c893a88433e9366972794e,/m:mei[1]/m:meiHead[1]/m:manifestationList[1]/m:manifestation[2]/m:pubStmt[1]/m:publisher[1],PASS,PASS
S4-202-0054,202,reserved_purposive,source_publication,/catalogue_sources/descriptions/1/publication/1,cnw0202.xml,2033e285f12acf277378da6ad4a8b2d27bd9d5a5b5c893a88433e9366972794e,/m:mei[1]/m:meiHead[1]/m:manifestationList[1]/m:manifestation[2]/m:pubStmt[1]/m:pubPlace[1],PASS,PASS
S4-202-0055,202,reserved_purposive,source_publication,/catalogue_sources/descriptions/1/publication/2,cnw0202.xml,2033e285f12acf277378da6ad4a8b2d27bd9d5a5b5c893a88433e9366972794e,/m:mei[1]/m:meiHead[1]/m:manifestationList[1]/m:manifestation[2]/m:pubStmt[1]/m:date[1],PASS,PASS
S4-202-0056,202,reserved_purposive,source_physical_description,/catalogue_sources/descriptions/1/physical_description,cnw0202.xml,2033e285f12acf277378da6ad4a8b2d27bd9d5a5b5c893a88433e9366972794e,,PASS,PASS
S4-202-0057,202,reserved_purposive,source_physical_description,/catalogue_sources/descriptions/1/physical_description/0,cnw0202.xml,2033e285f12acf277378da6ad4a8b2d27bd9d5a5b5c893a88433e9366972794e,/m:mei[1]/m:meiHead[1]/m:manifestationList[1]/m:manifestation[2]/m:physDesc[1]/m:titlePage[1],PASS,PASS
S4-202-0058,202,reserved_purposive,source_physical_description,/catalogue_sources/descriptions/1/physical_description/1,cnw0202.xml,2033e285f12acf277378da6ad4a8b2d27bd9d5a5b5c893a88433e9366972794e,/m:mei[1]/m:meiHead[1]/m:manifestationList[1]/m:manifestation[2]/m:physDesc[1]/m:titlePage[2],PASS,PASS
S4-202-0059,202,reserved_purposive,source_notes,/catalogue_sources/descriptions/1/notes,cnw0202.xml,2033e285f12acf277378da6ad4a8b2d27bd9d5a5b5c893a88433e9366972794e,,PASS,PASS
S4-202-0060,202,reserved_purposive,source_links,/catalogue_sources/descriptions/1/links,cnw0202.xml,2033e285f12acf277378da6ad4a8b2d27bd9d5a5b5c893a88433e9366972794e,,PASS,PASS
S4-202-0061,202,reserved_purposive,source_relation,/catalogue_sources/descriptions/1/relations,cnw0202.xml,2033e285f12acf277378da6ad4a8b2d27bd9d5a5b5c893a88433e9366972794e,,PASS,PASS
S4-202-0062,202,reserved_purposive,source_relation,/catalogue_sources/descriptions/1/relations/0,cnw0202.xml,2033e285f12acf277378da6ad4a8b2d27bd9d5a5b5c893a88433e9366972794e,/m:mei[1]/m:meiHead[1]/m:manifestationList[1]/m:manifestation[2]/m:relationList[1]/m:relation[1],PASS,PASS
S4-202-0063,202,reserved_purposive,held_item_identity,/catalogue_sources/descriptions/1/held_items,cnw0202.xml,2033e285f12acf277378da6ad4a8b2d27bd9d5a5b5c893a88433e9366972794e,,PASS,PASS
S4-202-0064,202,reserved_purposive,source_identity,/catalogue_sources/descriptions/2,cnw0202.xml,2033e285f12acf277378da6ad4a8b2d27bd9d5a5b5c893a88433e9366972794e,/m:mei[1]/m:meiHead[1]/m:manifestationList[1]/m:manifestation[3],PASS,PASS
S4-202-0065,202,reserved_purposive,source_identifiers,/catalogue_sources/descriptions/2/identifiers,cnw0202.xml,2033e285f12acf277378da6ad4a8b2d27bd9d5a5b5c893a88433e9366972794e,,PASS,PASS
S4-202-0066,202,reserved_purposive,source_titles,/catalogue_sources/descriptions/2/titles,cnw0202.xml,2033e285f12acf277378da6ad4a8b2d27bd9d5a5b5c893a88433e9366972794e,,PASS,PASS
S4-202-0067,202,reserved_purposive,source_titles,/catalogue_sources/descriptions/2/titles/0,cnw0202.xml,2033e285f12acf277378da6ad4a8b2d27bd9d5a5b5c893a88433e9366972794e,/m:mei[1]/m:meiHead[1]/m:manifestationList[1]/m:manifestation[3]/m:titleStmt[1]/m:title[1],PASS,PASS
S4-202-0068,202,reserved_purposive,source_classification_terms,/catalogue_sources/descriptions/2/classification_terms,cnw0202.xml,2033e285f12acf277378da6ad4a8b2d27bd9d5a5b5c893a88433e9366972794e,,PASS,PASS
S4-202-0069,202,reserved_purposive,source_classification_terms,/catalogue_sources/descriptions/2/classification_terms/0,cnw0202.xml,2033e285f12acf277378da6ad4a8b2d27bd9d5a5b5c893a88433e9366972794e,/m:mei[1]/m:meiHead[1]/m:manifestationList[1]/m:manifestation[3]/m:classification[1]/m:termList[1]/m:term[1],PASS,PASS
S4-202-0070,202,reserved_purposive,source_classification_terms,/catalogue_sources/descriptions/2/classification_terms/1,cnw0202.xml,2033e285f12acf277378da6ad4a8b2d27bd9d5a5b5c893a88433e9366972794e,/m:mei[1]/m:meiHead[1]/m:manifestationList[1]/m:manifestation[3]/m:classification[1]/m:termList[1]/m:term[2],PASS,PASS
S4-202-0071,202,reserved_purposive,source_classification_terms,/catalogue_sources/descriptions/2/classification_terms/2,cnw0202.xml,2033e285f12acf277378da6ad4a8b2d27bd9d5a5b5c893a88433e9366972794e,/m:mei[1]/m:meiHead[1]/m:manifestationList[1]/m:manifestation[3]/m:classification[1]/m:termList[1]/m:term[3],PASS,PASS
S4-202-0072,202,reserved_purposive,source_classification_terms,/catalogue_sources/descriptions/2/classification_terms/3,cnw0202.xml,2033e285f12acf277378da6ad4a8b2d27bd9d5a5b5c893a88433e9366972794e,/m:mei[1]/m:meiHead[1]/m:manifestationList[1]/m:manifestation[3]/m:classification[1]/m:termList[1]/m:term[4],PASS,PASS
S4-202-0073,202,reserved_purposive,source_classification_terms,/catalogue_sources/descriptions/2/classification_terms/4,cnw0202.xml,2033e285f12acf277378da6ad4a8b2d27bd9d5a5b5c893a88433e9366972794e,/m:mei[1]/m:meiHead[1]/m:manifestationList[1]/m:manifestation[3]/m:classification[1]/m:termList[1]/m:term[5],PASS,PASS
S4-202-0074,202,reserved_purposive,source_classification_terms,/catalogue_sources/descriptions/2/classification_terms/5,cnw0202.xml,2033e285f12acf277378da6ad4a8b2d27bd9d5a5b5c893a88433e9366972794e,/m:mei[1]/m:meiHead[1]/m:manifestationList[1]/m:manifestation[3]/m:classification[1]/m:termList[1]/m:term[6],PASS,PASS
S4-202-0075,202,reserved_purposive,source_publication,/catalogue_sources/descriptions/2/publication,cnw0202.xml,2033e285f12acf277378da6ad4a8b2d27bd9d5a5b5c893a88433e9366972794e,,PASS,PASS
S4-202-0076,202,reserved_purposive,source_publication,/catalogue_sources/descriptions/2/publication/0,cnw0202.xml,2033e285f12acf277378da6ad4a8b2d27bd9d5a5b5c893a88433e9366972794e,/m:mei[1]/m:meiHead[1]/m:manifestationList[1]/m:manifestation[3]/m:pubStmt[1]/m:publisher[1],PASS,PASS
S4-202-0077,202,reserved_purposive,source_publication,/catalogue_sources/descriptions/2/publication/1,cnw0202.xml,2033e285f12acf277378da6ad4a8b2d27bd9d5a5b5c893a88433e9366972794e,/m:mei[1]/m:meiHead[1]/m:manifestationList[1]/m:manifestation[3]/m:pubStmt[1]/m:pubPlace[1],PASS,PASS
S4-202-0078,202,reserved_purposive,source_publication,/catalogue_sources/descriptions/2/publication/2,cnw0202.xml,2033e285f12acf277378da6ad4a8b2d27bd9d5a5b5c893a88433e9366972794e,/m:mei[1]/m:meiHead[1]/m:manifestationList[1]/m:manifestation[3]/m:pubStmt[1]/m:date[1],PASS,PASS
S4-202-0079,202,reserved_purposive,source_physical_description,/catalogue_sources/descriptions/2/physical_description,cnw0202.xml,2033e285f12acf277378da6ad4a8b2d27bd9d5a5b5c893a88433e9366972794e,,PASS,PASS
S4-202-0080,202,reserved_purposive,source_physical_description,/catalogue_sources/descriptions/2/physical_description/0,cnw0202.xml,2033e285f12acf277378da6ad4a8b2d27bd9d5a5b5c893a88433e9366972794e,/m:mei[1]/m:meiHead[1]/m:manifestationList[1]/m:manifestation[3]/m:physDesc[1]/m:titlePage[1],PASS,PASS
S4-202-0081,202,reserved_purposive,source_physical_description,/catalogue_sources/descriptions/2/physical_description/1,cnw0202.xml,2033e285f12acf277378da6ad4a8b2d27bd9d5a5b5c893a88433e9366972794e,/m:mei[1]/m:meiHead[1]/m:manifestationList[1]/m:manifestation[3]/m:physDesc[1]/m:titlePage[2],PASS,PASS
S4-202-0082,202,reserved_purposive,source_notes,/catalogue_sources/descriptions/2/notes,cnw0202.xml,2033e285f12acf277378da6ad4a8b2d27bd9d5a5b5c893a88433e9366972794e,,PASS,PASS
S4-202-0083,202,reserved_purposive,source_links,/catalogue_sources/descriptions/2/links,cnw0202.xml,2033e285f12acf277378da6ad4a8b2d27bd9d5a5b5c893a88433e9366972794e,,PASS,PASS
S4-202-0084,202,reserved_purposive,source_relation,/catalogue_sources/descriptions/2/relations,cnw0202.xml,2033e285f12acf277378da6ad4a8b2d27bd9d5a5b5c893a88433e9366972794e,,PASS,PASS
S4-202-0085,202,reserved_purposive,source_relation,/catalogue_sources/descriptions/2/relations/0,cnw0202.xml,2033e285f12acf277378da6ad4a8b2d27bd9d5a5b5c893a88433e9366972794e,/m:mei[1]/m:meiHead[1]/m:manifestationList[1]/m:manifestation[3]/m:relationList[1]/m:relation[1],PASS,PASS
S4-202-0086,202,reserved_purposive,source_relation,/catalogue_sources/descriptions/2/relations/1,cnw0202.xml,2033e285f12acf277378da6ad4a8b2d27bd9d5a5b5c893a88433e9366972794e,/m:mei[1]/m:meiHead[1]/m:manifestationList[1]/m:manifestation[3]/m:relationList[1]/m:relation[2],PASS,PASS
S4-202-0087,202,reserved_purposive,held_item_identity,/catalogue_sources/descriptions/2/held_items,cnw0202.xml,2033e285f12acf277378da6ad4a8b2d27bd9d5a5b5c893a88433e9366972794e,,PASS,PASS
S4-202-0088,202,reserved_purposive,source_identity,/catalogue_sources/descriptions/3,cnw0202.xml,2033e285f12acf277378da6ad4a8b2d27bd9d5a5b5c893a88433e9366972794e,/m:mei[1]/m:meiHead[1]/m:manifestationList[1]/m:manifestation[4],PASS,PASS
S4-202-0089,202,reserved_purposive,source_identifiers,/catalogue_sources/descriptions/3/identifiers,cnw0202.xml,2033e285f12acf277378da6ad4a8b2d27bd9d5a5b5c893a88433e9366972794e,,PASS,PASS
S4-202-0090,202,reserved_purposive,source_titles,/catalogue_sources/descriptions/3/titles,cnw0202.xml,2033e285f12acf277378da6ad4a8b2d27bd9d5a5b5c893a88433e9366972794e,,PASS,PASS
S4-202-0091,202,reserved_purposive,source_titles,/catalogue_sources/descriptions/3/titles/0,cnw0202.xml,2033e285f12acf277378da6ad4a8b2d27bd9d5a5b5c893a88433e9366972794e,/m:mei[1]/m:meiHead[1]/m:manifestationList[1]/m:manifestation[4]/m:titleStmt[1]/m:title[1],PASS,PASS
S4-202-0092,202,reserved_purposive,source_classification_terms,/catalogue_sources/descriptions/3/classification_terms,cnw0202.xml,2033e285f12acf277378da6ad4a8b2d27bd9d5a5b5c893a88433e9366972794e,,PASS,PASS
S4-202-0093,202,reserved_purposive,source_classification_terms,/catalogue_sources/descriptions/3/classification_terms/0,cnw0202.xml,2033e285f12acf277378da6ad4a8b2d27bd9d5a5b5c893a88433e9366972794e,/m:mei[1]/m:meiHead[1]/m:manifestationList[1]/m:manifestation[4]/m:classification[1]/m:termList[1]/m:term[1],PASS,PASS
S4-202-0094,202,reserved_purposive,source_classification_terms,/catalogue_sources/descriptions/3/classification_terms/1,cnw0202.xml,2033e285f12acf277378da6ad4a8b2d27bd9d5a5b5c893a88433e9366972794e,/m:mei[1]/m:meiHead[1]/m:manifestationList[1]/m:manifestation[4]/m:classification[1]/m:termList[1]/m:term[2],PASS,PASS
S4-202-0095,202,reserved_purposive,source_classification_terms,/catalogue_sources/descriptions/3/classification_terms/2,cnw0202.xml,2033e285f12acf277378da6ad4a8b2d27bd9d5a5b5c893a88433e9366972794e,/m:mei[1]/m:meiHead[1]/m:manifestationList[1]/m:manifestation[4]/m:classification[1]/m:termList[1]/m:term[3],PASS,PASS
S4-202-0096,202,reserved_purposive,source_classification_terms,/catalogue_sources/descriptions/3/classification_terms/3,cnw0202.xml,2033e285f12acf277378da6ad4a8b2d27bd9d5a5b5c893a88433e9366972794e,/m:mei[1]/m:meiHead[1]/m:manifestationList[1]/m:manifestation[4]/m:classification[1]/m:termList[1]/m:term[4],PASS,PASS
S4-202-0097,202,reserved_purposive,source_classification_terms,/catalogue_sources/descriptions/3/classification_terms/4,cnw0202.xml,2033e285f12acf277378da6ad4a8b2d27bd9d5a5b5c893a88433e9366972794e,/m:mei[1]/m:meiHead[1]/m:manifestationList[1]/m:manifestation[4]/m:classification[1]/m:termList[1]/m:term[5],PASS,PASS
S4-202-0098,202,reserved_purposive,source_classification_terms,/catalogue_sources/descriptions/3/classification_terms/5,cnw0202.xml,2033e285f12acf277378da6ad4a8b2d27bd9d5a5b5c893a88433e9366972794e,/m:mei[1]/m:meiHead[1]/m:manifestationList[1]/m:manifestation[4]/m:classification[1]/m:termList[1]/m:term[6],PASS,PASS
S4-202-0099,202,reserved_purposive,source_publication,/catalogue_sources/descriptions/3/publication,cnw0202.xml,2033e285f12acf277378da6ad4a8b2d27bd9d5a5b5c893a88433e9366972794e,,PASS,PASS
S4-202-0100,202,reserved_purposive,source_publication,/catalogue_sources/descriptions/3/publication/0,cnw0202.xml,2033e285f12acf277378da6ad4a8b2d27bd9d5a5b5c893a88433e9366972794e,/m:mei[1]/m:meiHead[1]/m:manifestationList[1]/m:manifestation[4]/m:pubStmt[1]/m:publisher[1],PASS,PASS
S4-202-0101,202,reserved_purposive,source_publication,/catalogue_sources/descriptions/3/publication/1,cnw0202.xml,2033e285f12acf277378da6ad4a8b2d27bd9d5a5b5c893a88433e9366972794e,/m:mei[1]/m:meiHead[1]/m:manifestationList[1]/m:manifestation[4]/m:pubStmt[1]/m:pubPlace[1],PASS,PASS
S4-202-0102,202,reserved_purposive,source_publication,/catalogue_sources/descriptions/3/publication/2,cnw0202.xml,2033e285f12acf277378da6ad4a8b2d27bd9d5a5b5c893a88433e9366972794e,/m:mei[1]/m:meiHead[1]/m:manifestationList[1]/m:manifestation[4]/m:pubStmt[1]/m:date[1],PASS,PASS
S4-202-0103,202,reserved_purposive,source_physical_description,/catalogue_sources/descriptions/3/physical_description,cnw0202.xml,2033e285f12acf277378da6ad4a8b2d27bd9d5a5b5c893a88433e9366972794e,,PASS,PASS
S4-202-0104,202,reserved_purposive,source_physical_description,/catalogue_sources/descriptions/3/physical_description/0,cnw0202.xml,2033e285f12acf277378da6ad4a8b2d27bd9d5a5b5c893a88433e9366972794e,/m:mei[1]/m:meiHead[1]/m:manifestationList[1]/m:manifestation[4]/m:physDesc[1]/m:titlePage[1],PASS,PASS
S4-202-0105,202,reserved_purposive,source_physical_description,/catalogue_sources/descriptions/3/physical_description/1,cnw0202.xml,2033e285f12acf277378da6ad4a8b2d27bd9d5a5b5c893a88433e9366972794e,/m:mei[1]/m:meiHead[1]/m:manifestationList[1]/m:manifestation[4]/m:physDesc[1]/m:titlePage[2],PASS,PASS
S4-202-0106,202,reserved_purposive,source_notes,/catalogue_sources/descriptions/3/notes,cnw0202.xml,2033e285f12acf277378da6ad4a8b2d27bd9d5a5b5c893a88433e9366972794e,,PASS,PASS
S4-202-0107,202,reserved_purposive,source_links,/catalogue_sources/descriptions/3/links,cnw0202.xml,2033e285f12acf277378da6ad4a8b2d27bd9d5a5b5c893a88433e9366972794e,,PASS,PASS
S4-202-0108,202,reserved_purposive,source_relation,/catalogue_sources/descriptions/3/relations,cnw0202.xml,2033e285f12acf277378da6ad4a8b2d27bd9d5a5b5c893a88433e9366972794e,,PASS,PASS
S4-202-0109,202,reserved_purposive,source_relation,/catalogue_sources/descriptions/3/relations/0,cnw0202.xml,2033e285f12acf277378da6ad4a8b2d27bd9d5a5b5c893a88433e9366972794e,/m:mei[1]/m:meiHead[1]/m:manifestationList[1]/m:manifestation[4]/m:relationList[1]/m:relation[1],PASS,PASS
S4-202-0110,202,reserved_purposive,source_relation,/catalogue_sources/descriptions/3/relations/1,cnw0202.xml,2033e285f12acf277378da6ad4a8b2d27bd9d5a5b5c893a88433e9366972794e,/m:mei[1]/m:meiHead[1]/m:manifestationList[1]/m:manifestation[4]/m:relationList[1]/m:relation[2],PASS,PASS
S4-202-0111,202,reserved_purposive,held_item_identity,/catalogue_sources/descriptions/3/held_items,cnw0202.xml,2033e285f12acf277378da6ad4a8b2d27bd9d5a5b5c893a88433e9366972794e,,PASS,PASS
S4-202-0112,202,reserved_purposive,source_identity,/catalogue_sources/descriptions/4,cnw0202.xml,2033e285f12acf277378da6ad4a8b2d27bd9d5a5b5c893a88433e9366972794e,/m:mei[1]/m:meiHead[1]/m:manifestationList[1]/m:manifestation[5],PASS,PASS
S4-202-0113,202,reserved_purposive,source_identifiers,/catalogue_sources/descriptions/4/identifiers,cnw0202.xml,2033e285f12acf277378da6ad4a8b2d27bd9d5a5b5c893a88433e9366972794e,,PASS,PASS
S4-202-0114,202,reserved_purposive,source_identifiers,/catalogue_sources/descriptions/4/identifiers/0,cnw0202.xml,2033e285f12acf277378da6ad4a8b2d27bd9d5a5b5c893a88433e9366972794e,/m:mei[1]/m:meiHead[1]/m:manifestationList[1]/m:manifestation[5]/m:identifier[1],PASS,PASS
S4-202-0115,202,reserved_purposive,source_titles,/catalogue_sources/descriptions/4/titles,cnw0202.xml,2033e285f12acf277378da6ad4a8b2d27bd9d5a5b5c893a88433e9366972794e,,PASS,PASS
S4-202-0116,202,reserved_purposive,source_titles,/catalogue_sources/descriptions/4/titles/0,cnw0202.xml,2033e285f12acf277378da6ad4a8b2d27bd9d5a5b5c893a88433e9366972794e,/m:mei[1]/m:meiHead[1]/m:manifestationList[1]/m:manifestation[5]/m:titleStmt[1]/m:title[1],PASS,PASS
S4-202-0117,202,reserved_purposive,source_classification_terms,/catalogue_sources/descriptions/4/classification_terms,cnw0202.xml,2033e285f12acf277378da6ad4a8b2d27bd9d5a5b5c893a88433e9366972794e,,PASS,PASS
S4-202-0118,202,reserved_purposive,source_classification_terms,/catalogue_sources/descriptions/4/classification_terms/0,cnw0202.xml,2033e285f12acf277378da6ad4a8b2d27bd9d5a5b5c893a88433e9366972794e,/m:mei[1]/m:meiHead[1]/m:manifestationList[1]/m:manifestation[5]/m:classification[1]/m:termList[1]/m:term[1],PASS,PASS
S4-202-0119,202,reserved_purposive,source_classification_terms,/catalogue_sources/descriptions/4/classification_terms/1,cnw0202.xml,2033e285f12acf277378da6ad4a8b2d27bd9d5a5b5c893a88433e9366972794e,/m:mei[1]/m:meiHead[1]/m:manifestationList[1]/m:manifestation[5]/m:classification[1]/m:termList[1]/m:term[2],PASS,PASS
S4-202-0120,202,reserved_purposive,source_classification_terms,/catalogue_sources/descriptions/4/classification_terms/2,cnw0202.xml,2033e285f12acf277378da6ad4a8b2d27bd9d5a5b5c893a88433e9366972794e,/m:mei[1]/m:meiHead[1]/m:manifestationList[1]/m:manifestation[5]/m:classification[1]/m:termList[1]/m:term[3],PASS,PASS
S4-202-0121,202,reserved_purposive,source_classification_terms,/catalogue_sources/descriptions/4/classification_terms/3,cnw0202.xml,2033e285f12acf277378da6ad4a8b2d27bd9d5a5b5c893a88433e9366972794e,/m:mei[1]/m:meiHead[1]/m:manifestationList[1]/m:manifestation[5]/m:classification[1]/m:termList[1]/m:term[4],PASS,PASS
S4-202-0122,202,reserved_purposive,source_classification_terms,/catalogue_sources/descriptions/4/classification_terms/4,cnw0202.xml,2033e285f12acf277378da6ad4a8b2d27bd9d5a5b5c893a88433e9366972794e,/m:mei[1]/m:meiHead[1]/m:manifestationList[1]/m:manifestation[5]/m:classification[1]/m:termList[1]/m:term[5],PASS,PASS
S4-202-0123,202,reserved_purposive,source_classification_terms,/catalogue_sources/descriptions/4/classification_terms/5,cnw0202.xml,2033e285f12acf277378da6ad4a8b2d27bd9d5a5b5c893a88433e9366972794e,/m:mei[1]/m:meiHead[1]/m:manifestationList[1]/m:manifestation[5]/m:classification[1]/m:termList[1]/m:term[6],PASS,PASS
S4-202-0124,202,reserved_purposive,source_publication,/catalogue_sources/descriptions/4/publication,cnw0202.xml,2033e285f12acf277378da6ad4a8b2d27bd9d5a5b5c893a88433e9366972794e,,PASS,PASS
S4-202-0125,202,reserved_purposive,source_publication,/catalogue_sources/descriptions/4/publication/0,cnw0202.xml,2033e285f12acf277378da6ad4a8b2d27bd9d5a5b5c893a88433e9366972794e,/m:mei[1]/m:meiHead[1]/m:manifestationList[1]/m:manifestation[5]/m:pubStmt[1]/m:pubPlace[1],PASS,PASS
S4-202-0126,202,reserved_purposive,source_publication,/catalogue_sources/descriptions/4/publication/1,cnw0202.xml,2033e285f12acf277378da6ad4a8b2d27bd9d5a5b5c893a88433e9366972794e,/m:mei[1]/m:meiHead[1]/m:manifestationList[1]/m:manifestation[5]/m:pubStmt[1]/m:date[1],PASS,PASS
S4-202-0127,202,reserved_purposive,source_physical_description,/catalogue_sources/descriptions/4/physical_description,cnw0202.xml,2033e285f12acf277378da6ad4a8b2d27bd9d5a5b5c893a88433e9366972794e,,PASS,PASS
S4-202-0128,202,reserved_purposive,source_physical_description,/catalogue_sources/descriptions/4/physical_description/0,cnw0202.xml,2033e285f12acf277378da6ad4a8b2d27bd9d5a5b5c893a88433e9366972794e,/m:mei[1]/m:meiHead[1]/m:manifestationList[1]/m:manifestation[5]/m:physDesc[1]/m:titlePage[1],PASS,PASS
S4-202-0129,202,reserved_purposive,source_notes,/catalogue_sources/descriptions/4/notes,cnw0202.xml,2033e285f12acf277378da6ad4a8b2d27bd9d5a5b5c893a88433e9366972794e,,PASS,PASS
S4-202-0130,202,reserved_purposive,source_links,/catalogue_sources/descriptions/4/links,cnw0202.xml,2033e285f12acf277378da6ad4a8b2d27bd9d5a5b5c893a88433e9366972794e,,PASS,PASS
S4-202-0131,202,reserved_purposive,source_relation,/catalogue_sources/descriptions/4/relations,cnw0202.xml,2033e285f12acf277378da6ad4a8b2d27bd9d5a5b5c893a88433e9366972794e,,PASS,PASS
S4-202-0132,202,reserved_purposive,source_relation,/catalogue_sources/descriptions/4/relations/0,cnw0202.xml,2033e285f12acf277378da6ad4a8b2d27bd9d5a5b5c893a88433e9366972794e,/m:mei[1]/m:meiHead[1]/m:manifestationList[1]/m:manifestation[5]/m:relationList[1]/m:relation[1],PASS,PASS
S4-202-0133,202,reserved_purposive,held_item_identity,/catalogue_sources/descriptions/4/held_items,cnw0202.xml,2033e285f12acf277378da6ad4a8b2d27bd9d5a5b5c893a88433e9366972794e,,PASS,PASS
S4-202-0134,202,reserved_purposive,source_identity,/catalogue_sources/descriptions/5,cnw0202.xml,2033e285f12acf277378da6ad4a8b2d27bd9d5a5b5c893a88433e9366972794e,/m:mei[1]/m:meiHead[1]/m:manifestationList[1]/m:manifestation[6],PASS,PASS
S4-202-0135,202,reserved_purposive,source_identifiers,/catalogue_sources/descriptions/5/identifiers,cnw0202.xml,2033e285f12acf277378da6ad4a8b2d27bd9d5a5b5c893a88433e9366972794e,,PASS,PASS
S4-202-0136,202,reserved_purposive,source_identifiers,/catalogue_sources/descriptions/5/identifiers/0,cnw0202.xml,2033e285f12acf277378da6ad4a8b2d27bd9d5a5b5c893a88433e9366972794e,/m:mei[1]/m:meiHead[1]/m:manifestationList[1]/m:manifestation[6]/m:identifier[1],PASS,PASS
S4-202-0137,202,reserved_purposive,source_titles,/catalogue_sources/descriptions/5/titles,cnw0202.xml,2033e285f12acf277378da6ad4a8b2d27bd9d5a5b5c893a88433e9366972794e,,PASS,PASS
S4-202-0138,202,reserved_purposive,source_titles,/catalogue_sources/descriptions/5/titles/0,cnw0202.xml,2033e285f12acf277378da6ad4a8b2d27bd9d5a5b5c893a88433e9366972794e,/m:mei[1]/m:meiHead[1]/m:manifestationList[1]/m:manifestation[6]/m:titleStmt[1]/m:title[1],PASS,PASS
S4-202-0139,202,reserved_purposive,source_classification_terms,/catalogue_sources/descriptions/5/classification_terms,cnw0202.xml,2033e285f12acf277378da6ad4a8b2d27bd9d5a5b5c893a88433e9366972794e,,PASS,PASS
S4-202-0140,202,reserved_purposive,source_classification_terms,/catalogue_sources/descriptions/5/classification_terms/0,cnw0202.xml,2033e285f12acf277378da6ad4a8b2d27bd9d5a5b5c893a88433e9366972794e,/m:mei[1]/m:meiHead[1]/m:manifestationList[1]/m:manifestation[6]/m:classification[1]/m:termList[1]/m:term[1],PASS,PASS
S4-202-0141,202,reserved_purposive,source_classification_terms,/catalogue_sources/descriptions/5/classification_terms/1,cnw0202.xml,2033e285f12acf277378da6ad4a8b2d27bd9d5a5b5c893a88433e9366972794e,/m:mei[1]/m:meiHead[1]/m:manifestationList[1]/m:manifestation[6]/m:classification[1]/m:termList[1]/m:term[2],PASS,PASS
S4-202-0142,202,reserved_purposive,source_classification_terms,/catalogue_sources/descriptions/5/classification_terms/2,cnw0202.xml,2033e285f12acf277378da6ad4a8b2d27bd9d5a5b5c893a88433e9366972794e,/m:mei[1]/m:meiHead[1]/m:manifestationList[1]/m:manifestation[6]/m:classification[1]/m:termList[1]/m:term[3],PASS,PASS
S4-202-0143,202,reserved_purposive,source_classification_terms,/catalogue_sources/descriptions/5/classification_terms/3,cnw0202.xml,2033e285f12acf277378da6ad4a8b2d27bd9d5a5b5c893a88433e9366972794e,/m:mei[1]/m:meiHead[1]/m:manifestationList[1]/m:manifestation[6]/m:classification[1]/m:termList[1]/m:term[4],PASS,PASS
S4-202-0144,202,reserved_purposive,source_classification_terms,/catalogue_sources/descriptions/5/classification_terms/4,cnw0202.xml,2033e285f12acf277378da6ad4a8b2d27bd9d5a5b5c893a88433e9366972794e,/m:mei[1]/m:meiHead[1]/m:manifestationList[1]/m:manifestation[6]/m:classification[1]/m:termList[1]/m:term[5],PASS,PASS
S4-202-0145,202,reserved_purposive,source_classification_terms,/catalogue_sources/descriptions/5/classification_terms/5,cnw0202.xml,2033e285f12acf277378da6ad4a8b2d27bd9d5a5b5c893a88433e9366972794e,/m:mei[1]/m:meiHead[1]/m:manifestationList[1]/m:manifestation[6]/m:classification[1]/m:termList[1]/m:term[6],PASS,PASS
S4-202-0146,202,reserved_purposive,source_publication,/catalogue_sources/descriptions/5/publication,cnw0202.xml,2033e285f12acf277378da6ad4a8b2d27bd9d5a5b5c893a88433e9366972794e,,PASS,PASS
S4-202-0147,202,reserved_purposive,source_publication,/catalogue_sources/descriptions/5/publication/0,cnw0202.xml,2033e285f12acf277378da6ad4a8b2d27bd9d5a5b5c893a88433e9366972794e,/m:mei[1]/m:meiHead[1]/m:manifestationList[1]/m:manifestation[6]/m:pubStmt[1]/m:publisher[1],PASS,PASS
S4-202-0148,202,reserved_purposive,source_publication,/catalogue_sources/descriptions/5/publication/1,cnw0202.xml,2033e285f12acf277378da6ad4a8b2d27bd9d5a5b5c893a88433e9366972794e,/m:mei[1]/m:meiHead[1]/m:manifestationList[1]/m:manifestation[6]/m:pubStmt[1]/m:pubPlace[1],PASS,PASS
S4-202-0149,202,reserved_purposive,source_publication,/catalogue_sources/descriptions/5/publication/2,cnw0202.xml,2033e285f12acf277378da6ad4a8b2d27bd9d5a5b5c893a88433e9366972794e,/m:mei[1]/m:meiHead[1]/m:manifestationList[1]/m:manifestation[6]/m:pubStmt[1]/m:date[1],PASS,PASS
S4-202-0150,202,reserved_purposive,source_physical_description,/catalogue_sources/descriptions/5/physical_description,cnw0202.xml,2033e285f12acf277378da6ad4a8b2d27bd9d5a5b5c893a88433e9366972794e,,PASS,PASS
S4-202-0151,202,reserved_purposive,source_physical_description,/catalogue_sources/descriptions/5/physical_description/0,cnw0202.xml,2033e285f12acf277378da6ad4a8b2d27bd9d5a5b5c893a88433e9366972794e,/m:mei[1]/m:meiHead[1]/m:manifestationList[1]/m:manifestation[6]/m:physDesc[1]/m:titlePage[1],PASS,PASS
S4-202-0152,202,reserved_purposive,source_notes,/catalogue_sources/descriptions/5/notes,cnw0202.xml,2033e285f12acf277378da6ad4a8b2d27bd9d5a5b5c893a88433e9366972794e,,PASS,PASS
S4-202-0153,202,reserved_purposive,source_links,/catalogue_sources/descriptions/5/links,cnw0202.xml,2033e285f12acf277378da6ad4a8b2d27bd9d5a5b5c893a88433e9366972794e,,PASS,PASS
S4-202-0154,202,reserved_purposive,source_relation,/catalogue_sources/descriptions/5/relations,cnw0202.xml,2033e285f12acf277378da6ad4a8b2d27bd9d5a5b5c893a88433e9366972794e,,PASS,PASS
S4-202-0155,202,reserved_purposive,source_relation,/catalogue_sources/descriptions/5/relations/0,cnw0202.xml,2033e285f12acf277378da6ad4a8b2d27bd9d5a5b5c893a88433e9366972794e,/m:mei[1]/m:meiHead[1]/m:manifestationList[1]/m:manifestation[6]/m:relationList[1]/m:relation[1],PASS,PASS
S4-202-0156,202,reserved_purposive,held_item_identity,/catalogue_sources/descriptions/5/held_items,cnw0202.xml,2033e285f12acf277378da6ad4a8b2d27bd9d5a5b5c893a88433e9366972794e,,PASS,PASS
S4-202-0157,202,reserved_purposive,source_identity,/catalogue_sources/descriptions/6,cnw0202.xml,2033e285f12acf277378da6ad4a8b2d27bd9d5a5b5c893a88433e9366972794e,/m:mei[1]/m:meiHead[1]/m:manifestationList[1]/m:manifestation[7],PASS,PASS
S4-202-0158,202,reserved_purposive,source_identifiers,/catalogue_sources/descriptions/6/identifiers,cnw0202.xml,2033e285f12acf277378da6ad4a8b2d27bd9d5a5b5c893a88433e9366972794e,,PASS,PASS
S4-202-0159,202,reserved_purposive,source_identifiers,/catalogue_sources/descriptions/6/identifiers/0,cnw0202.xml,2033e285f12acf277378da6ad4a8b2d27bd9d5a5b5c893a88433e9366972794e,/m:mei[1]/m:meiHead[1]/m:manifestationList[1]/m:manifestation[7]/m:identifier[1],PASS,PASS
S4-202-0160,202,reserved_purposive,source_titles,/catalogue_sources/descriptions/6/titles,cnw0202.xml,2033e285f12acf277378da6ad4a8b2d27bd9d5a5b5c893a88433e9366972794e,,PASS,PASS
S4-202-0161,202,reserved_purposive,source_titles,/catalogue_sources/descriptions/6/titles/0,cnw0202.xml,2033e285f12acf277378da6ad4a8b2d27bd9d5a5b5c893a88433e9366972794e,/m:mei[1]/m:meiHead[1]/m:manifestationList[1]/m:manifestation[7]/m:titleStmt[1]/m:title[1],PASS,PASS
S4-202-0162,202,reserved_purposive,source_classification_terms,/catalogue_sources/descriptions/6/classification_terms,cnw0202.xml,2033e285f12acf277378da6ad4a8b2d27bd9d5a5b5c893a88433e9366972794e,,PASS,PASS
S4-202-0163,202,reserved_purposive,source_classification_terms,/catalogue_sources/descriptions/6/classification_terms/0,cnw0202.xml,2033e285f12acf277378da6ad4a8b2d27bd9d5a5b5c893a88433e9366972794e,/m:mei[1]/m:meiHead[1]/m:manifestationList[1]/m:manifestation[7]/m:classification[1]/m:termList[1]/m:term[1],PASS,PASS
S4-202-0164,202,reserved_purposive,source_classification_terms,/catalogue_sources/descriptions/6/classification_terms/1,cnw0202.xml,2033e285f12acf277378da6ad4a8b2d27bd9d5a5b5c893a88433e9366972794e,/m:mei[1]/m:meiHead[1]/m:manifestationList[1]/m:manifestation[7]/m:classification[1]/m:termList[1]/m:term[2],PASS,PASS
S4-202-0165,202,reserved_purposive,source_classification_terms,/catalogue_sources/descriptions/6/classification_terms/2,cnw0202.xml,2033e285f12acf277378da6ad4a8b2d27bd9d5a5b5c893a88433e9366972794e,/m:mei[1]/m:meiHead[1]/m:manifestationList[1]/m:manifestation[7]/m:classification[1]/m:termList[1]/m:term[3],PASS,PASS
S4-202-0166,202,reserved_purposive,source_classification_terms,/catalogue_sources/descriptions/6/classification_terms/3,cnw0202.xml,2033e285f12acf277378da6ad4a8b2d27bd9d5a5b5c893a88433e9366972794e,/m:mei[1]/m:meiHead[1]/m:manifestationList[1]/m:manifestation[7]/m:classification[1]/m:termList[1]/m:term[4],PASS,PASS
S4-202-0167,202,reserved_purposive,source_classification_terms,/catalogue_sources/descriptions/6/classification_terms/4,cnw0202.xml,2033e285f12acf277378da6ad4a8b2d27bd9d5a5b5c893a88433e9366972794e,/m:mei[1]/m:meiHead[1]/m:manifestationList[1]/m:manifestation[7]/m:classification[1]/m:termList[1]/m:term[5],PASS,PASS
S4-202-0168,202,reserved_purposive,source_classification_terms,/catalogue_sources/descriptions/6/classification_terms/5,cnw0202.xml,2033e285f12acf277378da6ad4a8b2d27bd9d5a5b5c893a88433e9366972794e,/m:mei[1]/m:meiHead[1]/m:manifestationList[1]/m:manifestation[7]/m:classification[1]/m:termList[1]/m:term[6],PASS,PASS
S4-202-0169,202,reserved_purposive,source_publication,/catalogue_sources/descriptions/6/publication,cnw0202.xml,2033e285f12acf277378da6ad4a8b2d27bd9d5a5b5c893a88433e9366972794e,,PASS,PASS
S4-202-0170,202,reserved_purposive,source_publication,/catalogue_sources/descriptions/6/publication/0,cnw0202.xml,2033e285f12acf277378da6ad4a8b2d27bd9d5a5b5c893a88433e9366972794e,/m:mei[1]/m:meiHead[1]/m:manifestationList[1]/m:manifestation[7]/m:pubStmt[1]/m:pubPlace[1],PASS,PASS
S4-202-0171,202,reserved_purposive,source_publication,/catalogue_sources/descriptions/6/publication/1,cnw0202.xml,2033e285f12acf277378da6ad4a8b2d27bd9d5a5b5c893a88433e9366972794e,/m:mei[1]/m:meiHead[1]/m:manifestationList[1]/m:manifestation[7]/m:pubStmt[1]/m:date[1],PASS,PASS
S4-202-0172,202,reserved_purposive,source_physical_description,/catalogue_sources/descriptions/6/physical_description,cnw0202.xml,2033e285f12acf277378da6ad4a8b2d27bd9d5a5b5c893a88433e9366972794e,,PASS,PASS
S4-202-0173,202,reserved_purposive,source_physical_description,/catalogue_sources/descriptions/6/physical_description/0,cnw0202.xml,2033e285f12acf277378da6ad4a8b2d27bd9d5a5b5c893a88433e9366972794e,/m:mei[1]/m:meiHead[1]/m:manifestationList[1]/m:manifestation[7]/m:physDesc[1]/m:titlePage[1],PASS,PASS
S4-202-0174,202,reserved_purposive,source_notes,/catalogue_sources/descriptions/6/notes,cnw0202.xml,2033e285f12acf277378da6ad4a8b2d27bd9d5a5b5c893a88433e9366972794e,,PASS,PASS
S4-202-0175,202,reserved_purposive,source_links,/catalogue_sources/descriptions/6/links,cnw0202.xml,2033e285f12acf277378da6ad4a8b2d27bd9d5a5b5c893a88433e9366972794e,,PASS,PASS
S4-202-0176,202,reserved_purposive,source_relation,/catalogue_sources/descriptions/6/relations,cnw0202.xml,2033e285f12acf277378da6ad4a8b2d27bd9d5a5b5c893a88433e9366972794e,,PASS,PASS
S4-202-0177,202,reserved_purposive,source_relation,/catalogue_sources/descriptions/6/relations/0,cnw0202.xml,2033e285f12acf277378da6ad4a8b2d27bd9d5a5b5c893a88433e9366972794e,/m:mei[1]/m:meiHead[1]/m:manifestationList[1]/m:manifestation[7]/m:relationList[1]/m:relation[1],PASS,PASS
S4-202-0178,202,reserved_purposive,held_item_identity,/catalogue_sources/descriptions/6/held_items,cnw0202.xml,2033e285f12acf277378da6ad4a8b2d27bd9d5a5b5c893a88433e9366972794e,,PASS,PASS
S4-277-0001,277,development_regression,work_display,/title,cnw0277.xml,e47af881a96e9d981c287c0660030da8bb173bdbd0e162b8efee7b8c5cb1ce2a,,PASS,PASS
S4-277-0002,277,development_regression,work_display,/display_title_policy,cnw0277.xml,e47af881a96e9d981c287c0660030da8bb173bdbd0e162b8efee7b8c5cb1ce2a,,PASS,PASS
S4-277-0003,277,development_regression,work_classification,/genre,cnw0277.xml,e47af881a96e9d981c287c0660030da8bb173bdbd0e162b8efee7b8c5cb1ce2a,,PASS,PASS
S4-277-0004,277,development_regression,work_title,/titles,cnw0277.xml,e47af881a96e9d981c287c0660030da8bb173bdbd0e162b8efee7b8c5cb1ce2a,,PASS,PASS
S4-277-0005,277,development_regression,work_title,/titles/0,cnw0277.xml,e47af881a96e9d981c287c0660030da8bb173bdbd0e162b8efee7b8c5cb1ce2a,/m:mei[1]/m:meiHead[1]/m:workList[1]/m:work[1]/m:title[1],PASS,PASS
S4-277-0006,277,development_regression,work_title,/titles/1,cnw0277.xml,e47af881a96e9d981c287c0660030da8bb173bdbd0e162b8efee7b8c5cb1ce2a,/m:mei[1]/m:meiHead[1]/m:workList[1]/m:work[1]/m:title[2],PASS,PASS
S4-277-0007,277,development_regression,work_title,/titles/2,cnw0277.xml,e47af881a96e9d981c287c0660030da8bb173bdbd0e162b8efee7b8c5cb1ce2a,/m:mei[1]/m:meiHead[1]/m:workList[1]/m:work[1]/m:title[3],PASS,PASS
S4-277-0008,277,development_regression,work_title,/titles/3,cnw0277.xml,e47af881a96e9d981c287c0660030da8bb173bdbd0e162b8efee7b8c5cb1ce2a,/m:mei[1]/m:meiHead[1]/m:workList[1]/m:work[1]/m:title[4],PASS,PASS
S4-277-0009,277,development_regression,work_title,/titles/4,cnw0277.xml,e47af881a96e9d981c287c0660030da8bb173bdbd0e162b8efee7b8c5cb1ce2a,/m:mei[1]/m:meiHead[1]/m:workList[1]/m:work[1]/m:title[5],PASS,PASS
S4-277-0010,277,development_regression,work_classification,/classification_terms,cnw0277.xml,e47af881a96e9d981c287c0660030da8bb173bdbd0e162b8efee7b8c5cb1ce2a,,PASS,PASS
S4-277-0011,277,development_regression,work_classification,/classification_terms/0,cnw0277.xml,e47af881a96e9d981c287c0660030da8bb173bdbd0e162b8efee7b8c5cb1ce2a,/m:mei[1]/m:meiHead[1]/m:workList[1]/m:work[1]/m:classification[1]/m:termList[1]/m:term[1],PASS,PASS
S4-277-0012,277,development_regression,work_classification,/classification_terms/1,cnw0277.xml,e47af881a96e9d981c287c0660030da8bb173bdbd0e162b8efee7b8c5cb1ce2a,/m:mei[1]/m:meiHead[1]/m:workList[1]/m:work[1]/m:classification[1]/m:termList[1]/m:term[2],PASS,PASS
S4-277-0013,277,development_regression,document_identity,/catalogue_sources/document,cnw0277.xml,e47af881a96e9d981c287c0660030da8bb173bdbd0e162b8efee7b8c5cb1ce2a,,PASS,PASS
S4-277-0014,277,development_regression,projection_state,/catalogue_sources/projection,cnw0277.xml,e47af881a96e9d981c287c0660030da8bb173bdbd0e162b8efee7b8c5cb1ce2a,,PASS,PASS
S4-277-0015,277,development_regression,source_identity,/catalogue_sources/descriptions,cnw0277.xml,e47af881a96e9d981c287c0660030da8bb173bdbd0e162b8efee7b8c5cb1ce2a,,PASS,PASS
S4-277-0016,277,development_regression,source_identity,/catalogue_sources/descriptions/0,cnw0277.xml,e47af881a96e9d981c287c0660030da8bb173bdbd0e162b8efee7b8c5cb1ce2a,/m:mei[1]/m:meiHead[1]/m:manifestationList[1]/m:manifestation[1],PASS,PASS
S4-277-0017,277,development_regression,source_identifiers,/catalogue_sources/descriptions/0/identifiers,cnw0277.xml,e47af881a96e9d981c287c0660030da8bb173bdbd0e162b8efee7b8c5cb1ce2a,,PASS,PASS
S4-277-0018,277,development_regression,source_titles,/catalogue_sources/descriptions/0/titles,cnw0277.xml,e47af881a96e9d981c287c0660030da8bb173bdbd0e162b8efee7b8c5cb1ce2a,,PASS,PASS
S4-277-0019,277,development_regression,source_titles,/catalogue_sources/descriptions/0/titles/0,cnw0277.xml,e47af881a96e9d981c287c0660030da8bb173bdbd0e162b8efee7b8c5cb1ce2a,/m:mei[1]/m:meiHead[1]/m:manifestationList[1]/m:manifestation[1]/m:titleStmt[1]/m:title[1],PASS,PASS
S4-277-0020,277,development_regression,source_classification_terms,/catalogue_sources/descriptions/0/classification_terms,cnw0277.xml,e47af881a96e9d981c287c0660030da8bb173bdbd0e162b8efee7b8c5cb1ce2a,,PASS,PASS
S4-277-0021,277,development_regression,source_classification_terms,/catalogue_sources/descriptions/0/classification_terms/0,cnw0277.xml,e47af881a96e9d981c287c0660030da8bb173bdbd0e162b8efee7b8c5cb1ce2a,/m:mei[1]/m:meiHead[1]/m:manifestationList[1]/m:manifestation[1]/m:classification[1]/m:termList[1]/m:term[1],PASS,PASS
S4-277-0022,277,development_regression,source_classification_terms,/catalogue_sources/descriptions/0/classification_terms/1,cnw0277.xml,e47af881a96e9d981c287c0660030da8bb173bdbd0e162b8efee7b8c5cb1ce2a,/m:mei[1]/m:meiHead[1]/m:manifestationList[1]/m:manifestation[1]/m:classification[1]/m:termList[1]/m:term[2],PASS,PASS
S4-277-0023,277,development_regression,source_classification_terms,/catalogue_sources/descriptions/0/classification_terms/2,cnw0277.xml,e47af881a96e9d981c287c0660030da8bb173bdbd0e162b8efee7b8c5cb1ce2a,/m:mei[1]/m:meiHead[1]/m:manifestationList[1]/m:manifestation[1]/m:classification[1]/m:termList[1]/m:term[3],PASS,PASS
S4-277-0024,277,development_regression,source_classification_terms,/catalogue_sources/descriptions/0/classification_terms/3,cnw0277.xml,e47af881a96e9d981c287c0660030da8bb173bdbd0e162b8efee7b8c5cb1ce2a,/m:mei[1]/m:meiHead[1]/m:manifestationList[1]/m:manifestation[1]/m:classification[1]/m:termList[1]/m:term[4],PASS,PASS
S4-277-0025,277,development_regression,source_classification_terms,/catalogue_sources/descriptions/0/classification_terms/4,cnw0277.xml,e47af881a96e9d981c287c0660030da8bb173bdbd0e162b8efee7b8c5cb1ce2a,/m:mei[1]/m:meiHead[1]/m:manifestationList[1]/m:manifestation[1]/m:classification[1]/m:termList[1]/m:term[5],PASS,PASS
S4-277-0026,277,development_regression,source_classification_terms,/catalogue_sources/descriptions/0/classification_terms/5,cnw0277.xml,e47af881a96e9d981c287c0660030da8bb173bdbd0e162b8efee7b8c5cb1ce2a,/m:mei[1]/m:meiHead[1]/m:manifestationList[1]/m:manifestation[1]/m:classification[1]/m:termList[1]/m:term[6],PASS,PASS
S4-277-0027,277,development_regression,source_publication,/catalogue_sources/descriptions/0/publication,cnw0277.xml,e47af881a96e9d981c287c0660030da8bb173bdbd0e162b8efee7b8c5cb1ce2a,,PASS,PASS
S4-277-0028,277,development_regression,source_physical_description,/catalogue_sources/descriptions/0/physical_description,cnw0277.xml,e47af881a96e9d981c287c0660030da8bb173bdbd0e162b8efee7b8c5cb1ce2a,,PASS,PASS
S4-277-0029,277,development_regression,source_notes,/catalogue_sources/descriptions/0/notes,cnw0277.xml,e47af881a96e9d981c287c0660030da8bb173bdbd0e162b8efee7b8c5cb1ce2a,,PASS,PASS
S4-277-0030,277,development_regression,source_links,/catalogue_sources/descriptions/0/links,cnw0277.xml,e47af881a96e9d981c287c0660030da8bb173bdbd0e162b8efee7b8c5cb1ce2a,,PASS,PASS
S4-277-0031,277,development_regression,source_relation,/catalogue_sources/descriptions/0/relations,cnw0277.xml,e47af881a96e9d981c287c0660030da8bb173bdbd0e162b8efee7b8c5cb1ce2a,,PASS,PASS
S4-277-0032,277,development_regression,source_relation,/catalogue_sources/descriptions/0/relations/0,cnw0277.xml,e47af881a96e9d981c287c0660030da8bb173bdbd0e162b8efee7b8c5cb1ce2a,/m:mei[1]/m:meiHead[1]/m:manifestationList[1]/m:manifestation[1]/m:relationList[1]/m:relation[1],PASS,PASS
S4-277-0033,277,development_regression,held_item_identity,/catalogue_sources/descriptions/0/held_items,cnw0277.xml,e47af881a96e9d981c287c0660030da8bb173bdbd0e162b8efee7b8c5cb1ce2a,,PASS,PASS
S4-277-0034,277,development_regression,held_item_identity,/catalogue_sources/descriptions/0/held_items/0,cnw0277.xml,e47af881a96e9d981c287c0660030da8bb173bdbd0e162b8efee7b8c5cb1ce2a,/m:mei[1]/m:meiHead[1]/m:manifestationList[1]/m:manifestation[1]/m:itemList[1]/m:item[1],PASS,PASS
S4-277-0035,277,development_regression,held_item_identifiers,/catalogue_sources/descriptions/0/held_items/0/identifiers,cnw0277.xml,e47af881a96e9d981c287c0660030da8bb173bdbd0e162b8efee7b8c5cb1ce2a,,PASS,PASS
S4-277-0036,277,development_regression,held_item_identifiers,/catalogue_sources/descriptions/0/held_items/0/identifiers/0,cnw0277.xml,e47af881a96e9d981c287c0660030da8bb173bdbd0e162b8efee7b8c5cb1ce2a,/m:mei[1]/m:meiHead[1]/m:manifestationList[1]/m:manifestation[1]/m:itemList[1]/m:item[1]/m:identifier[1],PASS,PASS
S4-277-0037,277,development_regression,held_item_physical_locations,/catalogue_sources/descriptions/0/held_items/0/physical_locations,cnw0277.xml,e47af881a96e9d981c287c0660030da8bb173bdbd0e162b8efee7b8c5cb1ce2a,,PASS,PASS
S4-277-0038,277,development_regression,held_item_physical_locations,/catalogue_sources/descriptions/0/held_items/0/physical_locations/0,cnw0277.xml,e47af881a96e9d981c287c0660030da8bb173bdbd0e162b8efee7b8c5cb1ce2a,/m:mei[1]/m:meiHead[1]/m:manifestationList[1]/m:manifestation[1]/m:itemList[1]/m:item[1]/m:physLoc[1],PASS,PASS
S4-277-0039,277,development_regression,held_item_physical_description,/catalogue_sources/descriptions/0/held_items/0/physical_description,cnw0277.xml,e47af881a96e9d981c287c0660030da8bb173bdbd0e162b8efee7b8c5cb1ce2a,,PASS,PASS
S4-277-0040,277,development_regression,held_item_links,/catalogue_sources/descriptions/0/held_items/0/links,cnw0277.xml,e47af881a96e9d981c287c0660030da8bb173bdbd0e162b8efee7b8c5cb1ce2a,,PASS,PASS
S4-277-0041,277,development_regression,source_identity,/catalogue_sources/descriptions/1,cnw0277.xml,e47af881a96e9d981c287c0660030da8bb173bdbd0e162b8efee7b8c5cb1ce2a,/m:mei[1]/m:meiHead[1]/m:manifestationList[1]/m:manifestation[2],PASS,PASS
S4-277-0042,277,development_regression,source_identifiers,/catalogue_sources/descriptions/1/identifiers,cnw0277.xml,e47af881a96e9d981c287c0660030da8bb173bdbd0e162b8efee7b8c5cb1ce2a,,PASS,PASS
S4-277-0043,277,development_regression,source_identifiers,/catalogue_sources/descriptions/1/identifiers/0,cnw0277.xml,e47af881a96e9d981c287c0660030da8bb173bdbd0e162b8efee7b8c5cb1ce2a,/m:mei[1]/m:meiHead[1]/m:manifestationList[1]/m:manifestation[2]/m:identifier[1],PASS,PASS
S4-277-0044,277,development_regression,source_titles,/catalogue_sources/descriptions/1/titles,cnw0277.xml,e47af881a96e9d981c287c0660030da8bb173bdbd0e162b8efee7b8c5cb1ce2a,,PASS,PASS
S4-277-0045,277,development_regression,source_titles,/catalogue_sources/descriptions/1/titles/0,cnw0277.xml,e47af881a96e9d981c287c0660030da8bb173bdbd0e162b8efee7b8c5cb1ce2a,/m:mei[1]/m:meiHead[1]/m:manifestationList[1]/m:manifestation[2]/m:titleStmt[1]/m:title[1],PASS,PASS
S4-277-0046,277,development_regression,source_classification_terms,/catalogue_sources/descriptions/1/classification_terms,cnw0277.xml,e47af881a96e9d981c287c0660030da8bb173bdbd0e162b8efee7b8c5cb1ce2a,,PASS,PASS
S4-277-0047,277,development_regression,source_classification_terms,/catalogue_sources/descriptions/1/classification_terms/0,cnw0277.xml,e47af881a96e9d981c287c0660030da8bb173bdbd0e162b8efee7b8c5cb1ce2a,/m:mei[1]/m:meiHead[1]/m:manifestationList[1]/m:manifestation[2]/m:classification[1]/m:termList[1]/m:term[1],PASS,PASS
S4-277-0048,277,development_regression,source_classification_terms,/catalogue_sources/descriptions/1/classification_terms/1,cnw0277.xml,e47af881a96e9d981c287c0660030da8bb173bdbd0e162b8efee7b8c5cb1ce2a,/m:mei[1]/m:meiHead[1]/m:manifestationList[1]/m:manifestation[2]/m:classification[1]/m:termList[1]/m:term[2],PASS,PASS
S4-277-0049,277,development_regression,source_classification_terms,/catalogue_sources/descriptions/1/classification_terms/2,cnw0277.xml,e47af881a96e9d981c287c0660030da8bb173bdbd0e162b8efee7b8c5cb1ce2a,/m:mei[1]/m:meiHead[1]/m:manifestationList[1]/m:manifestation[2]/m:classification[1]/m:termList[1]/m:term[3],PASS,PASS
S4-277-0050,277,development_regression,source_classification_terms,/catalogue_sources/descriptions/1/classification_terms/3,cnw0277.xml,e47af881a96e9d981c287c0660030da8bb173bdbd0e162b8efee7b8c5cb1ce2a,/m:mei[1]/m:meiHead[1]/m:manifestationList[1]/m:manifestation[2]/m:classification[1]/m:termList[1]/m:term[4],PASS,PASS
S4-277-0051,277,development_regression,source_classification_terms,/catalogue_sources/descriptions/1/classification_terms/4,cnw0277.xml,e47af881a96e9d981c287c0660030da8bb173bdbd0e162b8efee7b8c5cb1ce2a,/m:mei[1]/m:meiHead[1]/m:manifestationList[1]/m:manifestation[2]/m:classification[1]/m:termList[1]/m:term[5],PASS,PASS
S4-277-0052,277,development_regression,source_classification_terms,/catalogue_sources/descriptions/1/classification_terms/5,cnw0277.xml,e47af881a96e9d981c287c0660030da8bb173bdbd0e162b8efee7b8c5cb1ce2a,/m:mei[1]/m:meiHead[1]/m:manifestationList[1]/m:manifestation[2]/m:classification[1]/m:termList[1]/m:term[6],PASS,PASS
S4-277-0053,277,development_regression,source_publication,/catalogue_sources/descriptions/1/publication,cnw0277.xml,e47af881a96e9d981c287c0660030da8bb173bdbd0e162b8efee7b8c5cb1ce2a,,PASS,PASS
S4-277-0054,277,development_regression,source_publication,/catalogue_sources/descriptions/1/publication/0,cnw0277.xml,e47af881a96e9d981c287c0660030da8bb173bdbd0e162b8efee7b8c5cb1ce2a,/m:mei[1]/m:meiHead[1]/m:manifestationList[1]/m:manifestation[2]/m:pubStmt[1]/m:pubPlace[1],PASS,PASS
S4-277-0055,277,development_regression,source_publication,/catalogue_sources/descriptions/1/publication/1,cnw0277.xml,e47af881a96e9d981c287c0660030da8bb173bdbd0e162b8efee7b8c5cb1ce2a,/m:mei[1]/m:meiHead[1]/m:manifestationList[1]/m:manifestation[2]/m:pubStmt[1]/m:date[1],PASS,PASS
S4-277-0056,277,development_regression,source_physical_description,/catalogue_sources/descriptions/1/physical_description,cnw0277.xml,e47af881a96e9d981c287c0660030da8bb173bdbd0e162b8efee7b8c5cb1ce2a,,PASS,PASS
S4-277-0057,277,development_regression,source_notes,/catalogue_sources/descriptions/1/notes,cnw0277.xml,e47af881a96e9d981c287c0660030da8bb173bdbd0e162b8efee7b8c5cb1ce2a,,PASS,PASS
S4-277-0058,277,development_regression,source_notes,/catalogue_sources/descriptions/1/notes/0,cnw0277.xml,e47af881a96e9d981c287c0660030da8bb173bdbd0e162b8efee7b8c5cb1ce2a,/m:mei[1]/m:meiHead[1]/m:manifestationList[1]/m:manifestation[2]/m:notesStmt[1]/m:annot[1],PASS,PASS
S4-277-0059,277,development_regression,source_links,/catalogue_sources/descriptions/1/links,cnw0277.xml,e47af881a96e9d981c287c0660030da8bb173bdbd0e162b8efee7b8c5cb1ce2a,,PASS,PASS
S4-277-0060,277,development_regression,source_relation,/catalogue_sources/descriptions/1/relations,cnw0277.xml,e47af881a96e9d981c287c0660030da8bb173bdbd0e162b8efee7b8c5cb1ce2a,,PASS,PASS
S4-277-0061,277,development_regression,source_relation,/catalogue_sources/descriptions/1/relations/0,cnw0277.xml,e47af881a96e9d981c287c0660030da8bb173bdbd0e162b8efee7b8c5cb1ce2a,/m:mei[1]/m:meiHead[1]/m:manifestationList[1]/m:manifestation[2]/m:relationList[1]/m:relation[1],PASS,PASS
S4-277-0062,277,development_regression,held_item_identity,/catalogue_sources/descriptions/1/held_items,cnw0277.xml,e47af881a96e9d981c287c0660030da8bb173bdbd0e162b8efee7b8c5cb1ce2a,,PASS,PASS
